customerId,itemName,value
1875,Mentos Fruit Flavour,1.0
1875,Sun Prawn Crackers Chips - 20gm,2.0
1875,Hubba Bubba Mega Gum-56gm,1.0
1875,Zess Cheese Cracker-153gm,1.0
1875,RFL Trim Square Container 200ml- Trans,1.0
1875,Nestle KitKat White Chocolate-41.5g,2.0
1875,Maggi Saad -E -Magic S Mix-48g,1.0
1875,KurKure Cream & Onion 37gm,1.0
1875,Sun Chips Garlic & Chili 38g,2.0
1890,Cumin-200gm,1.0
1890,Fresh Soyabean Oil-1Lt.,1.0
1890,Ginger Barmiz-(Kg),0.67
1890,Pabda Fish (Small) (HB),0.68
1890,Parboil (Potol)-kg,1.45
1890,Bashundhara Atta-2kg,2.0
1890,Oreo Original Biscuits- 46.3/50gm,2.0
1890,Pusti Deshi Red Lentils(Mushur Dal) -1Kg,1.0
1890,M & M Gems Chocolate - 45g,1.0
1890,Arla Dano Daily Pushti-500gm,1.0
1890,Potato Deshi New-1kg,3.95
1890,Beef Without Bone Special,1.48
1890,Brinjal (Oval) Big-kg,0.93
1890,Usta(kg),0.52
1890,G H. Chicken Shami Kabab - 250gm,2.0
1890,Beef Bone Full,0.55
1890,Jhinga(kg),0.99
1890,Seylon Family Blend Tea-200g,1.0
1890,Marks FCMP-1Kg(F.Pack),1.0
1890,Sunsilk conditioner Perfect Straight-80m,1.0
1890,Belleame Dry Cake Biscuit-325gm,1.0
1890,Shrimp Fish Bagda,0.74
1890,Vangon Fish(Big),1.53
1890,Akher Sugar -1kg,1.0
1890,Sunshine Muri-500gm,1.0
1890,Milk Vita Liquid Milk-1Ltr,4.0
1890,Tatkini Fish River(HB),0.78
1890,Tomato L.C(kg),0.6
1890,Oreo Choco Cream Biscuits-120gm,1.0
1890,Sunsilk Black Shine Shampoo-330ml,1.0
1890,Ayir Fish (Small)-(HB),1.69
1890,Mug Pulse (Sona)-1kg,1.0
1890,Garlic China Big-(kg),0.69
1890,Chicken (Deshi),2.13
1890,Potato Jam,1.16
1890,Ladies Finger (Vendi)-kg,0.45
1890,Dan Cake-Tiramisu Plain Cake 360gm,1.0
1890,ACI Pure Salt-1Kg,1.0
1890,Teer Fortified Soyabean Oil 3Ltr,1.0
1890,Onion Deshi(New)-kg,4.12
1890,Gulsha Fish(Small)-(HB),0.76
1890,Coca Cola-2.25Lt(Pet),1.0
1890,Energy Plus Biscuit - 62gm,1.0
1893,Milk Vita Liquid Milk-1Ltr,4.0
1893,Amul Kool Kesar-180ml,1.0
1893,Sajeed ChocoMoo Chocolet-135g,1.0
1893,Fresh Ins. Noodles Masala (B2G1)-496gm,1.0
1893,Cumin Powder-100gm,1.0
1893,Egg & Chicken Masala Noodles FG (Egg),2.0
1893,Angelic Air Fresh-300ml Sparkling,1.0
1893,Prince Sour Curd-500gm,1.0
1893,Bounce Choco Cream Biscuits-32gm,2.0
1893,Rin Advanced-2kg,1.0
1893,Fresh Salt Premium-1kg,2.0
1935,Surf Excel With Aloe Vera wash-500g,1.0
1935,Coconut Powder (Cake Decoration)-50g,1.0
1935,Marks Cookies & Cream Flavour - 200ml,1.0
1935,Olympic Energy Plus Malai Bis-45gm,2.0
1935,Rupchanda Soya-1Ltr(PET),2.0
1935,G. Naturals Bargundy-20ml,1.0
1935,Fresh Fun Fill (Chocolate) Biscuits-44g,2.0
1935,radhuni custard powder,1.0
1935,Marks Milk Shake AS-200ml,1.0
1935,Milk Vita Butter-200g,1.0
1935,Prince Square Toast-250gm,1.0
1935,Egg & Chicken Masala Noodles FG (Egg),2.0
1935,Akher Sugar -1kg,1.0
1935,Chanachur(Special)-350gm,1.0
1935,Cocola Egg Noodles-170g,2.0
1935,Olympic Salcoti Elachi Cookies-80gm,1.0
1935,Nescafe Classic Coffee-50gm,1.0
1937,Oreo Choco Creme Biscuits-43.75g,1.0
1937,Dal Puri-454gm,2.0
1937,Chia Seed (Dana) New-100g,1.0
1937,Maggi Vegetable Soup 4Pcs-25gm,1.0
1937,Ruchi Chanachur Hot-150gm,1.0
1937,F Clarks Ess 28ml(Vanilla),1.0
1937,China Foam Majuni (4/23),1.0
1937,Knorr Thai Soup- 28g,2.0
1937,AJI-No-Moto Tasting Salt-42g,1.0
1937,Knorr Chicken Hot & Sour Soup- 28g,2.0
1938,BD Haleem Mix(175g),1.0
1938,Lichu Pitha Box-200gm,1.0
1938,Chicken Deshi (Pakistani) Cock,2.0
1938,Kolson Macarony-200gm All Flv.,1.0
1938,Prince Square Toast-250gm,1.0
1938,Organikare(Orange Hand Wash +Refil)Combo,1.0
1938,Amon Rice -Kg (Lose),1.01
1938,Mr.Cookie- 39gm Small,2.0
1938,Alu Bukhra-100g,1.0
1938,Akher Sugar -2kg,1.0
1938,Maggi Noodles Masala Blast-252g 4Pack,1.0
1938,Prince Cone Mehedi,2.0
1938,Revival Karak Masala Chai -200g,1.0
1938,Kath Badam-100g,1.0
1938,NAJ baby Toast Biscuits -300gm,1.0
1938,Dried Chilli-200gPkt,1.0
1938,Coriender-200gm,1.0
1938,Harpic 1Ltr + Lizol 1Ltr -60TK Off,1.0
1938,Starship FCMP-500gm (F.Pack),1.0
1938,Ramisa-Jhinuk Pitha Box-250gm,1.0
1938,Beef Bone Full,1.12
1938,Lassa Special Semai-500g(Pkt),1.0
1938,Quaker Whole Oats- 700g,1.0
1938,Misti Sob-100gm,1.0
1938,Danish Condensed Milk-397gm,1.0
1938,Dano Instant -500g Pack,1.0
1938,RD Milk Strawberry-200ml,2.0
1938,CBL Munchee Choco.Mo Biscuits-90g,2.0
1938,Vegetable Roll,1.0
1938,Poa Fish Small-(Deshi),0.64
1938,Fresh Beet-Kg,0.77
1938,Jet Classic Detergent -1000gm Ploy,2.0
1938,Ramdhoni-50gm,1.0
1938,Golden Raising-100gm(Kismis),1.0
1938,Vim Dishwashing Liquid- 500ml,1.0
1938,Hot Pran Tomato Sauce-500gm,1.0
1938,Radhuni Musterd Oil 250ml,1.0
1938,Revive Powder Sun Block-200gm,1.0
1938,Prince Lacha Samai-200g(Pkt),1.0
1938,Funtastic Backmans Glaze Biscuit-40gm,2.0
1938,Dan Cake-Chocolate Swiss Roll 200gm,1.0
1938,Arong UHT FC Milk-200ml (Fino),4.0
1938,Aarong Ghee 200g,1.0
1938,Kaveri Mehendi Cone 2pcs -25g,3.0
1938,Prince Special Chanachur-150gm,1.0
1938,Kishwan Ovaltin Biscuits-350gm,1.0
1938,Cadbury Dairy Milk Roast Almond-58g,1.0
1938,Aarong Butter Salted-100gm,1.0
1938,Yum Muffin Cake,4.0
1938,White bread Small-300gm,1.0
1938,Wheel 2in1 Clean & Fresh Powder-1Kg,1.0
1938,BD Kheer Mix-150g,2.0
1938,Mixed Masalla-100gm,1.0
1938,Special Chinigura Rice-1Kg,2.0
1938,Belleame Digestive Biscuit- 135g,2.0
1938,Cow Lever-K,2.04
1938,Rupchanda(Small) (THR),0.47
1938,RD Milk Banana-200ml,2.0
1938,Chopstick Desi/Yumy Masala Noodles-4pack,1.0
1938,Danish Dry Cake Biscuits-350gm,1.0
1938,China Punch Clip(05/23),2.0
1938,BD Turmeric Powder(200gm),1.0
1938,BD Chilli Powder (100gm),1.0
1938,Prince Sour Curd-500gm,1.0
1938,Pran Dhaka Cheese-200gm,1.0
1938,Pangas Fish-(Deshi),1.69
1938,Prince Coconut-(pcs),2.0
1938,Mountain Dew-600ml Pet,1.0
1938,Fresh Ins. Noodles Masala (B2G1)-496gm,1.0
1938,Nankhatai Biscuit-200g,1.0
1938,Cadbury Dairy Milk Silk Hazelnut-58g,1.0
1938,Ispahani Butterful Biscuit- 75g,2.0
1938,Rin Liquid-400ml,1.0
1938,Farm Fresh Butter-200gm Box (50X4pcs),1.0
1938,CBL Munchee Nice Biscuit-230g (Premium),1.0
1938,CBL Munchee Chunky Choc-90g,1.0
1938,Blue Lady Deo Roll-On 50ml (Rasasi),1.0
1938,Gluco Max D- 400g,1.0
1938,Ramisa-Nakshi Pitha Box-4 Pcs,1.0
1938,White Kazu Badam-50g,1.0
1938,RD Chocolate Milk -200ml,3.0
1938,China Basin Brush (4/23),1.0
1938,China Jhilmil Majuni (4/23),1.0
1931,Himalaya Anti-Dandruff S&M Shampoo-375ml,1.0
1931,Fair&Lovely Ayurvedic Care Cream-50g,1.0
1931,China Football-(5/23),1.0
1939,Radhuni Mejbani Beef masala-68g,1.0
1939,Radhuni Korma Masala- 30gm,1.0
1939,Bit Salt Powder- 80g Bottle,1.0
1939,Foster Baking Powder-110g,1.0
1939,Kolson Vermicelli-200g,2.0
1939,Feeding Bottle Wash-700ml(BF-200),1.0
1939,Dream Food Colour(Blue)-28ml,1.0
1939,Chat Masala-40gm,1.0
1939,Alu Bukhra-100g,1.0
1939,R.Spices(Turmeric)200gm,1.0
1939,Pedia Sure (Vanilla Flavour) Milk -400g,1.0
1939,Haiko Baking Soda-40gm,1.0
1939,Prince Borhani-1000ml,1.0
1939,Prince Dubli Pulse-1kg,1.0
1939,Radhuni Kala Bhuna Masala 80gm,1.0
1939,Nan Optipro 4-350gm,1.0
1939,Lux Soft Skin Body Wash-245ml,1.0
1939,Chi. Mini Fans-CS109(4/23),1.0
1939,Radhuni Firni Mix-150,1.0
1939,Teer Sugar-1Kg,2.0
1939,Mixed Fruit Box - 250g,1.0
1939,Revlon Colorsilk Light G.Brown Color 5G,1.0
1939,Omega 3 Vitamin-E Egg-12pcs-T27,1.0
1939,Morium Speacial Date-1kg,1.0
1939,Wide S Nipple 2pcs S Hole L-22207,1.0
1939,Disposible Floss Tooth Picks-{BB-50006},2.0
1939,China Vacuum Cup-(4/23),1.0
1939,Saad Testy Bit Salt-100gm,1.0
1939,Baby S. Wide Neck Nipple AB-202MF2BC,1.0
1939,Rupchanda Soyabean-5Ltr,1.0
1939,Glucon-D Orange-Flavour-400g Jar,2.0
1939,Kelloggs Special Original- 290g,1.0
1939,SKB 3Layer Wok Glass Lid SS H-20cm,1.0
1939,Dolphin Nata De Coco Cup(All Flv.)-270ml,1.0
1939,Chia Seed (Dana) New-100g,1.0
1939,Prince Baking Powder-150g,1.0
1939,Kelloggs Special Original-455gm,1.0
1939,Vita Juice -250ml,2.0
1939,ACI Pure Salt-1Kg,2.0
1939,Omega 3 Enriched Egg-12pcs-T03,1.0
1939,Akher Sugar -1kg,2.0
1939,Mr. Noodles Korean S Spicy- 248gm,2.0
1939,Almarai Cream Cheese - 200gm,1.0
1939,Kiam Karai (Bakelite)-26cm,1.0
1939,China Knife(5/23),1.0
1956,Wheel Laundry Soap 125g,3.0
1956,Kewra / Rose Water,2.0
1956,Sun Chips Garlic & Chili 38g,2.0
1956,Garlic China Big-(kg),1.01
1956,Net Pumpkin (Jali Kumra)-Pc,1.0
1956,IGLOO Cake 1Ltr.,1.0
1956,Knorr Chefs CFCM-75g,1.0
1956,Cocola Chicken Noodles-180g,2.0
1956,Fresh Ins. Noodles Masala (B2G1)-496gm,1.0
1956,Olympic Nutty Biscuits 80g,1.0
1956,Chowa Gamsa-75,1.0
1956,Funtastic Pineapple-200g+Cho-167g(B3G1),1.0
1956,DR.West brush Original,1.0
1956,ACI Pure Salt-1Kg,2.0
1956,Haiko Kewra Essence- 25ml,1.0
1956,Radhuni Biriyani Masala-40g,1.0
1956,Rupchada Chinigura Rice 1kg,4.0
1956,Pepsodent Crcol & L Toothpowder-100g,1.0
1956,AD Ring Khata -300 Pages,2.0
1956,Banana Green Small-kg,0.63
1956,Savoy Ice Cream- 100ml (Shahi Kheer),1.0
1956,Vim Liquid Dish Wash-500ml,1.0
1956,Sav.Men soap 100gm,1.0
1956,Rin Advanced-500gm,1.0
1956,Bacha Boot Pulse 1Kg,1.0
1956,Chashi Aromatic Chinigura Rice-1Kg,3.0
1956,Kachki Shutki-100gm,1.0
1956,Chicken (Deshi),1.35
1956,Akher Sugar -2kg,1.0
1956,BFL Foil Container 6pcs-510ml,1.0
1956,Sprite-1.25 Lt(Pet),1.0
1956,Aquafina Drinking Water- 500ml,1.0
1956,Eggy Masala Noodles B2G1-400g,1.0
1956,Lux Velvent Glow Jasmine Soap-100gm,1.0
1956,Savoy Mango Ice Creem-1/2ltr,1.0
1956,Wheel 2in1 Clean & Fresh Powder-1Kg,2.0
1956,Cosco Soap-80gm,1.0
1956,Good Life Mozarella Cheese-370gm,1.0
1956,Mola Shutki-100gm,1.0
1956,Chicken (B-Skin Less),2.77
1956,Akher Sugar -1kg,4.0
1956,BFL Aluminium Foil 5 Miter,1.0
1956,Wheel Soap -100gm,3.0
1956,Rin Advanced-1000gm,1.0
1956,ACI Salt Bottle-750g,1.0
1956,Hot Pran Tomato Sauce-500gm,1.0
1956,Cock Roast (Deshi)-PC,2.0
1956,Shrimp Fish Bagda,0.61
1956,Vangon Fish(Big),0.72
1956,Green Papaya(kg),1.92
1956,Prince Super Vermichelli Semai-150gm,1.0
1956,Mirzapore Best Leaf-200gm,1.0
1956,HIT Mosquitoes Aerosol- 475ml (50TK Off),1.0
1956,Chowa Gamsa-521,1.0
1956,Center Fresh 20g,1.0
1956,Dan Cake-Fruit Cake 220gm,1.0
1956,Yupi Twin Burger-53,1.0
1956,Vaja Maskali Pulse-1kg,1.0
1956,Cumin-100g,1.0
1956,Vim Dishwashing Liquid- 500ml,1.0
1956,Arrow Toothbrush,1.0
1956,Pusti HT Noodles M-220gm B2G1,1.0
1956,Sun Chips Mix Masala-35gm,1.0
1956,C.N Chicken Sausage 300gm,1.0
1956,Vermicelli Samai-200gm,1.0
1956,Fun Vannilla cake,2.0
1956,Bounce Choco Cream Biscuits-32gm,3.0
1956,CBL Munchee Choco Kalo-100g,2.0
1956,Omega 3 Vitamin-E Egg-12pcs-T27,1.0
1956,Maggi Noodles Masala Taste-496g,1.0
1956,Yum Muffin Cake,4.0
1956,Bashundhara Maida-2kg,1.0
1956,Bactrol Liquid Hand Wash-200ml,1.0
1956,Oreo Choco Cream Biscuts-43.75gm,3.0
1953,Pran Soyabin Oil 500 ml,1.0
1953,ResQ-30,1.0
1953,Nutella 50 mg,2.0
1953,Data-Pc,2.0
1953,Peticot,1.0
1963,Barley Arrarot-200mg,1.0
1963,Musur Pulse Kangaroo -1Kg (sp),4.0
1963,R.Spices(Turmeric)200gm,1.0
1963,Cassia Leaf-100gm (Tespata),1.0
1963,Radhuni Chatpati Masala 50Gm,1.0
1963,Cinnamon-200g (Daruchine),1.0
1963,Special Chinigura Rice-1Kg,3.0
1963,Wheel Laundry Soap 125g,2.0
1963,Lizol Citrus-1000ml,1.0
1963,Radhuni Kasundi-285ml,1.0
1963,Jugol Chutney-300gm,2.0
1963,Revlon Colorsilk Soft Black Color 1WN,1.0
1963,Nivea Bodi Milk Shea Smooth- 400ml,1.0
1963,Pran Hot Tomato Sauce-340gm,1.0
1963,Onion Deshi(New)-kg,2.0
1963,Madina VIP Morium Dates -Kg(Loose),0.51
1963,Fry Chick Peas-200gm,1.0
1963,Safety Plus Floor Cleaner Lemon -1000ml,1.0
1963,AG Mini Chicken Singara-300g,1.0
1963,AG Mini Chicken Spring Roll-250g,1.0
1963,Ruchi Jhal Muri-30g,3.0
1963,IGLOO 1Ltr.(Choco Cheers),1.0
1963,Bas. Kitchen Towels 1Roll,1.0
1963,Mr.Energy Biscuits-85gm,1.0
1963,Lizol Floral -1000ml,1.0
1963,Radhuni Biriyani Masala-40g,1.0
1963,Rupchanda Soyabean-5Ltr,1.0
1963,Confume Hair Color 1N Black- 120gm,1.0
1963,AG Vegetable Spring Roll-400g,1.0
1963,Chicken Meat Ball-250gm,2.0
1963,Perfumed Facial Tissue - 200Sheet,3.0
1963,Mama Hot Noodles-496g,4.0
1963,R.Chanachur Bar-b-Q-500gm,1.0
1963,Prince Peanut-500gm Pack,1.0
1963,Teer Soyabean Oil-1Ltr,1.0
1963,Layerr Shot Red Stalion BS-135Ml,2.0
1963,Aarong Pasturized Liquid Milk-1Ltr Reg.,2.0
1963,CBL Munchee Stix Choc.Wafer,2.0
1963,F Clarks Ess 28ml(Vanilla),1.0
1963,F Clarks F Color 28ml(G),1.0
1963,Custard Powder-150g,1.0
1963,Naspati(kg),1.85
1963,Nivea Soft Berry Cream-50ml,1.0
1963,Prince Noli Toast-250g,1.0
1963,Wheel 2in1 Clean & Fresh Powder-1Kg,3.0
1963,Prince Dubli Pulse-1kg,2.0
1963,Chashi Aroma.Chinigura Rice-2kg,1.0
1963,Pran Mango Bar-10Pcs,1.0
1963,Vim Dishwashing Powder-500Gm,1.0
1963,Harpic 750ml Buy 2 Get 40tk Off,1.0
1963,Dark Fantasy Cho Fills-75g,1.0
1963,U.S.A Beauty Care Face Out Soap-120ml,1.0
1963,Chicken Samosa-250gm,1.0
1963,Fresh Refined Sugar-1000gm,2.0
1963,ACI Aerosol-250ml,1.0
1963,Whisper Ultra Nights Xl Pads,1.0
1963,Bio Active Lavello Lip Th-3.2g,1.0
1963,B.B Tazza Black Tea -400g,1.0
1963,Harpic Power-500ml,1.0
1963,Layerr Wottagirl Haven B Spray-135ml,1.0
1963,CBL Munchee butter Fingers-80g,1.0
1963,Pandan Kaya Bread- 225g,3.0
1963,Kazi Chicken Samosa-250g,1.0
1963,Bashundhara Gold Toilet Tissue,1.0
1963,Bashu Facial Tissue 240Sheet,3.0
1963,Sepnil Hand Wash Refil-170ml,1.0
1963,Seylon Family Bland Tea- 400g,2.0
1963,Aarong Sweet Yogurt-500gm,1.0
1963,Sajeeb Tomato Ketchup(340G),1.0
1963,Puck Cream - 160gm,1.0
1963,Farm Fresh Butter-200gm Box (50X4pcs),1.0
1963,Ruchi Puffed Rice-400gm,1.0
1963,Aarong Yogurt Sour Curd-500gm,1.0
1963,Fresh Toilet Value Pack 4 Pcs,1.0
1963,Lattafa Air Freshener-300ml (Pure Oudi),1.0
1963,Ifad Stick Toast-350g,2.0
1963,Olympic Nutty Biscuits 80g,1.0
1963,Black Fighter Max 10pis b,2.0
1963,China Fry Pan-26cm (5/23),1.0
1963,Madina VIP Morium Dates-500gm,1.0
1963,AG Spicy Chicken Sausages-340g,1.0
1963,GH Chicken Meat Ball 400g,1.0
1963,Red Chira -500gm,1.0
1963,Kath Badam-50gm,2.0
1963,Colgate Max Fresh Toothpaste- 100ml All,1.0
1988,Potato Bogura-1kg,0.94
1988,Snack Guard (Chichinga)-kg,1.19
1988,Ch. Cookware-28cm(05/23),1.0
1988,Al- Ans SUGAI Dates kg-(Loose),0.55
1988,China Singal Bati BJ2327 (4/23),2.0
1988,Ch. Water Pot-1000ml(05/23),1.0
1988,China Glass Stand (5/23),1.0
1988,Brinjal (Oval) Big-kg,0.99
1988,Sweet Pumpkin(kg),1.02
1988,Fogg Fine RIo Wave-120ml,1.0
1988,Ch Water Pot M- (4/23),1.0
1988,Ch.Lead Knob JM-8016(5/23),1.0
1988,Ch. Cutting Board(05/23),1.0
1988,Shan Chaat Masala-100gm,1.0
1988,Cow Lever-K,0.53
1988,Almas Pray Tupi- 06,2.0
1988,Ch.Hanger 5 Pcs Set-6106 (4/23),1.0
1988,Watermelon Banglalink - Kg,3.97
1988,China PVC Ball (5/23),1.0
1988,Al-Ansar Sukkaria Dates- kg(Loose),0.89
1988,Odonil Air Freshner-50g Combo (40 OFF),1.0
1988,Ma SS Glass -501,2.0
1997,Vim Bar Lemon-125gm,4.0
1997,Sensodyne Rapid Relief Toothpaste-80g,1.0
1997,Brinjal Oval ( Tal Begun ) -kg,0.95
1997,Fanta orange-1L,1.0
1997,Mango Himsagor (Special)-kg,1.19
1997,Greens(Data Shak)-Pc,3.0
1997,Pran Orange Jelly-500g,1.0
1997,Belleame Choco Little Biscuit-45gm,2.0
1997,C.N Chicken Sausage 300gm,1.0
1997,Chupa Chups Can-345ml,1.0
1997,Good Life Mozarella Cheese-370gm,1.0
1997,Dark Fantasy Cho Fills-75g,2.0
1997,Maggi Noodles Masala Taste-496g,1.0
1997,Jodi Chicken Sausage-300g,1.0
1997,Dano Instant -500g Pack,1.0
1997,Kolson Macarony-200gm All Flv.,3.0
1997,Hit Chalk-1pcs,2.0
1997,White bread Big-500gm,1.0
1997,MP Baby Hair Clip -52,1.0
1997,Mango Langra,2.3
1997,Finis Insect Powder-40g,1.0
1997,Fanta Soft Drink- 600ml,1.0
1997,Sensodyne Toothbrush (Buy 2 Get 1),2.0
1997,Chicken Nuggets-250g (Box & Poly),1.0
1997,Mango Rupali (Special)-kg,2.48
1999,D.Lexus Vegetable-240g,1.0
1999,Pran Mix Fruit Jam-500g,1.0
1999,Cock Roast (Deshi)-PC,2.0
1999,Shole Fish Big (THR),1.02
1999,Gulsha Fish(Small)-(HB),0.74
1999,Prince Jhal Toast-350gm,1.0
1999,CP Chicken Nugget-320g,1.0
1999,Chicken Tikka Kabab-10Pcs,1.0
1999,Lexus Veg.Cracker Biscuit-240g,1.0
1999,Vim Bar Lemon-125gm,4.0
1999,Olympic Tim Tim Orange Bis-272g,1.0
1999,Prosperity Nodles Carrot,1.0
1999,Radhuni Fish Cury Masla-100g,1.0
1999,Remia Garlic (All)-250ml,1.0
1999,Minister One Wash Detergent Lemon-500gm,2.0
1999,Pabda Fish (Small) (HB),0.66
2026,Cinnamon-100g (Daruchine),1.0
2026,Teer Sugar-1Kg,2.0
2026,Food Grade Colour-50g,1.0
2026,Mace (Jotric) -50g,1.0
2026,Lifebuoy Health Soap (Mild) Care-100g,2.0
2026,Mixed Masalla-100gm,2.0
2026,Teer Soya Oil 2Lt(Bottle),1.0
2026,Mediplus Gel Paste-100gm,1.0
2026,CBL Munchee Vanilla Wafer-50g,1.0
2026,Golda Fish XL,0.97
2026,Brinjal Long (Thin)-kg,0.26
2026,Usta(kg),0.39
2026,Coca Cola-2.25Lt(Pet),1.0
2026,Lassa Special Semai-500g(Pkt),2.0
2026,Pesta Nut-50g,1.0
2026,Super Refined Naphthalene +/- 200g,1.0
2026,R.Chanachur Premium Mix-200g,2.0
2026,White bread Small-300gm,1.0
2026,Ch.S.Kitchen Chimta (5/23),1.0
2026,Radhuni Garam Masala-40gm,2.0
2026,Hot Pran Tomato Sauce-500gm,3.0
2026,Prince Ovaltin Cake(B),2.0
2026,Shrimp Fish( Galda Small)-(TR),1.05
2026,Kachki Fish (THR),0.45
2026,Foli Fish,2.67
2026,Ladies Finger (Vendi)-kg,0.96
2026,London Boy Vest S / M / L -08,2.0
2026,Coriander Leaf Pcs-100gm,1.0
2026,Lifebuoy Handwash Lemon Fresh-200ml,1.0
2026,Musur Pulse Kangaroo -1Kg (sp),1.0
2026,Black Pepper(Chili)-50g,2.0
2026,Nut Meg 50g(Joy Fall),2.0
2026,Pistachion-50gm(Pasta Dana),1.0
2026,CBL Munchee Cream Chocolate Wafer-200g,1.0
2026,Chepa Shutki-100gm,2.0
2026,Shole Fish Big (THR),2.44
2026,Hilsha Fish(Small)-Pcs(Sajah),2.0
2026,Tomato L.C(kg),0.48
2026,Green Chilli(kg),0.72
2026,London Boy Vest M-18,2.0
2026,Aarong Yogurt Sour Curd-500gm,1.0
2026,Ch Silicone Brush Set-88(5/23),1.0
2026,Pusti Deshi Red Lentils(Mushur Dal) -1Kg,1.0
2026,Golden Raising-100gm(Kismis),3.0
2026,Radhuni Kachchi Biriyani Masala-40g,1.0
2026,Garlic China Big-(kg),1.03
2026,Apple Green,0.79
2026,Nivea Creme - 30ml,1.0
2026,CBL Munchee Lemon Wafer-100g,3.0
2026,Pigeon-1PC,4.0
2026,Eel Fish( Bayng)-Big (HB),1.01
2026,Tomato Sour Deshi-B (kg),1.01
2026,Super Refined Naphthalene +/- 50P,2.0
2026,China Spoon 6pcs Set(05/23),1.0
2026,Fruit Jam(Morobba)-200g,1.0
2026,ACI Pure Salt-1Kg,1.0
2026,Bacha Boot Pulse 1Kg,2.0
2026,Ayir Fish (Big)-(HB),1.88
2026,Hilsha Fish-XL-(MNK)-Pcs,2.0
2026,Bath Sponge (Dhundul)-kg,0.53
2026,Fanta orange-1L,1.0
2026,China Cloth Clip 16.P Set (5/23),1.0
2026,Cassia Leaf-100gm (Tespata),1.0
2026,Teer Soyabean Oil-1Ltr,1.0
2026,Mediplus DS Toothpest-90g,1.0
2026,Madina VIP Morium Dates -Kg(Loose),0.38
2026,Kachki Shutki-100gm,1.0
2026,Prince Fresh Eggs Red (12Pcs Box),1.0
2026,Bele Fish (Big)-(MNK),3.37
2026,Capsicum Green,0.42
2026,Aquafina Drinking Water- 500ml,1.0
2026,Milk Bread Small-300gm,1.0
2026,Hide & Seek BiscuitsChoco chip C.Sandwiches 120g,1.0
2026,Mango Himsagor-kg,2.5
2033,Wheel 2in1 Clean & Fresh Powder-1Kg,1.0
2033,Teer Sugar-1Kg,2.0
2033,Potato Deshi New-1kg,2.06
2033,B Toilet Tissue Extra Saving Pack 4Rolls,1.0
2033,Fresh Maida-2kg,1.0
2033,Radhuni Mejbani Beef masala-68g,1.0
2033,Aarong Sour Yogurt-500gm,1.0
2033,Boal Fish Small (HB),1.26
2033,Musur Pulse Kangaroo -1Kg (sp),1.0
2033,Savory Kala Bhuna Masala-80gm,1.0
2033,White Pepper(Chili)-50g,1.0
2033,Dried Chilli-200gPkt,1.0
2033,Puti Fish (Deshi) (HB),0.64
2033,Kachki Fish (THR),0.56
2033,Perfumed Facial Tissue - 200Sheet,1.0
2033,Universe Khata Spiral-200page,2.0
2033,Pure it Micro Fiber Mesh,1.0
2033,Garlic China Big-(kg),0.43
2033,Onion Deshi(New)-kg,3.99
2033,Shole Fish Big (THR),0.96
2033,Prodentalb Precision Toothbrush,1.0
2033,Rui Fish-M-(MNK),2.55
2033,Fresh Atta-2kg,2.0
2075,Chicken Deshi Cock (Live),2.0
2075,GH Spicy Chicken Sausage-340gm,1.0
2075,Mirzapore Best Leaf-200gm,1.0
2075,Diploma Milk Powder-500g,1.0
2075,GH Chicken Nuggets-300gm,1.0
2075,Special Quality Biscuit 400g Pot (Bk),1.0
2079,Frutika Mango Fruit Drink-200ml,2.0
2079,Baqarah Pasteurized Milk- 1L,4.0
2079,Aarong Sliced Cheese Peri Peri-204g,1.0
2079,Queens Custard Bread- 90g,4.0
2079,China Floor Mat (4/23),1.0
2079,Prince Cream Bread Bon,2.0
2079,Morium Special Dates-Kg(Loose),1.15
2079,Raisin Sesame Bread- 320g,1.0
2079,Grapes (Red),0.53
2079,Burger Bread 2pcs Pack,1.0
2079,Discovery Vite 400gm - B1G1,1.0
2079,Milk Vita Liquid Milk-1Ltr,2.0
2079,CBL Munchee Vanilla Wafer-50g,1.0
2079,Queens Burger Bread (BUN)- 250g,1.0
2079,Mini Burger Bread-4pcs 160gm,1.0
2079,Quality Premiun Paratha 20Pcs-1300g,1.0
2079,Madina VIP Morium Dates-500gm,1.0
2079,Bisk Club Potata Biscuit- 100g,2.0
2079,Snickers -50gm(Buy 2 Get 1 Free),1.0
2088,Roja Shrimp Sticks- 240g,1.0
2088,Cabbage-Pc,1.0
2088,Nescafe Classic Jar-25gm,1.0
2088,China Soft Ball (4/23),1.0
2088,UHT Chocolate Milk-200ml,3.0
2088,Cucumber Deshi (kg),0.92
2088,Arla Sandwich Slice- 200gm,1.0
2088,Jhatpot Mini Samosa-250gm Chicken,1.0
2088,Beef Bone Full,1.4
2088,Yardly Perf.Talc Powder-250gm,1.0
2088,Chicken Spring Roll - 250gm,1.0
2088,Roja Shrimp Samosa - 240gm,2.0
2088,Green Mango(kg),3.95
2088,KurKure Naughty Tomato 37gm,1.0
2088,Sajeeb Kolson Vermicelli Semai (B2G1),1.0
2088,Madina VIP Morium Dates -Kg(Loose),1.26
2088,Prince Plain Cake(B),1.0
2088,Sufia Comb-07,1.0
2088,Thai Papaya Ripe Red Lady,0.91
2088,Mango Langra,3.19
2088,Queens Burger Bread (BUN)- 250g,1.0
2088,Sweet Pumpkin(kg),0.94
1967,Piller,2.0
1967,Mutton,1.0
1967,Tawa,1.0
1967,Jafran,1.0
2099,Ruchi Garlic Sauce-350gm,1.0
2099,C.N Chicken Sausage 300gm,1.0
2099,Amul Dark Chocolate-150g,1.0
2099,GR Body Mist -200ml All,1.0
2099,Fair & Lovely G&L BB Cream-40g,1.0
2099,Dream Food Colour(Red)-28ml,1.0
2099,Fruits Wax Hair Color (Chery Red),1.0
2099,Jordan Clean Between Toothbrush,1.0
2099,Colgate Plax Com Care-250ml,1.0
2099,C.N. Chicken Spicy Lollipop-400gm,1.0
2099,Filo Sheet(Pasty Sheet)-30Pcs,2.0
2099,Prince Super Vermichelli Semai-150gm,1.0
2099,Sammi Mix Fruit -330ml,2.0
2099,China Kitchen piller-04,1.0
2099,Nivea B.Lotion Intensive Moisture-400ml,1.0
2099,Pran Jhatpot Plain Paratha-1600g,1.0
2099,Thai Papaya Ripe Red Lady,1.01
2099,Cadbury Dairy Milk Silk Bubbly-17g,2.0
2129,Prince Sour Curd-1kg,1.0
2129,Garnier Men Tarbo Bright -50gm,1.0
2129,Dreem Choco Food Color/Essence-28ml,1.0
2129,Chashi Aromatic Chinigura Rice-1Kg,1.0
2129,Bashu Facial Tissue 240Sheet,1.0
2129,Nido FCMP BIB-350g,1.0
2129,Alu Bukhra-200gm,1.0
2129,Pran Hot Tomato Sauce(1000g),1.0
2129,Pandene Total Damage Care Shampoo- 180ml,1.0
2129,Pepsodent Gum Care-140g,1.0
2129,White Kazu Badam(Special)-100gm,1.0
2165,Golden Raising-100gm(Kismis),1.0
2165,Alu Bukhra-100g,1.0
2165,Cardmom-50gm(Alachi),1.0
2165,Radhuni Spices (Corinder)-100gm,1.0
2165,Mixed Masalla-100gm,1.0
2165,Olympic Nutty Biscuits 80g,2.0
2165,Radhuni Mejbani Beef masala-68g,2.0
2165,Radhuni Kheer Mix 150gm,1.0
2165,R.Spices(Turmaric)-100g,1.0
2165,Tip Biscuit - 60gm,2.0
2172,Puck Cream - 160gm,1.0
2172,Aarong Butter Salted-100gm,1.0
2172,Starship Chocolate Milk-200ml,1.0
2172,Sun Prawn Crackers Chips - 20gm,1.0
2172,Ramisa Fried Cocunut-100g,1.0
2172,CP Chicken Hot Sausage- 400g,1.0
2172,Secret Women Deo Roll-On 50ml (Rasasi),1.0
2172,Marks Milk Shake AS-200ml,1.0
2177,Bashundhara Paper Napkin-100p,1.0
2177,Bas. Kitchen Towels 1Roll,1.0
2177,Beef Bone Full,1.57
2177,Lux Jasmine & Vitamin E Soap-150g,1.0
2177,Lux Rose Soap-150gm,1.0
2177,Fresh Paper Napkin 100pcs,1.0
2178,Lati Thik(Kg),0.58
2178,Fresh Lexus Cracers-204 gm {B2G1},1.0
2178,Bacha Boot Pulse 1Kg,1.0
2178,Onion Deshi(New)-kg,2.03
2178,Safe Hand Liquid Hand Wash 180ml B2 G1,1.0
2178,Bomby Chilli-5Pcs,1.0
2178,Chicken (B-Skin Less),1.27
2178,Parboil (Potol)-kg,0.71
2178,Fresh Atta-2kg,1.0
2178,Improved Jet- 200gm Pack,1.0
2178,ACI Pure Salt-1Kg,1.0
2178,Jhok Mok Dish Wash Bar 100g B3 G1,1.0
2178,Prince Fresh Eggs Red (12Pcs Box),1.0
2178,Snack Guard (Chichinga)-kg,0.68
2178,Finlay Tea Gold-400g,1.0
2178,Mug Pulse (Sona)-500gm,2.0
2178,Meril Splash Milk Soap-100gm,1.0
2178,Ladies Finger (Vendi)-kg,0.58
2178,Shrimp Fish Bagda,0.5
2178,Meril Splash Milk & Kiwi Soap-100gm,1.0
2178,Musur Pulse Deshi-1Kg,1.0
2178,Green Chilli(kg),0.17
2158,Polar Choco Crombo Ice Cream-1ltr,1.0
2158,Aseel Veg Ghee-500,1.0
2158,ACI Aerosol 475ml,1.0
2158,Glucon-D Regular- 500g Jar.,1.0
2158,Cocola Egg&Chicken Noodles-Family Pack,1.0
2158,Prince Ovaltin Cake(B),1.0
2204,Blue Lady Body Spary-200ml,1.0
2204,Foster Clarks Mango- 250gm,1.0
2204,Treseme Hair Fall Conditionar -190ml,1.0
2204,Hilsha Fish-Medium-Pcs,1.0
2204,Gulsha Fish(Small)-(HB),0.48
2204,Royal Mirage Scent-120ml,1.0
2204,Maggi 2min Masala-248g (Jumbo),1.0
2204,Vim Bar Lemon-125gm,1.0
2204,Neutrogena Refreshingly C F Wash- 200ml,1.0
2204,Chashi Aromatic Chinigura Rice-1Kg,1.0
2204,Kazi Chicken Samosa-250g,1.0
2204,Buldak Noodles (All),1.0
2207,Curry Powder-100gm BIB,2.0
2207,Bele Fish Small,0.24
2207,Amra(kg),0.35
2207,Mirzapur Tea Bag-100gm,1.0
2207,Top Tasting Salt-100g,1.0
2207,Hot Pran Tomato Sauce-500gm,1.0
2207,Calender Pineapple,1.0
2207,Jhatpat Paratha Low Fat-10Pcs,1.0
2207,Radhuni Spices (Corinder)-100gm,1.0
2207,Radhuni Panchforon-50g,1.0
2207,Sajeeb Soya Sauce-300ml,1.0
2207,Green Chilli(kg),0.23
2207,T.Ice Cool Talc-100gm,1.0
2207,Ginger Barmiz-(Kg),1.03
2207,Lemon White Detergent Powder B3G1 -500Gm,1.0
2207,Fortune BS ELG Basmati Rice 1kg,3.0
2207,Garlic China Big-(kg),0.61
2207,Thai Guava,0.49
2207,Prince Dragon Egg Noodles - 300gm,2.0
2207,Nescafe Creamy Latte- 6Pcs-18g,1.0
2207,Dust Rice(Atob)-1KG,1.0
2207,Pepsodent Gremichek+ Toothpaste-100gm,1.0
2207,Queens Egg Bread- 125g,1.0
2207,Sweet Pumpkin(kg),0.72
2207,Vim Bar 300g (Lemon),1.0
2207,Puffed Puffed Rice-250gm,1.0
2207,Ifad Plain Toast-350g,1.0
2207,Olympic Daily Toast Biscuits-210gm,1.0
2207,Ifad Kaju+Cho+D-220g B3 G1 Orange Free,1.0
2242,Dettol Original Soap-125g,2.0
2242,Gillette Blue-II Razor,1.0
2242,Prince Sour Curd-500gm,1.0
2242,Longkou Rice Vermicelli- 250g,1.0
2242,Prince Dragon Egg Noodles - 300gm,3.0
2242,Magica Choco Fills Cookies Biscuit-220gm,2.0
2242,Chowa Gamsa-521,1.0
2242,ONN Mens Vest-001,1.0
2242,Aci Pure Mustard Oil 1000ml,1.0
2242,Shan Malay Chicken Biryani-60g,2.0
2242,Pran Aromatic Rice-2kg,1.0
2242,Rupchada Soyabean-3Lt(PET),1.0
2242,Milk Vita Liquid Milk-1Ltr,4.0
2242,Teer Sugar-1Kg,3.0
2242,EM Pasta Penne-400gm,1.0
2242,Muslim Jhal Nimki-200g,1.0
2242,Vermicelli Samai-200gm,4.0
2242,Parachute Coconut Hair Oil-200ml Jar,1.0
2242,Rin Advanced-2kg,1.0
2242,Wheel Laundry Soap 125g,1.0
2242,Fresh Chinigura Rice-1kg,1.0
2242,Rupchanda Soyabean-5Ltr,1.0
2242,Dettol Fresh Odour protection Lemon-125g,1.0
2242,Aarong Pasturized Liquid Milk-1Ltr Reg.,2.0
2242,Sunsilk conditioner Perfect Straight-80m,1.0
2242,Lux Velvet Glow Soap-100g,3.0
2242,Akher Sugar -1kg,1.0
2242,Aarong Butter Salted-100gm,1.0
2242,Nescafe Classic Jar-25gm,1.0
2242,Pusti Atta -2kg,1.0
2242,Shan Karachi Beef Biryani -60g,1.0
2242,Radhuni Kala Bhuna Masala 80gm,1.0
2242,Cardmom-50gm(Alachi),1.0
2242,Sensodyne Toothbrush Soft,1.0
2242,Saad Monosodium G Foil Pack- 100g,1.0
2242,SCL Groome Eyebrrow& Facial Razor,1.0
2242,Orna House HIjab Orna-082,1.0
2242,Cocola Egg & Chicken Noodles - 500gn,2.0
2242,Sunsilk Thick & Long Shampoo-330ml,1.0
2242,R.Spices(Turmeric)200gm,1.0
2242,Hot Pran Tomato Sauce-500gm,2.0
2242,Dettol Cool Soap -125gm,1.0
2242,Colgate Sttong Toothpaste-175gm,2.0
2242,Laita Shutki-200g,1.0
2242,Musur Pulse Kangaroo -1Kg (sp),2.0
2242,Savory Roast Masala- 35g,1.0
2242,Cumin-100g,1.0
2242,Diploma Milk Powder-500g,2.0
2242,Aarong Yogurt Sour Curd-500gm,1.0
2242,Chopstick Desi/Yumy Masala Noodles-4pack,1.0
2242,Teer Atta 2kg,3.0
2242,Savlon Lemon Burst Soap -100g,1.0
2242,Facial Soft Pack Tissue -400Sheet,1.0
2242,Fay Multi Fold Towels - 150pcs,1.0
2242,Olio Orolio Massage Oil-150ml,1.0
2242,Lux Soft Glow Jasmine Soap-75gm,3.0
2242,R. Flavouring Essence Vanilla-28ml,1.0
2242,Pusti Aromatic Chinigura Rice - 1000g,1.0
2242,Lux Jasmine & Vitamin E Soap-150g,1.0
2242,Fay Facial Tis-150Pcs 300Sheets,1.0
2242,Mirzapore Best Leaf Tea-400g,1.0
2242,Rupa Underwire -08,1.0
2242,Lux Velvent Glow Jasmine Soap-100gm,1.0
2244,Pringles Cheesy Cheese-134g IDC,1.0
2244,G H. Chicken Shami Kabab - 250gm,1.0
2244,China Kata Ball(05/23),1.0
2244,Chicken Jali Kabab 10pcs- 300g,1.0
2244,Kodomo Head To Top Wash-200ml,1.0
2244,Cucumber (Hybrid)-kg,1.97
2244,Meril Baby T.Paste+Brush 45gm,1.0
2244,Radhuni Biriyani Masala-40g,1.0
2244,Beef Bone Full,3.02
2352,Shrimp Fish (River)kg,1.11
2352,Fry Pan Without Lid-16cm,1.0
2352,Kachki Fish (THR),0.55
2355,Potato Deshi New-1kg,4.11
2355,Jhatpat Deshi Paratha (20P)-1300g,2.0
2355,Chocolate Digestive 145gm,2.0
2355,Bata Fish(Small),1.08
2355,CP Chicken Stick-250g,1.0
2355,Rui Fish (S1)-(MNK),2.67
2355,Rin Advanced-2kg,1.0
2355,Fresh Fantasy Chocolate Biscuits-75g,1.0
2355,Green Chilli(kg),0.38
2355,Borboti(kg),0.44
2355,Pusti HT Energy Biscuit -180g,2.0
2355,Onion Deshi(New)-kg,1.99
2355,Faysal Birthday Balloons- 04,1.0
2355,Odofresh Toilet Cleaner-500ml,2.0
2355,Olympic Tim Tim Pineapple Cream Bis-272g,1.0
2355,Pusti HT Horlicks Biscuit -270g,1.0
2035,Brinjal Long (Thin)-kg,0.21
2035,Coca Cola-2.25Lt(Pet),1.0
2035,Chicken Deshi (Pakistani) Cock,2.0
2035,Bath Sponge (Dhundul)-kg,1.04
2035,Grapes (Red),0.75
2035,Mountain Dew-600ml Pet,1.0
2039,RICHO Printer 2023,1.0
2039,Vaseline Body Lotion 100ml,1.0
2039,Jafran,2.0
2273,Hot Mug,1.0
2273,Dalpuri,1.0
2296,Piller,1.0
2296,Hot Mug,1.0
2296,Jafran,2.0
2296,Tawa,2.0
2341,Beef Bone Full,2.35
2341,Akher Sugar -1kg,2.0
2367,Musur Pulse Kangaroo -1Kg (sp),4.0
2367,Maggi Saad -E -Magic S Mix-48g,2.0
2367,Parodontax Toothpaste-75gm {Ultra Clean},1.0
2367,CBL Munchee Choco Kalo-100g,2.0
2367,Bele Fish Small,3.51
2367,Apple Fuji,1.21
2367,Vermicelli Samai-200gm,4.0
2367,G.Aer Power Pocket GP Fresh Blossom-10g,1.0
2367,Mouse Glue Trap,1.0
2367,Chanachur(Special)-300gm,2.0
2367,Seven Choco Bean,1.0
2367,Savlon Lemon Burst Soap -100g,3.0
2367,Cinnamon-100g (Daruchine),1.0
2367,Pepsodent Crcol & L Toothpowder-100g,1.0
2367,Ginger Barmiz-(Kg),0.83
2367,Tokmadana-200gm,2.0
2367,Memory Masala Badam 200g,2.0
2367,Prince Bread(Special)-400g,4.0
2367,Rui Fish (XL)-(River),3.97
2367,Mutton (Lever),2.0
2367,Chira-500g,2.0
2367,Cabbage-Pc,2.0
2367,Hup Seng C Cracker - 225g,1.0
2367,Fruit Jam(Morobba)-200g,2.0
2367,Prince Orange Jelly-250gm,3.0
2367,Pistachion-50gm(Pasta Dana),1.0
2367,BD Tomato Sauce-340gm,1.0
2367,Aarong Sliced Cheese Classic- 204g,1.0
2367,Cow Stomach-K,2.06
2367,Aquafina Drinking Water- 500ml,1.0
2367,Diamond Special Nazir Rice-kg,2.0
2367,Snickers Chocolate-50gm,1.0
2367,Laita Shutki-200g,2.0
2367,Muslim Masala Badam-100g,2.0
2367,Tengra Fish,3.59
2367,Karfu Fish Big,2.68
2367,Eye Of Arum(Tall) (Kachurmukhi)-kg,0.97
2367,Snack Guard (Chichinga)-kg,0.74
2367,Bomby Chilli-5Pcs,2.0
2367,Lakme Eyeconic Kajal,1.0
2367,Fresh Lexus Cracers-204 gm {B2G1},1.0
2367,Golden Raisin (Kismis)-200gm,1.0
2367,Cardmom-100gm(Alachi),1.0
2367,Al- Ans Safavi Sp Dates-500gm,3.0
2367,Churi Shutki Big-200gm,1.0
2367,Barley For Eating-200gm,1.0
2367,Queens Kaya Bread- 90g,2.0
2367,Ayir Fish (Medium )-(HB),2.53
2367,Laitta Fish,2.6
2367,Shrimp Fish (River)kg,1.35
2367,Tomato L.C(kg),1.11
2367,G.Aer Power Pocket GP Floral Delight-10g,1.0
2367,Pangas Fish Small (River),3.19
2367,China Animal Set-05/23,1.0
2367,Hilsha Fish Big-(MNK)-Pcs,2.0
2367,Morium Speacial Date-1kg,1.0
2367,Naspati(kg),1.4
2367,G.Aer Car Freshner Lavender Bloom-10gm,1.0
2367,Pizza Bread-225gm,1.0
2367,Cadbury Choclairs-192g,2.0
2367,Radhuni Spices Cumin-100gm,1.0
2367,Black Pepper(Chili)-50g,1.0
2367,Papar (Dried Ethinic Snack)-100g,1.0
2367,Poa Fish Small-(Deshi),1.24
2367,Shrimp Fish Small (THR),1.29
2367,Man Kanchu(Deshi) 1Pc,2.0
2367,Sweet Pumpkin(kg),1.26
2367,Fresh Refined Sugar-1000gm,3.0
2367,Malta (Yellow)-kg,1.1
2367,Dragon Durable Coil Lemon Flavour-10Pcs,1.0
2367,Teer Suji 500gm,1.0
2367,Fanta orange-1L,4.0
2367,Aarong Laban-500ml,2.0
2369,Prince Bread(Suger Free)-400g,1.0
2369,Apple(Gala),1.1
2369,Maccoffee Original-50g Jar,1.0
2369,Maggi 2min Masala-620g (Sumo),1.0
2369,Kazi & Kazi Black Tea-80gm,1.0
2432,Savory Biryani Masala-40g,1.0
2432,Golden Raisin (Kismis)-200gm,1.0
2432,Radhuni Tehari Masala-45g,2.0
2432,Radhuni Biriyani Masala-40g,2.0
2432,Longkou Rice Vermicelli- 250g,1.0
2432,Kazi Chicken Spring Roll-250g,1.0
2432,Akher Sugar -2kg,1.0
2432,Mountan Dew-250ml Can,1.0
2432,Kolson Special Lascha-200g,1.0
2432,Milk Vita Labang-250ml,2.0
2432,Golden Raising-100gm(Kismis),1.0
2432,Haribo Happy Grapes Candy- 80g,1.0
2432,P.Drinko Float Lichi Drink-250ml,3.0
2432,Pepsodent Strawberry Toothpaste-45g,1.0
2432,Q Chicken Crispy Meat Ball-360g,1.0
2432,Apple Fuji,1.19
2432,Lassa Special Semai-500g(Pkt),1.0
2432,Kazi & Kazi Green Tea-60gm,1.0
2432,Kath Badam-100g,1.0
2432,Milk Vita Matha-250ml,2.0
2432,Cardmom-50gm(Alachi),1.0
2432,Mutton (Head),2.0
2432,Boot Pulse(Broken)1Kg,2.0
2432,Alu Bukhra-100g,1.0
2432,Pran Jhatpot Chicken sausages 250g,1.0
2432,Chicken Meat Ball-250gm,1.0
2432,Mutton (Lever),1.0
2432,Shakti Mango Doi 80g,2.0
2432,Vermicelli Samai-200gm,2.0
2432,Prince Mixed Pulse-1Kg,1.0
2432,Meril Baby Toothbrush (Panda),1.0
2432,Dabur Red Paste-200gm,1.0
2432,Madina Azoa VIP Dates-500gm,1.0
2432,White Kazu Badam(Special)-100gm,2.0
2432,Prince Betel Spice 100gm,2.0
2432,Pran Jhatpot French Fry- 500g,1.0
2432,Tengra Fish,0.57
2432,Pesta Nut-100g,1.0
2432,CP Chicken Hot Sausage- 400g,1.0
2432,Hilsha Fish Large- 1Kg+,1.12
2432,Cow Stomach-K,2.07
2432,Katol Fish XXL (Kata),1.16
2432,Prince Lacha Samai-200g(Pkt),1.0
2432,Radhuni Haleem Mix 200Gm,1.0
2432,Ruchi Alu-Bukhara Pickle-200g,1.0
2432,Snickers Chocolate-50gm,2.0
2432,CP Spicy Chicken Ball-500g,1.0
2432,Tamarind Sora Special Wrapping,0.56
2432,Twinings Green Tea-40gm,1.0
2432,AG Jumbo Vegetable Singara 10p-400g,1.0
2442,Beef Bone Full,3.21
2442,Cow Stomach-K,3.77
2442,Cow Lever-K,0.66
2577,Fresh Soyabean Oil,1.0
2577,Fantastic Biscuit,1.0
2620,YC Facial Scrub Papaya-175ml,1.0
2620,Chicken (B-Skin Less),1.14
2620,Chicken Deshi (Pakistani) Cock,2.0
2620,Jimmy Lollipop Chocolate- 11g,2.0
2620,Bashundhara Paper Napkin-100p,1.0
2620,Aquafina Drinking Water- 500ml,1.0
2350,Treseme Hair Fall Conditionar -190ml,1.0
2350,AG Chicken Meat Ball Spicy-250g,2.0
2350,Faysal Party Spray-06,1.0
2448,Yokozona Twisty Goodness Crackers-60g,1.0
2448,Queens Nun Bread- 250g,1.0
2448,Q Chicken Crispy Meat Ball-360g,1.0
2448,Roja Butterfly Shrimps- 200g,1.0
2448,Spring Air Fershner Flora-300ml,1.0
2448,Pastiano Pasta Maja Macaroni poly -250gm,1.0
2448,ACI Aerosol 475ml,1.0
2448,Pringles Potato Crisps -158g (All),1.0
2448,China Doll Toy(05/23),1.0
2542,Flat Noodles - 180gm {C. Masala},1.0
2542,CBL Munchee Choco Finger 192gm,1.0
2542,China Can Opener (5/23),1.0
2542,G.Aer Car Freshner Lavender Bloom-10gm,1.0
2596,Malta (Yellow)-kg,0.92
2596,Aarong Sweet Yogurt-500gm,1.0
2669,Hubba Bubba Mega Gum-56gm,2.0
2669,Pran Chocolate Milk -200ml,1.0
2669,Dry Puti Shutki 100gm,1.0
2669,Chepa Shutki-100gm,1.0
2669,Fresh Refined Sugar-1000gm,2.0
2669,China Green Majuni(4/23),1.0
2669,Dolphin Nata De Coco Cup(All Flv.)-270ml,2.0
2669,Treseme B Nourish & Rep. Shampoo-580ml,2.0
2669,Muslim Jhinuk-200g,1.0
2669,Beef Italian Sausage 280gm,1.0
2669,Angelic Fresh 300ml(Citrus),2.0
2669,Brooke Bond Taaza Tea- 400gm,1.0
2669,Lifebuoy Lemon Hand Wash-200ml,1.0
2669,MP Thai Kakra Clip-022,4.0
2669,China Medicine Box(5/23),1.0
2669,Nutkao D S Cocoa & Hazelnuts-200g,2.0
2669,Sanjida Knife Holder-091,1.0
2669,Lacys Aluminium Foil(45cmx7.6m)-37.5SFt,1.0
2669,Sunsilk Black Shine Shampoo-330ml,1.0
2669,Sanjida Wooden Khunti-51,1.0
2669,Diamond Aluminum Foil-37.5 ft,1.0
2669,Shokti Strawberry Delight- 80g (Adult),1.0
2669,Bashundhara Atta-2kg,4.0
2669,China Toilet Brush (4/23),2.0
2669,Sanjida Wooden Body Masaj-58,1.0
2669,Sanjida Stone Piri-058,1.0
2669,Fatema Bamboo Tray B-057,1.0
2669,Cinnamon-200g (Daruchine),1.0
2669,Green Chilli(kg),0.51
2669,Lifebuoy Care Hand Wash-200ml,1.0
2669,Bio Active Lavello Lip Th-3.2g,1.0
2669,Milk Soft Chewy Candy(B2-G1 Free)- 50g,1.0
2669,Pran Mango Milk -200ml,3.0
2669,Mola Shutki-100gm,2.0
2669,Nona Hilsha Shutki,0.85
2669,Kazi Chicken Sausages (Spicy)-340gm,1.0
2669,Tomato L.C(kg),1.03
2669,Buldak Noodles (All),4.0
2669,Dettol Soap 75g B3 G 30tk OFF,2.0
2669,Coca Cola Classic 320ml (Can),1.0
2669,Sanjida Wooden Beloon-057,1.0
2669,Sanjida Wooden Dabu Spoon -54,1.0
2669,Usta(kg),0.52
2669,Parachute Coconut Oil-350ml,1.0
2669,Vim Liquid Dish Wash-500ml,1.0
2669,Fanta Grape -320ml,1.0
2640,Music S C Feeding Bottle (01101)-240ml,1.0
2640,Shahi Cumin-50gm,1.0
2640,Faysal Fairy Wings-09,1.0
2640,Star Masalla--50g,1.0
2640,Farlin Silicon Nipple in Jar Size-L,3.0
2640,Chui Jhall-100g,1.0
2640,Kabab Sugar-50gm,1.0
2640,Ligion Active Cone Mehedi-35g,1.0
2685,Radhuni Fish Cury Masla-100g,1.0
2685,Barley Arrarot-200mg,1.0
2685,Saad Hot Tomato Sauce-500gm,1.0
2687,Mama Shrim Tom Yum Noodles-60g,3.0
2687,Mama Spicy Seafood Cup Noodles-65g,4.0
2687,Teer Suji 500gm,2.0
2687,Frutika Mango Juice-250ml,2.0
2687,P.Frooto Mango Juice-250ml,2.0
2687,Diploma Milk Powder-500g,2.0
2687,Palletoss Gol Gappa 500gm,4.0
2687,Akher Sugar -1kg,2.0
2687,Lassa Special Semai-500g(Pkt),1.0
2687,Teer Atta 2kg,1.0
2687,ACI Pure Salt-1Kg,1.0
2687,Sunkist Pistachios - 150gm Pkt,1.0
2687,Aarong Butter Salted-100gm,1.0
2687,Mama Hot & Spicy Cup Noodles-62g,3.0
2687,Kolson Vermicelli-200g,2.0
2687,Prince Lacha Samai-200g(Pkt),1.0
2699,Quality Baby Cap-06,1.0
2699,Haribo Goldbears Candy-30gm,1.0
2762,Dark Chocolate Digestive-130g,1.0
2762,Pepsodent Orange Toothpaste-45g,1.0
2762,Bounce Choco Cream Biscuits-32gm,1.0
2762,Ch.Ceramic Mug-Y11(4/23),1.0
2762,Pran Chocolate Milk -200ml,2.0
2762,GG Lighting Rubber Ball-56,1.0
2762,Motor Vaja-15g,1.0
2762,Prince Lacha Samai-200g(Pkt),1.0
2762,RD Coffee Cold Milk -200ml,2.0
2762,Queens Nun Bread- 250g,1.0
2762,Sensodyne Deep Clean Toothpaste-70g,1.0
2762,Queens Burger Bread (BUN)- 250g,1.0
2762,Ch Water Pot M- (4/23),1.0
2795,Carrot (China)-kg,0.62
2795,China Soft Ball (4/23),1.0
2795,Mini Singara-600g,1.0
2795,Odonil Air Freshner Lavender Meadows- 48gm,1.0
2795,Sticker,2.0
2795,GG Ribbon -5,1.0
2795,Odonil Air Freshner Jasmine Mist- 48gm,1.0
2795,Discovery Peanut Butter S&C-510g,1.0
2795,C.N Chicken Spicy Nuggets-250gm,1.0
2795,China Clay Toy- (4/23),2.0
2795,Lactogen-3 BIB-350gm,1.0
2795,Parboil (Potol)-kg,0.76
2795,Funtastic Nimok Halal Biscuit (B3G1),1.0
2795,Cassia Leaf-100gm (Tespata),1.0
2795,Nestle Kit Kat 4Finger Chocolate- 36.5g,2.0
2795,CBL Munchee P.Nice Biscuits 124g,1.0
2795,AG Chicken Spicy Nuggets-250g,1.0
2795,Kelloggs Chocos -110g,1.0
2795,Queens Egg Bread- 125g,1.0
2795,China Baby Rabit Toy (5/23),1.0
2795,Funtastic Hebby Energy Biscuits-200gm(B3G1),1.0
2795,Horlicks Classic Malt-450gm,1.0
2795,Julies LLW.Cube Cheesy Duo150g,1.0
2800,R. Flavouring Essence Vanilla-28ml,1.0
2800,Teer Premium Lodized Salt- 1kg,2.0
2800,Pran hot Tomato Sauce-1000gm Jar,1.0
2800,Mediplus T/P -140gm DS,2.0
2800,Maggi Soup Thai- 35g 4Pcs Combo,1.0
2800,Vim Dishwash Liquid- 1L,1.0
2800,Sandalina Sandal Soap-125gm,4.0
2800,Pepsodent Fresh-140g,1.0
2800,Bashundhara Paper Napkin-100p,2.0
2800,Surf Exel 1KG Bye2 Get Vim 250ml Free,1.0
2800,Harpoon Toilet Cleaner- 750ml,1.0
2800,Chia Seed (Dana) New-100g,1.0
2800,Technic Mega Lash-14ml,1.0
2800,Finlay Gold Tea-100g-50Bags,1.0
2800,HRC Clevedon Tea-400gm Poly,2.0
2800,Harpic All in one Powder-400gm,2.0
2800,Oregano Bottle-10gm,1.0
2800,Vim Bar 300g (Lemon),2.0
2800,Harpic Power T.Clen-750ml (Original),2.0
2800,Bashun Paper Towel - 250Pcs,4.0
2800,Seylon Gold Bland Tea Bag- 100g,1.0
2800,Fresh Premium Tea-400gm,1.0
2800,Mirzapur Tea Bag-100gm,2.0
2800,RFL Pure Rtg Container 400ml- Assorted,2.0
2800,Wheel 2in1 Clean & Fresh Powder-1Kg,1.0
2800,Arla Dano Daily Pushti-1kg,2.0
2800,Barley For Eating-200gm,1.0
2800,Prince Dragon Egg Noodles - 300gm,4.0
2800,Lakme Kajal Eye Co Nic-0.35g,1.0
2800,C.Tuna Vegetable Oil-165gm,1.0
2800,Sunsilk conditioner Perfect Straight-80m,1.0
2800,B Toilet Tissue Extra Saving Pack 4Rolls,1.0
2800,Sunsilk Black Shine Shampoo-330ml,1.0
2800,Oregano Leaves- 10g,1.0
2800,Pran UHT Liquid Milk-1000ml,4.0
2800,Quality Premiun Paratha 20Pcs-1300g,1.0
2800,CP Spicy Chicken Ball-500g,1.0
2800,Maggi Masala Noodles 12Pcs-744g,1.0
2802,Farm Fresh Butter-200gm Box (50X4pcs),1.0
2802,Chicken (B-Skin Less),1.5
2802,Capsicum Green,0.34
2802,Pusti Soyabean Oil-5Ltr,1.0
2802,Cerelac Baby Rice Riz Milk-400g,1.0
2802,Onion Deshi(New)-kg,2.04
2802,Tomato L.C(kg),0.45
2802,Bajaj Almond Drops Hair Oil-100ml (BD),1.0
2802,Snack Guard (Chichinga)-kg,0.57
2802,Baby Sipper Cup Mom Pot:AB-301001WB,1.0
2802,Prince Sour Curd-500gm,1.0
2802,Chicken Deshi (Pakistani) Cock,4.0
2802,Milk Vita Liquid Milk-1Ltr,2.0
2802,Nestle Nan Opti Pro 6-12 months,1.0
2802,Prince Bread-800g (Big),1.0
2802,Cauliflower(B)-Pc,1.0
2802,Teer Maida-2kg,1.0
2802,Beef Bone Full,3.15
2802,Borboti(kg),0.56
2802,AS Liquid Silicone Pacifier,1.0
2802,Chicken Soup (Deshi),4.0
2802,Carrot (China)-kg,0.59
2805,Mixed Powder Masalla-100gm,1.0
2805,Radhuni Kabab Masla-50gm,1.0
2805,Teer Whole Wheat Atta 2Kg,1.0
2805,GR Volume Eyeliner-6.5ml,1.0
2805,Radhini Meat Cury Masala-100g,1.0
2805,Black Pepper(Chili)-50g,1.0
2805,UM Spoon-303 1pis,2.0
2805,GR. Wow Nail Colour-6ml,1.0
2805,Chia Seed (Dana) New-100g,1.0
2805,Shan Chicken Tikka-50g,1.0
2805,Vim Bar 300g (Lemon),2.0
2805,PC P. Matte Edi. Rouge Lipstick,1.0
2831,Green Chilli(kg),0.37
2831,Shipon Ear Tops -021,1.0
2831,Taslima Towel-79,1.0
2831,Shipon Chain-071,1.0
2831,Gopal Ind Like Me Bra S-34 (4/23),2.0
2831,Shrimp Fish Small (THR),1.05
2844,Junior Horlicks-500g,1.0
2844,Thai Papaya Ripe Red Lady,1.29
2844,Nutkao D S Cocoa & Hazelnuts-200g,1.0
2844,Discovery Peanut Butter S&C-510g,1.0
2844,Calender Pineapple,1.0
2844,Kamranga,0.31
2844,Sprite-600ml (Pet),1.0
2844,Coca Cola-600ml(Pet),1.0
2844,Polar Ice-Cream Kheer-1Ltr,1.0
2844,Sunquick Orange Juice- 330ml,1.0
2844,Jumbura Medium,1.0
2844,Rooh Afza -750ml,1.0
2849,Tibet 570 Soap-130gm,1.0
2849,Dabur Red Paste-200gm,1.0
2849,Mango Himsagor-kg,1.43
2849,China Glass Jar (5/23),3.0
2849,Grape White Small (IIndian),0.58
2849,Ch.Coffee Mug-(4/23),2.0
2849,Prince Sour Curd-500gm,1.0
2849,"Opal Bowl Set 6""-B1",1.0
2849,Ruchi Orange Jam-480gm,1.0
2849,Dalos Mango Can Juice 250ml,1.0
2849,Apple Green,0.74
2849,Mr. Potato 160g(Org),1.0
2877,Prince Tanduri chick. Noodles-180gm,2.0
2877,Wheel 2in1 Clean & Fresh Powder-1Kg,1.0
2877,Musur Pulse Kangaroo -1Kg (sp),1.0
2877,Pepsodent Strawberry Toothpaste-45g,1.0
2877,Doodles Stick Noodles-300gm,1.0
2877,Sensodyne Toothbrush (Buy 2 Get 1),1.0
2877,Remia Salad Dressing- 250ml All,1.0
2877,Olympic Salcoti Elachi Cookies-80gm,1.0
2877,Rin Advanced-1000gm,1.0
2318,Coca Cola-2.25Lt(Pet),2.0
2318,Beef Bone Full,3.1
2318,Prince Borhani-2Ltr,2.0
2882,HIT Cockroach Aerosol- 625ml,1.0
2882,Glow&Lovely Advanced M.V-80g,1.0
2882,Prince Square Toast-250gm,1.0
2882,Prince Bread(Special)-400g,1.0
2882,Chicken Sausage-350gm,1.0
2882,Quality Smoked Sausage-350g,1.0
2882,Nescafe Original Coffee-200g,1.0
2882,Lotus Sun Block SPF-40 100gm,1.0
2882,R.Chanachur Premium Mix-200g,1.0
2894,Onion Deshi(New)-kg,2.04
2894,G H Deshi Paratha(Family pack)-1300gm,1.0
2894,Fresh Hand Towel- 250Pcs,1.0
2894,Bashun Paper Towel - 250Pcs,1.0
2894,Mr.Noodles Easy-12Pcs,1.0
2894,Harpic Power Plus Toilet Cliner-1000ml,1.0
2894,Garlic China Big-(kg),1.14
2894,Cock Roast (Deshi)-PC,2.0
2894,Bashu. Toilet Tissue (White),1.0
2894,Ispahani Premium Green Tea-70g,1.0
2894,Prince Sweet Toast Biscut-400gm,1.0
2894,Gillette Saving Foam Sensetive-418gm,1.0
2894,Aarong Matha-200ml,1.0
2894,Dark Chocolate Digestive-130g,1.0
2894,Vim Bar Lemon-125gm,2.0
2894,Ginger Barmiz-(Kg),0.7
2894,Fay Toilet tissue White-180Sheets,2.0
2894,Wheel 2in1 Clean & Fresh Powder-1Kg,1.0
2894,Mediplus Gel Paste-100gm,1.0
2894,Potato Deshi New-1kg,2.09
2894,Prince Baking Powder-150g,1.0
2894,Sweet Pumpkin(kg),2.24
2894,Fresh Toilet Tissue (White) Roll,1.0
2894,Panch Foron-100g,1.0
2894,RD Coffee Milk B2 G1-200ml,2.0
2894,Ahmed White Vinegar-250ml,1.0
2894,Olympic Energy Plus Malai Bis-45gm,1.0
2894,Mr.Energy Biscuits-85gm,1.0
2894,Ramdhoni-50gm,1.0
2894,Cinnamon-100g (Daruchine),1.0
2894,Italiano Apple Cider Vinegar- 500ml,1.0
2894,Belleame Choco Little Biscuit-45gm,1.0
2894,Net Pumpkin (Jali Kumra)-Pc,1.0
2894,Snack Guard (Chichinga)-kg,0.71
2894,Usta(kg),0.63
2918,Peticot,1.0
2918,Dhakna,3.0
2918,Alupuri,1.0
2918,Dalpuri,2.0
2932,Quality Premiun Paratha 20Pcs-1300g,1.0
2932,Dragon Fruits (B),2.96
2932,Savlon Antiseptic Shield Hand Wash-500ml,1.0
2932,Tayas Almond S.Chocolate-700g (TIn),1.0
2932,Imperial Leather Soap-200g,1.0
2932,Grapes (Red),1.49
2932,ACI Aerosol 800ml,1.0
2932,China Floor Mat (4/23),1.0
2932,Tayas Magic Chocolate-700g {Tin},1.0
2932,Colgate Sttong Toothpaste-175gm,1.0
2932,Pomegranate (Mitulla)-B,1.97
2947,Methi-100Gm,1.0
2947,Chia Seed (Dana) New-100g,1.0
2947,Black Variety Of Salt-200gm,1.0
2947,Kolson Vermicelli-200g,1.0
2947,Asli Almol Kali Mehndi,1.0
2953,Ispahani Lexus Biscuit-150g,1.0
2953,Mixed Pulse-500gm,1.0
2953,Butter Toast Biscuit-200gm,1.0
2953,Radhuni Chatpati Masala 50Gm,1.0
2953,Rupchanda Soya-1Ltr(PET),2.0
2953,Meril Splash milk & beli Soap-100gm,1.0
2953,Lifebuoy Health Soap Lemon Fresh-100g,1.0
2953,Close-Up Menthol Fresh-160g,2.0
2953,White Kazu Badam-50g,1.0
2953,Pandan Kaya Bread- 225g,4.0
2953,Kazi Chicken Samosa-250g,3.0
2953,Mixed Masalla-100gm,2.0
2953,ROK Floor Cleaner-1000ml (Pine),1.0
2953,Starship Chocolate Milk-200ml,1.0
2953,Pran Drinko Float Coconut Jelly- 250ml,2.0
2953,Hot Pran Tomato Sauce-500gm,1.0
2953,Tang Orange Drink Powder - 500gm {Pkt},1.0
2953,Roja Deshi Classic Paratha-1300gm,1.0
2953,Lati Thik(Kg),1.23
2953,Hilsha Fish-Medium-Pcs,3.0
2953,Shrimp Fish Small (THR),1.21
2953,Borboti(kg),0.51
2953,Fresh Refined Sugar-1000gm,1.0
2953,B.Paper Napkin (Perfumed)-80Pcs,1.0
2953,Yum Muffin Cake,2.0
2953,Angelic Fresh 300ml(Citrus),1.0
2953,Brooke Bond Taaza -100g,1.0
2953,Biscuit Pizza -40gm,1.0
2953,Carrot (China)-kg,0.38
2953,Malta (Yellow)-kg,3.22
2953,London Boy Vest M-18,1.0
2953,Bashundhara Paper Napkin-100p,3.0
2953,Doodles Chicken Masala Noodles 4 packs,1.0
2953,Aarong Ghee 200g,1.0
2953,Kaveri Mehendi Cone 2pcs -25g,1.0
2953,Fresh Atta-2kg,3.0
2953,Hit Chalk-1pcs,2.0
2953,Lexus Vegetable Biscuits (Buy2 Get1),1.0
2953,Sajeeb Kolson Vermicelli Semai (B2G1),1.0
2953,Musur Pulse Kangaroo -1Kg (sp),2.0
2953,Fresh Salt Premium-1kg,2.0
2953,Cinnamon-100g (Daruchine),1.0
2953,Frutika Mango Fruit Drink-200ml,2.0
2953,Meril Splash Milk Soap-100gm,1.0
2953,Lux Soft Glow Soap-100g,1.0
2953,Lux Soft Glow -35g (4pcs Combo),2.0
2953,EM Pasta Shell Big-400gm,1.0
2953,Cocola Anarkali Toast Biscuits-200g,1.0
2953,Foochka (Kacha)-200g,1.0
2953,Chicken Mini Samusa 250gm (Prem),1.0
2953,Shrimp FIsh Dima Big (HB),0.42
2953,Green Papaya(kg),1.23
2953,D Korean Ramen 3X Spicy Noodles-248gm,2.0
2953,Kolson Macarony-200gm All Flv.,3.0
2953,Mr.Noodles Easy Masala-8pcs,3.0
2953,Parachute Coconut Oil-350ml,1.0
2953,Mirjapur Best Leaf-100gm,2.0
2953,Kath Badam-100g,1.0
2953,KurKure Cream & Onion 37gm,2.0
2953,Pepsodent Gremichek+ Toothpaste-100gm,3.0
2953,Meril Milk & Rose Soap 100gm,3.0
2953,Tang orange Flavoured Instant Drink Powder 75gm,1.0
2953,Lux Soft Glow Jasmine Soap-75gm,2.0
2953,Dove Hair Fall Rescue -450ml,1.0
2953,Tibet Ball Soap-130g,2.0
2953,Chaka Advanced Ball Soap-125gm,2.0
2953,ACI Pure Salt-1Kg,3.0
2953,Confidence Salt-1Kg,1.0
2953,Mace (Jotric) -50g,1.0
2953,Poppers Corn-Coco Chips-25gm,3.0
2953,Capital Food Color-28ml,1.0
2953,Ladies Finger (Vendi)-kg,0.5
2953,Kakrol(kg),0.42
2953,Apple(Gala),2.61
2953,Crocodile Underware- 08,1.0
2953,Chopstick Bar-B-Q Noodles-8Packs,1.0
2953,Milk Vita (Ghee)-200g,3.0
2953,Saad Custard POwder Tin Can 150G,1.0
2953,Meril Milk Soap 100gm,1.0
2953,China Car Toy(05/23),1.0
2953,China Remote Car (5/23),1.0
2953,Funtastic Nimok Halal Biscuit (B3G1),1.0
2953,Fresh Lexus Cracers-204 gm {B2G1},1.0
2953,Mug Pulse (Sona)-1kg,2.0
2953,Mug Pulse (Sona)-500gm,4.0
2953,Prince Dubli Pulse-1kg,1.0
2953,Easy Mix Roast Masala-35g,1.0
2953,Cardmom-50gm(Alachi),1.0
2953,Sensodyne Toothbrush (Buy 2 Get 1),1.0
2953,Colour Me Body Spray-150ml (Pop Art),1.0
2953,Saad Tomato Sauce-340gm,1.0
2953,Pran hot Tomato Sauce-1000gm Jar,1.0
2953,Pantene Shampoo-340ml (Long Black),1.0
2953,Closeup Green-100gm,1.0
2953,Cauliflower(B)-Pc,2.0
2953,Akher Sugar -1kg,3.0
2953,Vermicelli Samai-200gm,1.0
2953,Knorr Thai Soup- 28g,4.0
2953,Maggi Noodles Masala Taste-496g,3.0
2953,Mr. Noodles Korean S Spicy- 248gm,1.0
2953,IDC Kelloggs Chocos-385g,1.0
2953,Bashundhara Atta-2kg,4.0
2953,Bounce Choco Cream Biscuits-32gm,2.0
2953,Cheesy Bites-40gm,1.0
2953,Vim Liquid Dish Wash-500ml,1.0
2953,Olympic Battery (Metalic)UM-3-1pcs,3.0
2953,Sajeeb Soft Drink Powder Orange500g,1.0
2953,China Steel Majuni Single-(4/23),1.0
2953,Fresh Soyabean Oil-1Lt.,1.0
2953,Arla Dano Daily Pushti-500gm,3.0
2953,Fresh Insta Full cream Milk Powder-500gm,1.0
2953,Onion Deshi(New)-kg,2.08
2953,Net Pumpkin (Jali Kumra)-Pc,2.0
2953,Snack Guard (Chichinga)-kg,1.87
2953,Usta(kg),0.73
2953,Grapes (Red),1.15
2953,Pomegranate (Mitulla)-B,0.25
2953,Maggi Soup Thai- 35g 4Pcs Combo,1.0
2953,Brooke Bond Taaza Black Tea-200g,1.0
2953,Pusti HT Ghee Toast Biscuit -250g,1.0
2953,China Jhilmil Majuni (4/23),1.0
2953,Jimmy Lollipop Chocolate- 11g,3.0
2953,Vim Dishwashing Liquid- 500ml,1.0
2953,Meril Splash Milk & Kiwi Soap-100gm,3.0
2953,Lifeboy Lemon Fresh-150gm,2.0
2953,Teer Sugar-1Kg,2.0
2953,Rui Fish-M-(MNK),1.54
2953,Hilsha Fish(Small)-Pcs(Sajah),2.0
2953,Tomato L.C(kg),0.47
2953,Cucumber (Hybrid)-kg,0.89
2953,Green Chilli(kg),0.21
2953,Cabbage-Pc,1.0
2953,Nutella-180g,1.0
2953,Maggi 2min Masala-248g (Jumbo),1.0
2953,Kelloggs Chocos -110g,1.0
2813,BTC Foyel Birthday Benner-031,1.0
2813,Faysal Party Spray-73,1.0
2813,Faysal Candle -71,1.0
2813,Faysal Birthday Balloons- 04,1.0
2916,Noret 28,1.0
2916,Tawa,1.0
2916,Dhakna,2.0
2916,Hot Pot-,1.0
2916,Hot Mug,1.0
2958,Radhuni Spices Cumin-100gm,1.0
2958,Special Chinigura Rice-1Kg,2.0
2958,Rupchanda Soyabean-2Lt-PET,1.0
2958,Golden Raising-100gm(Kismis),1.0
2958,Fram Fresh Sour Curd(Yogh.) 500gm,2.0
2958,Onion Deshi(New)-kg,2.08
2958,Ginger Barmiz-(Kg),0.61
2958,Sweet Pumpkin(kg),0.76
2958,Sunshine Atta -2kg,1.0
2958,Radhuni Tehari Masala-45g,1.0
2958,Potato Deshi New-1kg,2.04
2958,Chicken Deshi (Pakistani) Cock,3.0
2958,Diamond Foil Paper-200/60 SQ,1.0
2958,Mug Pulse (Sona)-1kg,1.0
2958,Sun Chips Wasabi-35g,2.0
2958,Pabda Fish (Small) (HB),0.46
2958,Cucumber (Hybrid)-kg,0.67
2958,Lemon(Colombo)-Pc,3.0
2958,Prince Lacha Samai-200g(Pkt),2.0
2958,Garlic China Big-(kg),1.08
2958,Green Chilli(kg),0.19
2958,Carrot (China)-kg,0.24
2958,Cabbage-Pc,1.0
2958,Prince Cone Mehedi,1.0
2966,Shing Fish-(THR),0.66
2966,Meril Milk & Rose Soap 100gm,1.0
2966,Pabda Fish (Big),1.21
2966,Katol Fish (Small)-(MNK),2.1
2966,Tomato L.C(kg),0.7
2966,Poa Fish Small-(MNK),0.76
2966,Fresh Salt Premium-1kg,1.0
2966,ACI Pure Salt-1Kg,1.0
2979,Cardmom Big-50gm(Alachi),2.0
2979,Nut Meg 50g(Joy Fall),1.0
2979,Oral-B Gum Protect Tootbrush,1.0
2979,Kewra / Rose Water,2.0
2979,Prince Coconut-(pcs),1.0
2979,Lifebuoy Liquid Total Hand Wash-170ml,2.0
2979,C.Peanut Butter Chunky-340g,1.0
2979,Maltova BIB Pack 400gm,1.0
2979,Salmon Fire Box-1D,2.0
2979,Clean & Clear Tub-100ml,1.0
2979,Sandalina Sandal & Rose Soap-150gm,2.0
2979,Lifebuoy Liquid Total Handwash -170ml,2.0
2979,Kishwan Jhal Chanachur-250g,1.0
2979,BD White Vinegar- 650ml,1.0
2979,Oreo Chocolate Creme-133g,1.0
2979,Teer Advance Fortified Oil-8Ltr,1.0
2979,Soya Sauce-500ml,1.0
2979,Chocolate Digestive 145gm,2.0
2979,Wheel 2in1 Clean & Fresh Powder-1Kg,1.0
2979,Vim Dishwash Liquid- 250ml,4.0
2979,Star Masalla--50g,1.0
2979,Special Chinigura Rice-1Kg,1.0
2979,Diploma Milk Powder-500g,1.0
2979,Dove Beauty Cream Bar- 90gm White,1.0
2979,White Kazu Badam(Special)-100gm,2.0
2979,Mola Shutki-100gm,2.0
2979,Radhuni Falooda Mix Mango-250gm,1.0
2979,Chicken Samosa-250gm,1.0
2979,Chicken Spring Roll - 250gm,1.0
2979,Quality Plain Paratha 10Pcs-600gm,1.0
2979,Shrimp Fish Bagda,3.13
2979,Diploma Ins Milk Powder-1kg,3.0
2979,Kodomo Baby Bath-100ml,1.0
2979,Colgate Total Toothpaste-120gm,3.0
2979,Radhuni Falooda Mix Vanilla-250gm,1.0
2979,Bashun Paper Towel 1Ply- 250Pcs,2.0
2979,Brooke Bond Taaza Tea- 400gm,1.0
2979,Motor Vaja-30g,4.0
2979,Clear Men Cool Menthol-170Ml,1.0
2979,Oreo Chocolatey S. Biscuits-113.75g,1.0
2979,Surf Excel W Aloe Vera-1kg,1.0
2979,Alu Bukhra-200gm,1.0
2979,Pistachion-50gm(Pasta Dana),1.0
2979,Prince Sour Curd-500gm,1.0
2979,Quality Premiun Paratha 20Pcs-1300g,3.0
2979,Chicken Deshi (Pakistani) Cock,4.0
2979,Mr.Noodles Chi-8pcs-496gm,1.0
2979,Fun:Chocolate Pound Cake-80gm,3.0
2979,Kodomo Baby Lotion-200ml,1.0
2979,Lifebuoy Handwash Care -170ml,1.0
2979,Musur Pulse Kangaroo -1Kg (sp),1.0
2979,Teer Premium Lodized Salt- 1kg,2.0
2979,Aarong Liquid Milk-1/2Ltr,3.0
2979,Kodomo Baby Shampoo-100ml All,1.0
2979,H & S Anti Hairfall Shampoo-180ml,1.0
2979,Isubgool Pack-200g,1.0
2979,Hilsha Fish-M (Kg),1.53
2979,Green Chilli(kg),0.49
2979,Organikare(Pink Hand Wash +Refil)Combo,1.0
2979,Chocolate Cream Wafer Biscuit C&D-70gm,1.0
2979,Shan Biryani Masala-50gm,2.0
2979,Clove Lobongo-50g,1.0
2979,Oreo Original Biscuits-133g,3.0
2979,Blue Lady Body Spary-200ml,1.0
2979,Marks FCMP-500gm(F. Pack),2.0
2979,Ginger Barmiz-(Kg),0.89
2979,Bisk Club Potata Biscuit- 100g,3.0
2979,Coca Cola-2.25Lt(Pet),1.0
2979,Fay Toilet tissue White-180Sheets,4.0
2979,Livon Hair Serum 100ml,1.0
2979,Oral B Ultra Thin Sensitive Green 2+2,1.0
2979,B.B Tazza Black Tea -400g,1.0
2979,Ayesha Gas Lighter -56,1.0
2979,K Grisbi Biscuit-250gm,2.0
2979,ACI Pure Salt-1Kg,1.0
2979,Easy Mix Roast Masala-35g,3.0
2979,Radhuni Biriyani Masala-40g,3.0
2979,Chashi Aromatic Chinigura Rice-1Kg,3.0
2979,Pran hot Tomato Sauce-1000gm Jar,1.0
2979,Chicken Deshi Cock (Live),2.0
2979,Akher Sugar -2kg,2.0
2979,Fun:vanila Pound Cake-80gm,1.0
2979,Kishwan Chocolate Cookies-250gm,3.0
2979,Sunsilk Hijab Refresh Shampoo-330ml,1.0
2979,Fair & Lovely Multi V-100g,1.0
2340,Pran Jhatpot Plain Paratha-1600g,1.0
3026,White Plus Toothpaste- 80gm,1.0
3026,Vermicelli Samai-200gm,3.0
3026,Chanachur(Special)-350gm,1.0
3026,Mediplus Tooth Paste-140gm,1.0
3026,Revlon Flex Conditioner-20FL All,1.0
3026,Pandan Kaya Bread- 225g,1.0
3026,Alam Baby Frock-013,1.0
3026,Prince Lacha Samai-200g(Pkt),2.0
3026,Snickers -50gm(Buy 2 Get 1 Free),1.0
3026,Cotton Bud 120pcs Flat,1.0
3026,Aer Spray Fresh- 270ml,1.0
3026,Cassia Leaf-100gm (Tespata),1.0
3026,Harpic 1L B2 get 50tk Off,1.0
3026,Madhuban Oval Paan Masla,1.0
3026,Chicken Sausage-350gm,1.0
3026,China Hair Band -(5/23),1.0
3026,Aer Violet Air Freshner- 240ml,1.0
3026,RFL Diamond Mug 21-Blue,2.0
3026,Chaad Febrick Brightener-50ml,1.0
3026,Sweet Pumpkin(kg),0.71
3026,Hit Mosquitoes Aerosol 800ml(90tk Off),1.0
3037,Aci Salt-100mg (Bottle),1.0
3037,Rok Lemon Fresh Dishwashing Liquid-500ml,1.0
3037,Fortune KG Mustard Oil- 250ml,1.0
3037,White Kazu Badam(Special)-100gm,1.0
3037,Ramisa Papar-10Pcs,1.0
3037,Shrimp Fish Bagda,0.53
3037,Akher Sugar -1kg,2.0
3037,Coca Cola-2.25Lt(Pet),1.0
3037,Pastiano Long Cut Vermicelli Semai-450gm,1.0
3037,Nescafe Classic Jar-25gm,2.0
3037,Miss & Mrs Nail Polish-15ml,1.0
3037,Pusti Atta -2kg,1.0
3037,Pesta Nut-50g,1.0
3037,MP Safety Pin -01,3.0
3037,Nocilla Cocoa Spread-190g(cho),1.0
3037,Fish Papor-100gm,2.0
3037,Khondoker Fuler Jharu-56,1.0
3037,Zipbag Sandwich 165mmX150mm,1.0
3037,Muslim Fish Papor-100g,1.0
3037,Bashun Paper Towel - 250Pcs,1.0
3037,Magica Choco Fills Cookies Biscuit-220gm,1.0
3037,Seylon Pyramid Tea Bag-100gm,1.0
3037,China Party Balloon-20pcs (4/23),1.0
3037,Wheel 2in1 Clean & Fresh Powder-1Kg,2.0
3037,Tibet Ball Soap-130g,1.0
3037,Teer Fortified Soyabean Oil 3Ltr,2.0
3037,Diploma Milk Powder-500g,2.0
3037,Nido Growing Milk 1+ BIB - 350gm,1.0
3037,Prince Bread-800g (Special),1.0
3037,Sandalina Sandal Soap-125gm,1.0
3037,Ramisa-Fried Chira Masala Pkt-200gm,1.0
3037,Eon Dal Puri- 500gm,1.0
3037,G H. Premium Deshi Paratha-1300gm,1.0
3037,Bashundhara Paper Napkin-100p,1.0
3037,Rok Handwash Apple-350ml,2.0
3037,Funtastic Butter Cookies Jar -800gm,1.0
3037,Farlin Silicon Nipple in Jar Size-L,3.0
3037,GG Noris 1pc Pencils-5.7,1.0
3037,Polar Ice Cream Mango-1Ltr(Tub),1.0
3037,FE B.Day Heart Candle -001,1.0
3037,Sprite-1.25 Lt(Pet),1.0
3037,Lifebuoy Liquid Care Hand Wash-170ml,1.0
3037,Seylon Gold Bland Tea Bag- 100g,2.0
3037,RFL Lock & Like Cont 1100ml-917830,2.0
3037,Pop Corn(Khai Bhutta)-500gm,1.0
3037,Bashundhara Brown Atta-1kg,2.0
3037,HIT Cockroaches Spray 200ml,1.0
3037,RFLMonia Lock Cont Rtg-825ml,1.0
3037,Lamia Sharpner-51,1.0
3037,H. Kacha Fuska-200g,1.0
3037,Dust Boot (Bason)-500gm,1.0
3037,Golden Raisin (Kismis)-200gm,2.0
3037,P.D Pixie Toothbrush,2.0
3037,Hot Pran Tomato Sauce-500gm,2.0
3037,China Peanut-200gm Pkt,1.0
3037,Roti Chapati 20Pcs-1000g,1.0
3037,Akher Sugar -2kg,1.0
3037,Mr.Noodles Easy Masala-8pcs,1.0
3037,Monia Lock Rtg Container 1450ml-917828,1.0
3037,BTC Birthday Cap KomDami-51,2.0
3037,Memory Chanachur-400gm,1.0
3037,Lal Atta Roti -800gm,1.0
3037,MP Hijab Pin -61,1.0
3037,Ch. Water Pot-1000ml(05/23),1.0
3037,China Hair Band -(5/23),3.0
3037,GG Ereaser-02,1.0
3037,Belleame Toast Biscuit-250gm,1.0
3037,ACI Pure Salt-1Kg,1.0
3037,Confidence Salt-1Kg,1.0
3037,Chashi Aromatic Chinigura Rice-1Kg,4.0
3037,Harpic Power-500ml,1.0
3037,Green Chilli(kg),0.29
3037,Lassa Special Semai-500g(Pkt),2.0
3037,Chopstick Deshi Masala Noodles- 12pcs,1.0
3037,Prince Cone Mehedi,1.0
3037,RFL Tray 11.5,1.0
3037,Mama Vagina Gamsa-701,1.0
3037,RFL Trim Square Container 200ml- Trans,1.0
3037,Maggi Healthy Thai Soup-35g,2.0
3037,Flush Bathroom cleaning Liquid 500ml,1.0
3037,Dabur Chyawanprash-500g,1.0
3037,Eon Vegetable Singara- 400gm,1.0
3037,Beef Bone Full,2.82
3037,Cucumber (Hybrid)-kg,0.42
3037,Carrot (China)-kg,0.28
3037,Kath Badam-50gm,1.0
3063,Radhuni Kala Bhuna Masala 80gm,1.0
3063,Revive SunBlock-100ml,2.0
3063,PC Studio Nails-11.5ml,1.0
3063,Lilac Brightening Face Wash- 120ml,1.0
3063,Ramisa-Nakshi Pitha Box-4 Pcs,1.0
3063,Buter Halua-300g,1.0
3063,Isubgool Pack-50g,1.0
3063,Chicken (Deshi),2.12
3063,Beef Kima,0.52
3063,Prince Corn Flour-150gm,1.0
3063,B.Paper Napkin (Perfumed)-80Pcs,1.0
3063,Maggi 2min Masala-248g (Jumbo),1.0
3063,Maggi Noodles Masala Taste-496g,2.0
3063,Tibet Prickly Heat Powder-100gm,1.0
3063,R.Chanachur Premium Mix-200g,2.0
3063,Sharpner -22,1.0
3063,China Water Bottle (5/23),1.0
3063,Organikare Pink Hand Wash-250ml,1.0
3063,AD Osaka PVC Tape--61,1.0
3063,Sajeeb Soft Drink Powder Orange -250gm,2.0
3063,Misti Sob-100gm,1.0
3063,Nut Meg 50g(Joy Fall),2.0
3063,Kodomo Baby Shampoo-100ml All,1.0
3063,Onion Deshi(New)-kg,4.05
3063,UHT Strawberry Milk-200ml,2.0
3063,Jafran,1.0
3063,C.N Chicken Nuggets-250gm,1.0
3063,Piali Fish(Pachmishali),0.64
3063,Cow Lever-K,0.5
3063,Eye Of Arum(Tall) (Kachurmukhi)-kg,1.0
3063,Snack Guard (Chichinga)-kg,0.72
3063,Usta(kg),0.29
3063,Tal Misri (Sugar Candy)-200g,1.0
3063,Grape White Small (IIndian),0.2
3063,Chicken Deshi (Pakistani) Cock,1.0
3063,Kinley Club Soda -600ml,1.0
3063,Tetley Green Tea Bag- 25 {Lemon&Honey},1.0
3063,Fresh Atta-2kg,1.0
3063,Pesta Nut-50g,1.0
3063,Funtastic Ore Cream Biscuit-43gm,1.0
3063,Olympic Salcoti Elachi Cookies-80gm,1.0
3063,Lemon White Detergent Powder B3G1 -500Gm,2.0
3063,Ch.Pencil Bag (4/23),1.0
3063,Vaja Maskali Pulse-1kg,1.0
3063,Pran Chilli Powder-100gm,1.0
3063,Marks Cookies & Cream Flavour - 200ml,3.0
3063,Sunsilk conditioner Perfect Straight-80m,4.0
3063,White Plus Toothpaste- 80gm,1.0
3063,Fortune KG Mustard Oil- 250ml,1.0
3063,Cocola Salty Salted Bscuits- 100g,1.0
3063,Mmeory Salt Monekka Pkt-200g,1.0
3063,White Kazu Badam-50g,3.0
3063,Cock Roast (Deshi)-PC,4.0
3063,Magur Fish (THR),0.37
3063,AD Faber Castell Pencil HB/2B -1pis,3.0
3063,Capsicum Green,0.14
3063,Mojo Naga Can 250ml,1.0
3063,Fresh Premium Tea-400gm,1.0
3063,Bashundhara Atta-2kg,1.0
3063,Parachute Just For Baby Powder 200gm,1.0
3063,Dettol HW.170ml buy 2 Get Tiffin Box Free,1.0
3063,Ch Water Pot M- (4/23),2.0
3063,H.Black Pepper Powder-30gm,1.0
3063,China Hair Punch Clip-(5/23),1.0
3063,Pusti Mustard Oil-250ml,1.0
3063,Sunsilk Thick & Long Shampoo-330ml,1.0
3063,IDC Pringles Original-134g,1.0
3063,Chia Seed (Dana) New-100g,1.0
3063,China Peanut-200gm Pkt,1.0
3063,Prince Bread(Special)-400g,1.0
3063,Poa Fish Small-(Deshi),0.59
3063,Pabda Fish (Small) (HB),0.4
3063,Batashi Fish (HB),0.29
3063,Naspati(kg),0.89
3063,Lamia Hot Wheels Car Toy- 551,1.0
3063,Maggi Noodles Masala Blast-504g 8 Pack,1.0
3063,Cinnamon-100g (Daruchine),1.0
3063,Teer Fortified Soyabean Oil 3Ltr,2.0
3063,Complan Chocolate - 350gm Box,1.0
3063,Special Sugarcan Molasses,0.7
3063,Kazi Plain Paratha 10Pcs- 650gm,1.0
3063,Chicken (B-Skin),1.14
3063,Laitta Fish,1.0
3063,Apple(Gala),0.21
3063,BFL Foil Container 6pcs-510ml,1.0
3063,Mojo Cola Can 250ml,2.0
3063,Farm Fresh Ghee 200gm,1.0
3063,Parachute Advanced Oil-275ml,1.0
3063,Kolson Macarony-200gm All Flv.,2.0
3063,Parachute Coconut Oil-350ml,1.0
3063,Universe Khata Spiral-200page,1.0
3063,Savlon Freedom -8Pads,1.0
3063,Oreo Original Biscuits- 46.3/50gm,1.0
3063,Ifad Muri Toast - 350gm,1.0
3063,Cumin-100g,1.0
3063,Pistachion-50gm(Pasta Dana),1.0
3063,Pusti Soyabean Oil-5Ltr,1.0
3063,Clean&Clear Lemon Fresh F/W - 100ml,1.0
3063,Lusni 4Pcs Big,1.0
3063,Tokmadana-100gm,1.0
3063,Bele Fish Small,0.36
3063,Bata Fish(Small),0.52
3063,Lati Thik(Kg),0.53
3063,Brinjal Long (Thin)-kg,0.73
3063,Greens(Data Shak)-Pc,3.0
3063,Nescafe Original Can-240ml,1.0
3063,Pran Yogurt Sour Curd-500gm,1.0
3063,Bashundhara Paper Napkin-100p,1.0
3063,Aarong Ghee 200g,1.0
3063,Spring Air Fershner Flora-300ml,1.0
3063,EBY Lemon Facewash 100ml,1.0
3063,Pangas Fish Small (River),1.36
3063,Amul Kool Kesar FLV-150ml,2.0
3063,Vim Bar Lemon-125gm,2.0
3063,Onion LC New,3.98
3063,FCD Castor Oil B.P-70ml,1.0
3063,Kishwan Ghee Toast-200g,1.0
3063,Shrimp Fish Bagda,0.37
3063,Chira-500g,2.0
3063,Kachki Fish (THR),0.37
3063,Foli Fish,0.58
3063,Grape Black,0.29
3063,Meril Nail /P Remover-40ml,1.0
3063,Olympic Energy Plus Malai Bis-45gm,3.0
3063,EBY Rose Water Mist Tonar 120ml,1.0
3063,Ready Koi Fish Deshi Medium,0.56
2834,Naspati(kg),1.07
2834,Orange (Sa) Kg,1.08
2834,Parashute Beli Lite 200ml,1.0
2873,Ch Water Pot M- (4/23),2.0
2873,Ch. Lunch Box (05/23),2.0
2873,Cerelac Wheat With 3 Fruits-400gm,1.0
2873,Horlicks Classic Malt-450gm,1.0
2967,Kaikka Fish (Sea),1.06
2967,Kachki Fish (THR),0.27
2967,Grass Curp Fish-(MNK),3.91
2996,"Cerelac Mixed Fruits & Wheat Fruits,Ble-400gm",1.0
2996,China Toy(05/23),1.0
2996,Quality Plain Paratha 10Pcs-600gm,1.0
2996,Bashundhara Atta-2kg,1.0
2996,Coke Org /250 ml,1.0
2996,China Car Toy(05/23),1.0
2996,Doodles Stick Noodles-300gm,1.0
2996,Alam Baby Dress-031,1.0
2996,Musur Pulse Kangaroo -1Kg (sp),1.0
2996,China Baby Football-(5/23),1.0
3070,Piller,2.0
3070,Dhakna,2.0
3070,Jafran,1.0
3070,Hot Mug,1.0
3070,Tawa,3.0
3104,T.Laundry Soap-130g (Green),3.0
3104,Miss & Mrs Kajal-.35g,1.0
3104,Chepa Shutki-100gm,1.0
3104,Prince Cone Mehedi,4.0
3104,L.A Girl Pro. Conceal HD- 3pcs,1.0
3104,Lakme Perfecting L Foundation-27ml,1.0
3104,Kaveri Mehendi Cone 2pcs -25g,2.0
3104,Maybellin Colossal Kajal-0.35g,1.0
3104,Belleame Digestive Biscuit- 135g,1.0
3104,W7 Eyeliner-8ml,1.0
3104,Wave Air Freshner Lemon-300ml,1.0
3104,Spark Water Bottle- 700ml,1.0
3104,Godrej Hc Easy 5m Shampo Based 20ml N.Black,1.0
3104,Oregano Bottle-10gm,1.0
3104,Ponds White Beauty Skin Cream -50g,1.0
3104,Loreal Infallible Mattifying Base-30ml,1.0
3104,J.P ST Side Clip-JSC10,2.0
3104,Kolson Macarony-200gm All Flv.,1.0
3104,Funtastic Ore Cream Pineapple,2.0
3104,Funtastic Ore Cream Biscuit-43gm,2.0
3104,Wet n Wild Max Volume Mascara-8ml,1.0
3104,Ch. Ice Tray(05/23),1.0
3104,Beef Bone Full,3.08
3104,Lassa Special Semai-500g(Pkt),2.0
3104,Golden Girl Nail Polish- 5ml,1.0
3104,Sophia Astey Compact Powder- 12g,1.0
3104,Memory Sweet Pitha Box,1.0
3104,Ponds Pure White FW-50g,1.0
3104,PC Mon Joli vernis-10ml,1.0
3104,Beef Without Bone Special,0.6
3104,Miss & Mrs. Velvely Matte Lipstick 2.8g,1.0
3104,Cocola Egg & Chicken Noodles - 500gn,1.0
3104,Jordana Lip Liner 0.85g,1.0
3104,Prince Vinegar-400ml,1.0
3104,Treseme B Nourish & Rep. Shampoo-580ml,1.0
3104,CBL Munchee Chocolate Wafer-100g,1.0
3104,Lux Skin Detox Body Wash-245ml,1.0
3104,Muslim Jhinuk-200g,1.0
3104,Muslim Fish Papor-100g,1.0
3104,Prince Lacha Samai-200g(Pkt),1.0
3104,Pearl F Eyebrow Pencil -1.7g,1.0
3104,China Kitchen Scissors-HY-5003B-021(5/23),1.0
3170,Kwality Korian Handkerchief-KH,2.0
3170,BE Till Naru- 15Pcs,1.0
3170,Shamuk Pitha-Pkt,1.0
3170,Akher Sugar -1kg,2.0
3170,Savlon Antiseptic Liquid 56ml,1.0
3170,H&S A D Shampoo Smooth & Silky- 180ml,1.0
3170,Usta(kg),0.29
3170,Polar Ice-Cream Kheer-1Ltr,2.0
3170,Funtastic Toni Toast- 210g,1.0
3170,Prince Noli Toast-250g,1.0
3170,Omuda Silver Nailcutter-3061,1.0
3170,Hawlader Sunglass-09,1.0
3170,Fresh Healthy Choice S Biscuits-80g,1.0
3170,Muslim D Khurma-200g,1.0
3170,Chicken (B-Skin),1.33
3170,Cock Roast (Deshi)-PC,4.0
3170,Mutton (Special)-Kg,2.35
3170,Assorted DSGN Scarf Pin-PSAP 1pcs,1.0
3170,Peanut Butter Sandwich 125g,1.0
3170,Marks Cookies & Cream Flavour - 200ml,6.0
3170,Johnsons Milk Rice Baby Lotion- 100ml,1.0
3170,Kodomo Head To Toe Wash-100ml,1.0
3170,Ramisa-Murali Pkt-200gm,1.0
3170,Sweet Pumpkin(kg),0.89
3170,Savoy Ice Cream-120ml ( Butter Scotch),1.0
3170,Prince Sweet Toast Biscut-400gm,1.0
3170,China Body Majuni (05/23),1.0
3170,Bismillah Hair Comb (Chiruni)- 02,1.0
3170,Motor Vaja-15g,2.0
3170,Taaqa Apple Juice-160ml,1.0
3170,Johnsons Baby Lotion- 100ml,1.0
3170,Meril Baby T.Paste+Brush 45gm,1.0
3170,Golap Pitha-5pcs Pkt,1.0
3170,Mixed Fruit Box - 250g,1.0
3170,Chia Seed (Dana) New-100g,1.0
3170,Raisin Sesame Bread- 320g,1.0
3170,Mohaz Head Phone C-100-061,1.0
3193,Musur Pulse Kangaroo -1Kg (sp),2.0
3193,Snickers Chocolate-50gm,1.0
3193,Teer Soyabean Oil-1Ltr,1.0
3193,Roja Shrimp Tempura- 224g,1.0
3193,Brinjal Long (Thin)-kg,0.81
3193,Aarong Ghee 200g,1.0
3193,Teer Atta 2kg,1.0
3193,Kath Badam-100g,1.0
3193,KW.S False Nails-LL,1.0
3193,Cassia Leaf-100gm (Tespata),1.0
3193,Radhuni Chatpati Masala 50Gm,1.0
3193,Rupchanda Soyabean-2Lt-PET,1.0
3193,Dry Puti Shutki 100gm,1.0
3193,Tomato L.C(kg),0.58
3193,Cucumber (Hybrid)-kg,0.64
3193,Green Chilli(kg),0.13
3193,Bashundhara Paper Napkin-100p,1.0
3193,Motor Vaja-15g,4.0
3193,Prince Lacha Samai-200g(Pkt),3.0
3193,Photo Fream-051,1.0
3193,Vim Bar Lemon-125gm,2.0
3193,Nido FCMP BIB-350g,1.0
3193,Dove Beauty Cream Bar- 90gm White,1.0
3193,Sensitive Ex Pepsodent Toothpaste-80g,1.0
3193,Teer Sugar-1Kg,1.0
3193,Prince Bread(Special)-400g,2.0
3193,Prince Plain Cake(B),1.0
3193,Chicken Wings & Drumsticks- 500g,1.0
3193,Brinjal Oval ( Tal Begun ) -kg,0.62
3193,IDC Kelloggs Oats- 400g,1.0
3193,Bisk Club Salty Salted Biscuit - 95g,1.0
3193,Golden Raisin (Kismis)-200gm,1.0
3193,Prince Bread(Suger Free)-400g,1.0
3193,Prince Fruits Cake(B),1.0
3193,Akher Sugar -1kg,2.0
3193,Shipon Stone Ear Ring-051,1.0
3193,KS Pearl Moti Mala-07,1.0
3193,Perfumed Facial Tissue - 200Sheet,1.0
3193,Mr. Noodles Korean S Spicy- 248gm,2.0
3193,Bashundhara Atta-2kg,1.0
3193,First Choice-100gm,1.0
3193,Prince Dubli Pulse-1kg,1.0
3193,Diploma Ins Milk Powder-400g,2.0
3193,Sensodyne Fresh Gel Toothpaste-40g,1.0
3193,Universe Spiral Khata-300page,2.0
3193,Ladies Finger (Vendi)-kg,0.35
3193,Borboti(kg),1.11
3193,Sprite-1.25 Lt(Pet),1.0
3193,Coca Cola-600ml(Pet),1.0
3193,Fay Facial Tis-150Pcs 300Sheets,1.0
3193,Savlon Aloe Vera Hand Wash- 200ml,1.0
3193,Black Berry (Kalo Jam),0.46
3193,Vim Dishwash Liquid- 250ml,1.0
3193,Kit-Kat 2 Finger- Dubai-3 In 1,2.0
3193,CBL Munchee Stix Choc.Wafer,1.0
3193,Quality Plain Paratha 10Pcs-600gm,1.0
3193,CP Chicken Nugget-320g,2.0
3193,Net Pumpkin (Jali Kumra)-Pc,1.0
3193,Coca Cola-2.25Lt(Pet),1.0
3193,HRC Clone Tea-400gm Poly,1.0
3193,Freedom Heavy Flow Wings-16pads,2.0
3193,Madina VIP Morium Dates -Kg(Loose),0.27
3193,Cock Roast (Deshi)-PC,2.0
3193,Green Papaya(kg),0.47
3193,Sweet Pumpkin(kg),1.35
3193,Olay T.E.Regular Cream-20gm,1.0
3193,Ch. Tiffin Box(05/23),1.0
3203,Onion Deshi(New)-kg,3.78
3203,Pran Up 2Lt,3.0
3203,Teer Sugar-1Kg,2.0
3203,Musur Pulse Deshi-1Kg,1.0
3203,Ladies Finger (Vendi)-kg,0.3
3203,Sweet Pumpkin(kg),0.67
3203,Grapes (Red),0.13
3203,Fresh Hand Towel- 250Pcs,1.0
3203,Beef Bone Full,1.01
3203,Snack Guard (Chichinga)-kg,0.49
3203,Apple(Gala),0.22
3203,P.Drinko Float Lichi Drink-250ml,4.0
3203,Parboil (Potol)-kg,0.51
3019,Piller,1.0
3019,Dhakna,3.0
3019,Hot Mug,1.0
3019,Scissor,2.0
3107,Mutton (Lever),1.0
3107,Pran Lachcha Samai-200gm,1.0
3107,Gillette Vector 6pcs,1.0
3107,Kolson Vermicelli-200g,2.0
3176,Cadbury Dairy Milk Silk Plain- 150gm,1.0
3176,Fresh Soyabean Oil-1Lt.,1.0
3176,Amul Milk Chocolate- 40gm,4.0
2718,Dhakna,3.0
2718,Jafran,4.0
3211,Ultra Fruitn Yogurt Strawberry-75ml,1.0
3211,Aarong Sliced Cheese Pizza-204g,1.0
3211,Fry Pan Without Lid-22cm,1.0
3211,Pigeon-1PC,2.0
3211,China Peanut-200gm Pkt,2.0
3211,Oreo Mini Cup Biscuits-20.4g,1.0
3211,Kurkure Chilli Chatka-80g,2.0
3211,Aarong Cheezarella Cheese-200gm,1.0
3211,Queens Burger Bread (BUN)- 250g,1.0
3211,Kazi French Fries-500g,1.0
3211,Chicken Burger Patty-240gm,1.0
3211,Hilsha Fish Big-(MNK)-Pcs,2.0
3211,Rupchanda Fish,1.05
3211,Telapia Fish Big (THR),1.26
3211,Green Park Mushrooms Whole-425gm,1.0
3211,Maggi 2min Masala-248g (Jumbo),1.0
3211,Cute Water Bottle-400ml,1.0
3211,Reenpark Sweet Corn-425g,1.0
3220,Special Chinigura Rice-1Kg,2.0
3220,Kings Sunflower Oil-1Ltr,1.0
3220,Prince Bread(Special)-400g,2.0
3220,Fresh Refined Sugar-1000gm,1.0
3220,Prince Orange Jelly-250gm,1.0
3220,Foster Clarks Orange-250g,1.0
3220,Pran UHT Milk-200ml,4.0
3220,Cocola Champion Biscuits-65g Choco,2.0
3220,Orange (China) Net-kg,0.74
3220,Akher Sugar -2kg,1.0
3220,Malta (Yellow)-kg,0.89
3220,Seylon Family Blend Tea-200g,1.0
3220,Gluco Max D- 200gm,1.0
3220,Diploma Ins Milk Powder-400g,3.0
3220,Prince Lacha Samai-200g(Pkt),1.0
3220,Prince Square Toast-250gm,4.0
3220,Sajeed ChocoMoo Chocolet-135g,2.0
3235,Garlic China Big-(kg),0.62
3235,Odomos Mosquito Cream-100g,1.0
3235,Pepsodent Gremichek+ Toothpaste-100gm,1.0
3235,Sensodyne Toothbrush Soft,1.0
3235,K.S Kemei Hair Trimmer-KM236,1.0
3235,Chira-500g,1.0
3235,China Jhilmil Majuni (4/23),1.0
3235,Chaka Advanced Ball Soap-125gm,1.0
3235,Mug Pulse (Sona)-1kg,1.0
3235,Bashun Paper Towel 1Ply- 250Pcs,1.0
3235,Wheel 2in1 Clean & Fresh Powder-1Kg,1.0
3235,Marks Milk Shake AS-125,1.0
3235,Teer Sugar-1Kg,1.0
3235,Onion LC New,1.99
3235,Green Chilli(kg),0.15
3235,RD Chocolate Milk -200ml,1.0
3235,Boot Pulse(Broken)1Kg,1.0
3235,Dream Lollipop- 1pcs,2.0
3235,Saad Sweet Chilli Sauce-340gm,1.0
3235,Mola Fish (THR),0.6
3235,Vim Liquid Dish Wash-500ml,1.0
3235,Meril Milk & Rose Soap 100gm,1.0
3237,Toi Moi Vanilla C Wafer Biscuits-18pcs,1.0
3237,Trix Lemon Soap - 300g,1.0
3237,Dettol Soap B3 Get 30tk Off- 75 gm,1.0
3237,Swetened Condensed Milk-No.1,1.0
3237,Sunsilk conditioner Perfect Straight-80m,1.0
3237,Hazrat Mozzarella Cheese- 250gm,1.0
3237,Saad Monosodium G Foil Pack- 100g,1.0
3237,Ramisa Papar-10Pcs,2.0
3237,Special Sugarcan Molasses,0.66
3237,Quality Premiun Paratha 20Pcs-1300g,1.0
3237,Pran Jhotpot Chicken Lollipop- 400gm,1.0
3237,Dragon Fruits (B),3.43
3237,Nag Fruits-kg,1.29
3237,Mama Tomyum Cup Noodles-62g,1.0
3237,Brooke Bond Taaza Tea- 400gm,1.0
3237,Julies LLW.Cube Choc Hazelnut150g,1.0
3237,Maggi Healthy Soup Veg(4pcs combo),1.0
3237,Surf Excel Alov Vera Wash -1000g,1.0
3237,Mug Pulse (Sona)-1kg,1.0
3237,White Mustard-200gm,1.0
3237,Haribo Peaches Candy- 80g,1.0
3237,Vim Dishwashing Liquid- 500ml,1.0
3237,Rok Bleaching Powder(500g),1.0
3237,Aaram Orange Juice- 1L,1.0
3237,KSF Mozzarella Cheese - 250gm,1.0
3237,Ramisa-Jhal Nimki Pkt-200gm,1.0
3237,Muslim Muruli -200g,3.0
3237,Muslim Chira Vaza-200g,2.0
3237,Radhuni Falooda Mix Vanilla-250gm,1.0
3237,Chicken Sausage-350gm,1.0
3237,Roja Fish Sticks 10Pcs- 240g,1.0
3237,Coca Cola (Rasa Asli) 320ml,2.0
3237,IDC Kelloggs Chocos 250g,1.0
3237,Safe Hand wash (Purpel) 300ml,1.0
3237,Surf Exel 1KG Bye2 Get Vim 250ml Free,2.0
3237,China Small Rabbit Toy (06/23),1.0
3237,Radhuni Chatpati Masala 50Gm,1.0
3237,Roseberry Plum Dry-115g,1.0
3237,Snickers Chocolate-50gm,3.0
3237,Organikare Miracle Face Wash - 100gm,1.0
3237,Sensodyne Repair&Protect Toothpaste-100g,1.0
3237,Hat Elbow Pasta- 500gm,1.0
3237,Puck Cream - 160gm,1.0
3237,Austogram Mozzarella Cheese-250gm,1.0
3237,Hat Tortolino Macaroni -500gm,1.0
3237,CBL Munchee Nice Biscuit-230g (Premium),1.0
3237,CBL Munchee Cream Chocolate Wafer-200g,1.0
3237,Muslim Fry Chick Peas-200g,1.0
3237,Chicken Spring Roll - 250gm,2.0
3237,Fresh Ins. Noodles Masala (B2G1)-496gm,1.0
3237,Kelloggs Chocos-1.15 Kg,1.0
3237,Shammi Mango Juice-1L,2.0
3237,Sweet Green Mango,2.16
3237,Johnsons Baby Cream Milk-100ml,1.0
3237,Dolphin Nata Drinks-(All Flv.)350ml,1.0
3237,Good Knight Advance Cartridge,1.0
3237,Prince Khesari Pulse-1Kg,1.0
3237,Pusti HT Noodles M-220gm B2G1,1.0
3237,Farmland FCMP 500g,1.0
3237,Meril Milk Beli Soap-150gm,1.0
3237,Sun Chips Mix Masala-35gm,2.0
3237,Ramisa Fri Chick Peas-200gm,1.0
3237,Mixed Fruit Box - 250g,2.0
3237,Vegetable Spring Roll,1.0
3237,Beef Mini Samusa 250gm (Prem),1.0
3237,SDGD LED Flash Light SD-8670,1.0
3237,Kolson Vermicelli-200g,3.0
3237,Dove Hair Fall Shampoo-650ml,1.0
3237,Lemon White Detergent Powder B3G1 -500Gm,1.0
3237,Sk Red Grape Juice-1L,1.0
3237,Sammi Mix Fruit -330ml,1.0
3237,Royal Garden,1.0
3237,Snickers Minis-333g,1.0
3237,Surf Excel W Aloe Vera-1kg,1.0
3237,Radhuni Kabab Masla-50gm,1.0
3237,Radhuni Garam Masala-40gm,2.0
3237,Sakura Plum Dry-115g,1.0
3237,Himalaya Glow Rose F/W-100ml,2.0
3237,Sensodyne Fresh Gel Toothpaste-40g,1.0
3237,Sun Chips Tomato Tango-75gm,2.0
3237,Pepsodent Crcol & L Toothpowder-100g,1.0
3237,Prince Sour Curd-1kg,1.0
3237,Prabhuji Soan Papdi -200g,2.0
3237,Muslim Till Naru-1 Box,1.0
3237,Plain Paratha 20Pcs - 1300gm,1.0
3237,AG Chicken Spicy Nuggets-250g,1.0
3237,Watermelon Banglalink - Kg,3.82
3237,Vinyt Red Grape Juice Can-240ml,1.0
3237,Bit Salt Powder- 80g Bottle,1.0
3237,Jhok Mok Dish Wash Bar 100g B3 G1,1.0
3237,Dettol Skincare Soap-125gm,1.0
3237,Palletoss Gol Gappa 500gm,1.0
3237,Spaghetti Pasta Hat - 400gm B1G1,1.0
3237,Lux Soft Skin Body Wash-245ml,1.0
3237,Sammam Fruits -Kg,0.65
3237,Akher Sugar -2kg,1.0
3237,Prince Borhani-1.5Ltr,3.0
3237,P Thai Noodles Oriental B3G1-150g,1.0
3237,Prince Egg Noodles 300gm,1.0
3237,Odonil Air Freshner B2 G1-75g,1.0
3237,Mirzapore Best Leaf Tea-400g,1.0
3237,Mirzapore BOP-500gm,1.0
3237,ACI Aerosol 475ml,1.0
3237,Funtastic Cake Cranival Box-363gm,1.0
3237,Marshmallow-100gm,1.0
3237,ACI Pure Kabab Masala B2 G1-50g,1.0
3237,ACI Pure Halim Mix B2 G1-100g,1.0
3237,Remia Garlic (All)-250ml,1.0
3237,Iko S.F Digestive Biscuts-178g,1.0
3237,RD Milk Mango-200ml,1.0
3237,Knorr Soup-24gm,2.0
3237,Corn Flakes Real Honey- 300,1.0
3237,Prince Lacha Samai-200g(Pkt),1.0
3237,Shammi Juice Drink (All)-250ml,1.0
3237,"Italiano 10"" Coup Plate",1.0
3237,Dove Intense Repair Shampoo-170ml,1.0
3237,Vaseline Cocoa Glow Lotion- 400ml,1.0
3237,T.Twister Orange F Drink- 1.5L,1.0
3237,Patersons Shortbread Fingers-300gm,1.0
3237,Haiko Tasting Salt-100gm,1.0
3237,Gelatine Powder-50gm,1.0
3237,Radhuni Mejbani Beef masala-68g,1.0
3237,Erko Mallow World- 150g Pkt,1.0
3237,Yowe Oyster Sauce -510gm,1.0
3237,Shezan Tomato Ketchup-1Kg,1.0
3237,Milk Vita IFCMP Milk Powder-500gm,1.0
3237,Bio Active Goat Milk Soap-70g,1.0
3237,Salted Cashews-(B1G1free)50gm,2.0
3237,Pringles Cheesy Cheese-134g IDC,2.0
3237,Flormar Nail P. Remover 125ml (All),1.0
3237,Minister Bright Wash Detergent-1000gm,1.0
3237,Musur Pulse Deshi-1Kg,2.0
3237,C.N Chicken Breaded Crispy Strips -250gm,1.0
3237,Prince Borhani-2Ltr,1.0
3237,Partex Cleen Kitchen Towel-1Roll,1.0
3237,Vermicelli Samai-200gm,2.0
3237,Maggi Soup Thai- 35g 4Pcs Combo,1.0
3237,Mama Hot & Spicy Cup Noodles-62g,1.0
3237,Cocola Wafer Roll Jar-325gm,2.0
3237,Kaveri Mehendi Cone 2pcs -25g,2.0
3237,Sagu-250g,1.0
3237,Mouse Glue Trap,2.0
3237,H&S Black Bourbon Biscuts-100g,1.0
3237,NAJ salted Biscuits -400gm,1.0
3237,Vinut Red Grape Juice 250ml,1.0
3237,Rooh Afza -750ml,1.0
3237,"10"" Double Color Coup Plate",1.0
3237,Ifad Eggy Inst. Noodles B2G1,1.0
3237,Islam Water Filter-5,2.0
3266,Brinjal Oval ( Tal Begun ) -kg,0.59
3266,Apple(Gala),0.77
3266,Shokti Strawberry Yogurt -320g (4pcs Combo),1.0
3266,Shokti Mango Delight(4pcs Combo)- 320g (Kids),1.0
3266,Super Refined Naphthalene +/- 50P,1.0
3266,Coriander Leaf PCS,2.0
3266,Faysal Wooden Puzzle -092,2.0
3266,Khaleque Pudding Bati-031,1.0
3266,Chicken (Deshi),1.01
3266,Shrimp Fish Bagda,2.21
3266,Kachki Fish (THR),0.51
3266,Malta (Yellow)-kg,0.88
3266,Ch. Green Majuni 5Pcs Set (05/23),1.0
3266,Pangas Fish Small (River),1.44
3266,Faysal Sharpner-51,1.0
3266,China Cake Mould-(11/21),1.0
3266,Bele Fish Small,1.35
3266,Cauliflower(B)-Pc,1.0
3266,Bottle Guard Big(Lau)-Pc,1.0
3266,Bomby Chilli-5Pcs,1.0
3266,Baby Corn(Fesh),1.0
3266,Rupchada Chinigura Rice 1kg,2.0
3266,Laitta Fish,1.06
3266,Beef Bone Full,2.04
3266,Koral Fish(Big),2.14
3266,Green Chilli(kg),0.22
3266,Sweet Pumpkin(kg),0.67
3266,Teer Whole Wheat Atta 2Kg,2.0
3266,Savlon Baby Wipes 80Pcs,2.0
3266,Capsicum Green,0.18
3266,Potato Sweet-(kg),0.92
3266,Savlon Liquid-1Ltr,1.0
3266,Beef Without Bone Special,1.75
3266,Shakti Plain Yogurt -320g (4pcs Combo),1.0
3266,Strawberry Kids (4pcs Combo)- 320g,1.0
3266,Sharpner -22,1.0
3266,China Tawa 30cm(5/23),1.0
3266,China Lunch Box 6556 (5/23),1.0
3266,Shokti Vanilla Delight (4pcs Combo)-320g (Adult),1.0
3266,Shokti Mango Yogurt-320gm (4pcs Combo),1.0
3266,Sharpner -03,1.0
3266,Piali Fish(Pachmishali),0.59
3266,Grapes (Red),0.85
3266,Grape White Small (IIndian),0.4
3266,China Foam Majuni (4/23),1.0
3266,Faysal Note Book -56,1.0
3322,ACI Pure Salt-1Kg,2.0
3322,Methi Powder 100gm,1.0
3322,Akher Sugar -1kg,2.0
3322,Chola Pulse-1kg,1.0
3322,Katol Fish Big,0.75
3322,Green Chilli(kg),0.18
3322,Chicken (B-Skin Less),1.49
3322,Methi-100Gm,1.0
3322,Gambit Body Spary-200ml,1.0
3322,Starship Chocolate Milk-200ml,2.0
3322,Madina VIP Morium Dates -Kg(Loose),0.52
3322,AD Plastic File Bag-012,1.0
3322,Teer Atta 2kg,3.0
3322,Teer Premium Lodized Salt- 1kg,1.0
3322,Milk Vita Liquid Milk-1Ltr,3.0
3322,Morium Special Dates-Kg(Loose),0.51
3322,Beef Without Bone Special,1.24
3322,Prince Lacha Samai-200g(Pkt),2.0
3322,Calender Pineapple,2.0
3322,Shrimp Fish Bagda,1.21
3322,Rupchanda(Small) (THR),1.09
3322,Ch. Pencil Box (4/23),1.0
3322,Golden Raisin (Kismis)-200gm,1.0
3322,Prince Tiffin Bon,1.0
3322,Cucumber Deshi (kg),1.13
3322,Khondoker Sholar Jharu-02,1.0
3322,Cow Lever-K,0.74
3322,China Knife Set-(5/23),1.0
3357,ACI Pure Salt-1Kg,1.0
3357,Pran Mango Bar-10Pcs,1.0
3357,Horlicks -400gm,1.0
3357,UHT Mango Milk-200ml,2.0
3357,Muslim Moogdal Vaza-200g,1.0
3357,Mixed Vegetable (Kg),0.41
3357,Tal Misri (Sugar Candy)-200g,1.0
3357,Faysal Back Drop-08,1.0
3357,Coca Cola-600ml(Pet),1.0
3357,Lamia Color Ribbon-03 (4/23),1.0
3357,R.Chanachur Classic 100 gm,1.0
3357,China Party Balloon-20pcs (4/23),1.0
3357,Mango Rupali (Special)-kg,1.05
3357,Milk Marie Biscuit- 210g,1.0
3357,Chocolate Digestive 145gm,1.0
3357,Aarong Pasturized FC Milk 1000ml,1.0
3357,Clinic Plus Shampoo-340ml,1.0
3357,Cocola Champion Biscuits-65g Choco,1.0
3357,Capsicum Green,0.14
3357,IGLOO 1Ltr (Strawberry Sparkle),2.0
3357,Freedom Heavy Flow Wings-16pads,1.0
3357,Black Fighter Max 10pis b,1.0
3357,Pumper-57,2.0
3357,Cake Topper-07,1.0
3357,Lamia Number Candle-53 (4/23),1.0
3357,Yeast-100gm,1.0
3357,Milk Soft Candy- 50g,1.0
3357,Snickers Chocolate-50gm,3.0
3357,Belleame Digestive Biscuit- 135g,3.0
3357,Pomegranate (Mitulla)-B,0.57
3357,Pran Vermicelli Samai-200gm,1.0
3357,Arla Sandwich Slice- 200gm,1.0
3357,Universe Khata Spiral-200page,1.0
3357,KurKure Chili Chatka 37gm,3.0
3357,Coffee Maker- 011,1.0
3357,Cosco Soap-80gm,1.0
3357,N.W. Roasted Salted Peanut- 50gm,1.0
3357,Ramisa Nut(Oil)-200gm,1.0
3357,Aquafina Drinking Water-1Ltr,1.0
3357,Swiss Roll Strawberry Cake-375gm,1.0
3357,Good Luck Fast Gel Pen-pcs,1.0
3357,Faysal Fringe Curtain-08,1.0
3357,China Lunch Box 8539(5/23),1.0
3357,Fresh Deshi Primium Mosur Dal-1kg,1.0
3357,RFL Globe Jar -200ml,2.0
3357,Sajeeb Soft Drink Powder Mango-500gm,2.0
3357,Jhok Mok Dish Wash Bar 100g B3 G1,1.0
3357,Pran Frooto Mango Juice-1Lt,1.0
3357,Madina VIP Morium Dates-500gm,1.0
3357,Muslim Masala Badam-100g,1.0
3357,Lifebuoy Liquid Total Hand Wash-170ml,1.0
3357,Quaker Oats- 450g Pkt,1.0
3357,Teer Suji 500gm,1.0
3357,Olympic Saltes Classic Biscuits-50g,1.0
3357,Prince Lacha Samai-200g(Pkt),1.0
3357,China Foam Majuni (4/23),1.0
3357,Faysal LED Candle-52,2.0
3357,Dollys Mango Pickle-200g,2.0
3357,Azoa Dates-500gm,1.0
3357,Garnier Bright Complete Serum Cream-45g,1.0
3357,G H. Chicken Shami Kabab - 250gm,1.0
3357,Amra(kg),0.69
3357,RFL Diamond Jar-2.5L,1.0
3357,Olympic Marie Gold Biscuits-190gm,1.0
3357,Faysal Party Spray-06,1.0
3357,Monty Ballon 100p-021,1.0
3357,GG Ball Pen Matal-54,1.0
3357,Jimmy Chocolate - 80gm,1.0
3357,Aarong Sliced Cheese Classic- 204g,1.0
3357,Gluco Max D- 200gm,1.0
3357,G H. Premium Deshi Paratha-1300gm,1.0
3357,Bashundhara Khata P-M-SPI-204 Pages,1.0
3357,Baby Cherie Cotton Buds-100pcs,1.0
3357,Monia Lock RTG Cont 200ml-917837,2.0
3357,Olympic Nutty Biscuits 80g,1.0
3357,Orna House Hijab-013,1.0
3357,Faysal Musical Iuminous Candle-051,1.0
3357,Faysal Birthday Cap-05,1.0
3357,Ch. Pencil Box (4/23),1.0
3357,GG Sticky Notes-03,1.0
3357,Mango Himsagor (Special)-kg,1.43
3357,UHT Chocolate Milk Drink-125ml,1.0
3405,Kazi Chicken Samosa-250g,1.0
3405,Farmland Brown Atta-1kg,2.0
3405,Chola Pulse-1kg,2.0
3405,Kazi Aloo Puri-450,1.0
3405,Teer Whole Wheat Atta 2Kg,1.0
3405,Rin Advanced-2kg,1.0
3405,Farm Fresh Butter-200gm Box (50X4pcs),1.0
3405,Prince Bread(Special)-400g,1.0
3405,Milk Vita Butter-200g,1.0
3405,Aer Spray Fresh- 270ml,1.0
3406,Sunsilk conditioner Perfect Straight-80m,1.0
3406,Usta(kg),0.61
3406,Apple(Gala),3.5
3406,Godrej No.1 Sandal Soap-100g,2.0
3406,Cucumber Deshi (kg),1.27
3406,Mrigel Fish M,2.37
3406,Lati Thik(Kg),0.61
3406,Carrot (China)-kg,0.6
3406,Bottle Guard Big(Lau)-Pc,1.0
3406,Baby Corn(Fesh),1.0
3406,Orange (China) Net-kg,0.98
3406,Amloki,0.11
3406,Wood Apple Big (Sorbot Bell),1.0
3406,Kishwan Lexus Biscuit-216g (B2G1),1.0
3406,Fresh Beet-Pc,2.0
3406,Banana Green Small-kg,1.17
3406,Dragon Durable Coil Lemon Flavour-10Pcs,1.0
3406,KurKure Naughty Tomato 37gm,2.0
3406,Frooto Mango Juice-500ml,1.0
3406,Green Papaya(kg),2.65
3406,Tamarind Sora Special Wrapping,0.52
3406,Maggi Masala Noodles 12Pcs-744g,2.0
3406,Clear Anti Hairfall Shampoo- 330ml,1.0
3406,Sunsilk Shampoo Thick & Long-650ml,1.0
3406,Special Sugarcan Molasses,0.87
3406,Sajna(kg),0.57
3406,Shezan Corn Flakes-275gm,1.0
3406,Aarong Sweet Yogurt-500gm,1.0
3406,Funtastic Milk.M Biscuit-225gm(B3G1),1.0
3406,Ifad Kaju+Cho+D-220g B3 G1 Orange Free,1.0
3414,Tomato L.C(kg),1.05
3414,Garlic China Big-(kg),1.07
3414,Pabda Fish (Big),0.5
3414,Akher Sugar -1kg,1.0
3414,Chicken (B-Skin Less),1.24
3422,Radhuni Kachchi Biriyani Masala-40g,1.0
3422,Yokozona Twisty Goodness Crackers-60g,1.0
3422,Pastavilla Penne Rigate Pasta- 500g,1.0
3422,Jhatpat Deshi Paratha (20P)-1300g,1.0
3422,Tamarind Sora Special Wrapping,0.49
3422,Prince Coconut-(pcs),1.0
3422,Lifebuoy Liquid Total Hand Wash-170ml,2.0
3422,Fresh Atta-2kg,1.0
3422,Big Babol Gum-20gm,2.0
3422,Harpic Power Plus Toilet Cliner-1000ml,1.0
3422,Radhuni Mustard Oil-500ml,1.0
3422,Sun Prawn Crackers Chips - 20gm,2.0
3422,Good Life Mozzarella Cheese-200gm,1.0
3422,BE Coffee Nut- 200gm,1.0
3422,Eon Vegetable Singara- 400gm,1.0
3422,Puti Fish (Deshi) (HB),0.65
3422,Fresh Oyster Mushroom - 150gm,1.0
3422,Polar Cake - 1Ltr,1.0
3422,Bashu Facial Tissue 240Sheet,1.0
3422,Fay Facial Tis-150Pcs 300Sheets,1.0
3422,Mr.Noodles easy instant 16pkt 62gm,1.0
3422,Nescafe Classic Jar-25gm,1.0
3422,7 in One Hair Oil Almond-200ml,1.0
3422,Aer Spray Cool- 270ml,1.0
3422,Premio Diamond Mug - 2L All,1.0
3422,Motor Vaja-15g,4.0
3422,Bragg Apple Cider Vinegar-473ml,1.0
3422,Fresh Soyabean Oil-1Lt.,1.0
3422,Aarong Pasturized FC Milk 1000ml,1.0
3422,Sunsilk conditioner Perfect Straight-80m,1.0
3422,Sun Chips Tomato Tango-75gm,1.0
3422,Sun Papor Chips-18gm,2.0
3422,Barley For Eating-200gm,1.0
3422,Akher Sugar -1kg,2.0
3422,Trident S.Gum Aritical.F 14 Sticks,1.0
3422,Hubba Bubba Mega Gum-56gm,1.0
3422,Starship Mango Fruit Drink- 125ml,2.0
3422,CBL Munchee Stix Choc.Wafer,1.0
3422,Orange (Sa) Kg,0.84
3422,Angelic Fresh 300ml(Orchid Breeze),2.0
3422,Aarong Laban-500ml,1.0
3422,Gahona Stone Hair Band-011,1.0
3422,Pusti Soyabean Oil-1Ltr Poly,3.0
3422,Dettol Alovera Soap Bar-125gm,1.0
3422,Madhuban Oval Paan Masla,1.0
3422,Queens Egg Bread- 125g,1.0
3422,Vim Dishwashing Liquid- 500ml,1.0
3422,Pepsodent Crcol & L Toothpowder-100g,1.0
3422,Prince Sour Curd-1kg,1.0
3422,Nocilla Cocoa Spread-190g(cho),1.0
3422,Red Chira -500gm,1.0
3422,Ayir Fish (Small)-(HB),1.07
3422,Alfa Mayonnaise-473ml,1.0
3422,Dettol Lqd HW-170ml Original (Refil),2.0
3422,Spring Air Fershner Flora-300ml,1.0
3422,Bashundhara Atta-2kg,1.0
3422,GS Velvet Matte Lipstick-3.5g,1.0
3422,Mango Langra,1.87
3422,Loreal Hair Wax Hard-150ml,1.0
3422,Pepsodent Orange Toothpaste-45g,1.0
3422,Madina VIP Morium Dates-500gm,1.0
3422,Ramisa Jamai Pitha - 150gm,1.0
3422,Prince Bread(Special)-400g,1.0
3422,Quality Smoked Chicken Salami-200g,1.0
3422,Radhuni Vermicili Semai -200g,1.0
3422,AMA 3in1 Coffee-6Pcs (combo),1.0
3422,Nescafe Creamy Latte- 6Pcs-18g,1.0
3422,Odonil Air Freshner-50g Combo (40 OFF),1.0
3422,Vim Liquid Dish Wash-500ml,1.0
3422,Ifad B2 Nutri Bites G1 Cheesy Bites-180g,1.0
3422,Prince Ovaltin Cake(B),1.0
3422,Chicken Samosa-250gm,1.0
3422,Katol Fish Big,3.07
3422,Chicken (B-Skin Less),2.7
3422,Foxs CC Fruits Chocolate 90g,1.0
3422,Cake Gummy-9gm,1.0
3522,Vim Bar 300g (Lemon),2.0
3522,Poppers Corn-Coco Chips-25gm,3.0
3522,Milk Vita (Ghee)-200g,1.0
3522,Diploma Milk Powder-500g,1.0
3522,Clean & Clear (Aqua Splash)-50ml,1.0
3522,Blender Choice Tea 100gm,1.0
3522,Puck Cream - 160gm,1.0
3522,S.Lemon Burst Antiseptic Handwash-180ml,1.0
3522,Akher Sugar -1kg,1.0
3522,Rin Advanced-500gm,4.0
3522,Trix Lemon Soap - 300g,2.0
3522,Dettol Cool Soap -125gm,1.0
3522,Prince Bread(Special)-400g,1.0
3522,Black Cumin (Kalijira)-100gm,1.0
3522,Savlon Wet Wipes 10Pcs,2.0
3522,B Toilet Tissue Extra Saving Pack 4Rolls,1.0
3522,Cumin-400gm,1.0
3522,Wheel Laundry Soap 125g,2.0
3522,ACI Pure Salt-1Kg,1.0
3522,Cinnamon-100g (Daruchine),1.0
3522,Radhuni Chilli Powder -200gm,2.0
3522,Chashi Aromatic Chinigura Rice-1Kg,2.0
3561,Shrimp Fish Small (THR),0.57
3561,Fresh Insta Full cream Milk Powder-500gm,1.0
3561,Horlicks lite Jar-400g,1.0
3561,Doodles Stick Noodles-300gm,3.0
3582,Thai Papaya Ripe Red Lady,0.84
3582,Thai Guava,0.59
3582,Calender Pineapple,1.0
3582,Horlicks Womens Plus 400g Jar,1.0
3582,Apple Fuji,0.52
3582,Prince Cream Bread Bon,1.0
3582,Grape White Small (IIndian),0.46
3585,Chola Pulse-1kg,1.0
3585,Ginger Powder 100g,1.0
3585,Marks FCMP-500gm(F. Pack),1.0
3585,Poppers Corn-Coco Chips-25gm,1.0
3585,Thai Papaya Ripe Red Lady,0.23
3585,Chaka Washing Powder-1000g,1.0
3585,Godrej Hc Easy 5m Shampo Based 20ml,2.0
3585,Nutmeg Powder-20g,1.0
3585,P.Frooto Mango Juice-250ml,1.0
3585,UHT Chocolate Milk-200ml,1.0
3585,Milk Marie-285gm,1.0
3585,Mustard Powder-50gm,1.0
3585,Haiko Agar Agar-30g,1.0
3585,Shrimp Fish Bagda,0.63
3585,Tomato Sour Deshi-B (kg),0.81
3585,Chicken (B-Skin Less),1.19
3585,Sweet Pumpkin(kg),0.76
3585,KurKure Naughty Tomato 37gm,1.0
3585,Radhuni Spices Cumin-100gm,1.0
3585,Haiko Baking Soda-40gm,1.0
3585,Coriander Leaf Pcs-100gm,1.0
3585,Potato Deshi New-1kg,4.05
3585,Zerocal 25-Sachets,4.0
3585,Telapia Fish Big (THR),0.75
3585,Korolla(Big)-kg,0.16
3585,Lemon Elachi-Pc,2.0
3585,Sprite-600ml (Pet),1.0
3585,Ponds Super Light Gel -49g,1.0
3585,Senora Confidence-15Pads,1.0
3585,R.Spices(Chilli)-100g,1.0
3585,Bashundhara F Soyabean Oil-5L,2.0
3585,Musur Pulse Deshi-1Kg,2.0
3585,Cucumber (Hybrid)-kg,0.62
3585,Ladies Finger (Vendi)-kg,0.51
3585,Lemon(Colombo)-Pc,1.0
3585,Brinjal Oval ( Tal Begun ) -kg,0.19
3585,Mama Shrimp Flavour Noodles-248g,1.0
3585,Sagu-250g,1.0
3585,Harpic Manik Jor 750+500ml,1.0
3585,Vim Bar Lemon-125gm,2.0
3585,Onion LC New,4.01
3585,Borboti(kg),0.6
3585,Fay Toilet tissue White-180Sheets,2.0
3585,Partex Cleen Toilet Tissue Super Soft,1.0
3585,Lifeboy Liquid Hand Wash(Lemon F)-170ml,1.0
3585,Sajeeb Soft Drink Powder Orange -250gm,1.0
3585,Prince Khesari Pulse-1Kg,1.0
3585,Haiko Mace Powder-20g,1.0
3585,Garlic Powder-100g,1.0
3585,Milk Vita Liquid Milk-1Ltr,1.0
3585,Prince Bread-800g (Special),1.0
3585,Dettol Cool HW-170ml(Refil),1.0
3585,Olympic C.Marie Biscuits-240gm,2.0
3585,RD Banana milk B2 G1-200ml,2.0
3585,Maggi 2min Masala-248g (Jumbo),2.0
3613,Wichy Organic E Virgin Coconut Oil-300ml,1.0
3613,Rui Fish-M-(MNK),2.73
3613,Tulardandy Fish Big-(MNK),1.58
3613,Akher Sugar -1kg,1.0
3613,Green Chilli(kg),0.25
3613,R. Flavouring Essence Vanilla-28ml,1.0
3613,Banana Mocha-Pc,1.0
3613,Prince Cream Bread Bon,2.0
3613,Cabbage-Pc,1.0
3613,Capsicum Green,0.23
3613,White bread Small-300gm,1.0
3613,Cucumber Deshi (kg),0.84
3613,Coriander Leaf Pcs-100gm,1.0
3613,Snickers -50gm(Buy 2 Get 1 Free),1.0
3657,Noodles Masala-35g,1.0
3657,Maggi Saad -E -Magic S Mix-48g,1.0
3657,Radhuni Fish Cury Masla-100g,1.0
3657,Bas. Kitchen Towels 1Roll,2.0
3657,Radhuni Chicken Masala-100gm,1.0
3657,Radhuni Beef Curry Masala- 100gm,1.0
3657,ACI Freedom Sanitary Napkin-15pads,1.0
3657,China Hook (05/23),1.0
3717,Vim Dishwash Liquid- 250ml,2.0
3717,Nestle Kitkat Chocolate- 41.5g,1.0
3717,Pepsodent Gremichek+ Toothpaste-100gm,1.0
3717,Harpoon Toilet Cleaner- 750ml,1.0
3717,Himalaya Neem Face Wash-50ml,1.0
3717,Akher Sugar -1kg,1.0
3717,7 Up-1Ltr(Pet),1.0
3717,Mr. Noodles Korean S Spicy- 248gm,2.0
3717,Pusti Atta -2kg,1.0
3717,Rin Advanced-500gm,1.0
3717,Trix Lemon Soap - 300g,1.0
3717,J.B.Hair Oil-100ml (India),1.0
3717,Rahad Make Up Brush Set -003,1.0
3717,Lifebuoy Liquid Total Hand Wash-170ml,1.0
3717,Prince Noli Toast-250g,1.0
3717,Dove Nourishing Secrets Shampoo- 340ml,1.0
3717,ACI Pure Salt-1Kg,2.0
3717,Cumin Powder-100gm,1.0
3717,Dust Black Pepper(Chili)-50g,1.0
3717,Garlic Powder-100g,2.0
3717,Kurkure Style Spicy Chicken-80gm,1.0
3717,Khondoker Sholar Jharu-02,2.0
3717,Queens Nun Bread- 250g,1.0
3717,Shakti Strawberry Doi-320g (4pcs Combo),1.0
3717,Mountain Dew-600ml Pet,1.0
3717,Savlon Hand Wash Ocean Blue- 200ml,1.0
3717,Savlon Active Hand Wash-250ml,1.0
3717,Miss & Mrs. Velvely Matte Lipstick 2.8g,1.0
3717,Maggi Masala Noodles Family Pack-992gm,1.0
3717,Cotton Buds-200pcs,1.0
3717,Brooke Bond Taaza Black Tea-200g,1.0
3717,Rin Advanced-1000gm,1.0
3717,Savory Roast Masala- 35g,1.0
3717,Boot Pulse(Broken)1Kg,1.0
3717,Radhuni Spices Cumin-100gm,2.0
3717,Ruichi Garlic Pickel-200gm,1.0
3717,Pran Aromatic Rice-2kg,2.0
3717,Dano Instant -500g Pack,3.0
3717,Trisa Fresh Super C Brush-90006,1.0
3717,Colgate Herbal Toothpaste-100gm,2.0
3717,Muslim Jhal Nimki-200g,1.0
3717,Queens Burger Bread (BUN)- 250g,1.0
3717,Chira-500g,4.0
3717,Fresh Toilet Value Pack 4 Pcs,1.0
3717,Vermicelli Samai-200gm,1.0
3717,Real Chocolate Wafer Roll-50gm,3.0
3717,Taza Black Tea Bag-100g,1.0
3717,Oreo Original Biscuits- 46.3/50gm,1.0
3717,Olympic Tim Tim Pineapple Cream Bis-272g,2.0
3717,Doughtnut Sugar Bread-200gm,1.0
3717,Fresh Premium Tea Bag-50pcs,1.0
3717,Mr.Energy Biscuits-85gm,2.0
3717,Mug Pulse (Sona)-1kg,1.0
3717,Onion Powder 100g,1.0
3717,Radhuni Chatpati Masala 50Gm,1.0
3717,Radhuni Biriyani Masala-40g,1.0
3717,Ruchi Olive Pickle-400g,1.0
3717,Teer Soyabean Oil-1Ltr,1.0
3717,Rupchanda Soyabean-2Lt-PET,2.0
3717,Schick 2 Exacta Women-5+2,1.0
3717,Sun Chips Wasabi-35g,2.0
3717,Pran Dhaka Cheese-200gm,1.0
3717,Qiamlili Makeup Puff- 8438,1.0
3717,Musur Pulse Deshi-1Kg,1.0
3717,Ladies Finger (Vendi)-kg,0.51
3717,Usta(kg),0.55
3717,Farm Fresh Butter-200gm,1.0
3717,Lassa Special Semai-500g(Pkt),1.0
3717,Mirzapur Tea Bag-100gm,2.0
3717,Prince Special Chanachur-150gm,1.0
3717,KurKure Cream & Onion 37gm,1.0
3717,KurKure Masala Manch 37gm,1.0
3717,Plain Sugar Bread-150gm,1.0
3717,Maggi Healthy Thai Soup-35g,2.0
3717,Lux Velvent Glow Jasmine Soap-100gm,1.0
3717,R.Spices(Chilli)-100g,1.0
3717,Mediplus DS Toothpest-90g,1.0
3717,Madina VIP Morium Dates-500gm,1.0
3717,Lux Soft Skin Body Wash-245ml,1.0
3717,Muslim Soft Nimki-200g,1.0
3717,Bashu. Toilet Tissue (White),2.0
3717,Mini Burger Bread-4pcs 160gm,2.0
3717,Kwality Q. Make Up Puff,1.0
3717,Wheel 2in1 Clean & Fresh Powder-1Kg,2.0
3717,Mixed Powder Masalla-100gm,1.0
3717,Teer Haleem Mix-200gm,1.0
3717,Ruchi Mango Pickle-400g,1.0
3717,Trisa Flexible White Toothbrush -90010,1.0
3717,Cocola Champion Biscuits-65g Choco,4.0
3717,Onion LC New,2.01
3717,Morium Super Dates- Kg(Loose),0.26
3717,Muslim Muri Moya-12Pcs,1.0
3717,Matador i-teen Pen-6pcs,1.0
3717,Faber Castel Eraser 1pcs-51,1.0
3717,Lati Thik(Kg),0.64
3717,Fresh Paper Napkin 100pcs,2.0
3717,Lifeboy Liquid Hand Wash(Lemon F)-170ml,2.0
3717,Seylon Gold Bland Tea Bag- 100g,1.0
3717,Mars Chocolate -51g,1.0
3717,Dan Cake-Chocolate Dry Cake-300gm,1.0
3717,China Toilet Brush (4/23),1.0
3717,Fresh Coriander Power-100gm,1.0
3717,Dove Shea Butter Soap-100g,1.0
3717,China Cloth Clip with Rope(05/23),1.0
3723,Beef Bone Full,1.71
3723,RD Coffee Milk B2 G1-200ml,1.0
3723,P. Chicken Breast,1.3
3723,Fresh Maida-2kg,1.0
3723,Milk Vita Sour Curd-500gm,1.0
3723,Potato Bogura-1kg,2.03
3723,Capsicum Green,0.27
3723,Muslim Fuljhuri Pitha,2.0
3723,Mutton(1),2.79
3723,Marks FCMP-1Kg(F.Pack),1.0
3723,Ramisa Papar-10Pcs,1.0
3752,Prince Ovaltin Cake(B),1.0
3752,Sagu-250g,1.0
3752,China Toilet Brush (4/23),1.0
3752,Quality Premiun Paratha 20Pcs-1300g,1.0
3752,Bashundhara Paper Napkin-100p,2.0
3752,Maggi Noodles Masala Taste-496g,1.0
3793,Borboti(kg),0.53
3793,Mola Shutki-100gm,1.0
3793,Lemon Elachi-Pc,2.0
3793,Usta(kg),0.59
3793,Rui Fish (S1)-(MNK),1.26
3793,Amon Rice -Kg (Lose),1.01
3802,Kazi Chicken Nuggets Original-250g,1.0
3802,C.N Plain Paratha 20pcs-1300gm,1.0
3802,Baby Plate- UMC002,1.0
3802,Classic Toothbrush,1.0
3802,Kazi Spicy Chicken Meat Balls-250g,1.0
3802,Koko Krunch-300gm,1.0
3802,Kaalar Steam Basmati Rice -1kg,2.0
3802,Closeup Green-100gm,1.0
3802,Mutton (Special)-Kg,1.1
3802,Prince Borhani-1000ml,1.0
3802,Cadbury Celebration-132g,1.0
3802,Prince Borhani-1.5Ltr,1.0
3802,GG Taj-35,1.0
3802,Aarong Pasturized FC Milk 1000ml,1.0
3802,CBL Munchee Choco-Mo White Chocolate100g,1.0
3802,Microwave Cover - 09,1.0
3802,China Knife Set-(5/23),1.0
3817,Milk Vita Liquid Milk-1Ltr,1.0
3817,Sensitive Ex Pepsodent Toothpaste-80g,1.0
3817,Chicken (Deshi),0.7
3817,Lemon Kagoji-Pc,4.0
3817,Explorer Toothbrush,1.0
3817,Rok Liquid Dishwash-250ml(Buy2 Get1 Free),1.0
3817,Prince Lacha Samai-200g(Pkt),1.0
3817,Chicken (B-Skin),4.13
3858,Muslim Soft Monekka-200g,1.0
3858,Prince Ovaltin Cake(B),2.0
3858,Kolson Vermicelli-200g,1.0
3858,Prince Lacha Samai-200g(Pkt),1.0
3858,Olympic Biscoti Cookies-80gm,1.0
3858,Cosco Soap 30gm,1.0
3858,Usta(kg),0.47
3858,Sajna(kg),0.69
3858,Akher Sugar -1kg,2.0
3858,Olympic Marie Gold Biscuits-190gm,1.0
3858,K Grisbi Biscuit-250gm,1.0
3858,Tomato L.C(kg),0.52
3858,Green Mango(kg),2.29
3858,Master Hair Band -021,1.0
3858,First Choice Salted Biscuits-180g,1.0
3858,Fast Wash Detergent Powder-1000g,1.0
3858,Muslim Jhal Monekka-200g,1.0
3858,HRC Clone Tea-400gm Poly,1.0
3881,Rin Advanced-500gm,4.0
3881,Ahmed Tomato Hot Sauce-340g,1.0
3881,Ramisa Jhal Munakka-200gm,1.0
3881,Rupchanda(Big)-(THR),1.22
3881,Chira-500g,1.0
3881,Ramisa Mug Dal Vaja-200g,1.0
3881,Laitta Fish,1.37
3881,kalibaush Fish-Big (HB),1.64
3881,Net Pumpkin (Jali Kumra)-Pc,1.0
3881,Cucumber (Hybrid)-kg,0.91
3881,Haiko Mace Powder-20g,1.0
3881,Prince Tiffin Bon,1.0
3881,AG Mini Chicken Spring Roll-250g,1.0
3881,Green Papaya(kg),1.86
3881,Teer Maida-2kg,1.0
3881,Vim Bar Lemon-125gm,2.0
3881,Pigeon-1PC,3.0
3881,Prince Bread(Special)-400g,2.0
3881,AG French Fries-500g,2.0
3881,G H. Premium Deshi Paratha-1300gm,1.0
3881,Parboil (Potol)-kg,1.66
3881,Chicken (B-Skin Less),2.75
3881,Chicken Deshi (Pakistani) Cock,2.0
3881,Gatorade Drink - 600ml All,1.0
3881,Laita Shutki-200g,1.0
3881,Bottle Guard Big(Lau)-Pc,1.0
3881,Orange (China) Net-kg,0.99
3881,Wheel 2in1 Clean & Fresh Powder-1Kg,1.0
3881,Nutmeg Powder-20g,1.0
3881,Poa Fish Small-(Deshi),1.13
3881,Eye Of Arum(Tall) (Kachurmukhi)-kg,0.88
3881,Bath Sponge (Dhundul)-kg,0.99
3881,Snack Guard (Chichinga)-kg,1.33
3881,Teer Atta 2kg,1.0
3881,G Gatorade Sports Drink-500ml,1.0
3881,Boot Pulse(Broken)1Kg,1.0
3881,Garlic China Big-(kg),1.05
3881,Ramisa Dal Vaja-200g,1.0
3881,Queens Nun Bread- 250g,1.0
3881,Chicken (Deshi),2.13
3881,Capsicum Red/Yellow(kg),0.45
3881,Vatika Enriched Coconut Hair Oil-150ml,1.0
3881,B.B Tazza Black Tea -400g,1.0
3889,Cassia Leaf-100gm (Tespata),1.0
3889,Pran Aromatic Rice-2kg,2.0
3889,Buter Halua-300g,2.0
3889,Haiko Baking Soda-40gm,1.0
3889,Batashi Fish (HB),0.25
3889,Eye Of Arum(Tall) (Kachurmukhi)-kg,1.93
3889,Diamond Allu Foil Paper- 46.7Cm,1.0
3889,B Toilet Tissue Extra Saving Pack 4Rolls,1.0
3889,Odonil Air Freshner Lavender Meadows- 48gm,2.0
3889,Ch. P. Hanger (4/23),2.0
3889,Vim Dishwash Liquid- 250ml,3.0
3889,Haiko Baking Powder- 150g,1.0
3889,BD Kheer Mix-150g,1.0
3889,Fresh Soyabean Oil-1Lt.,1.0
3889,Shohel Freeze Hand Cover-09,1.0
3889,Chicken Tikka Kabab-10Pcs,1.0
3889,Shrimp Fish Bagda,1.65
3889,Katol Fish Big,1.33
3889,Tomato Sour Deshi-B (kg),0.58
3889,Green Papaya(kg),0.66
3889,Fresh Refined Sugar-1000gm,1.0
3889,Thai Papaya Ripe Red Lady,0.93
3889,Fresh Toilet Value Pack 4 Pcs,4.0
3889,Brooke Bond Taaza Black Tea-200g,1.0
3889,China Jhilmil Majuni (4/23),1.0
3889,Dreem Jelly Straw-70gm,1.0
3889,Vim Dishwashing Powder-500Gm,2.0
3889,Mug Pulse (Sona)-1kg,1.0
3889,Savlon Liquid-500ml,1.0
3889,Diploma Milk Powder-500g,1.0
3889,Safety Plus Glass Cleaner Refil-350ml,1.0
3889,Jafran,2.0
3889,Hilsha Fish-Medium-Pcs,3.0
3889,Carrot (China)-kg,0.38
3889,Akher Sugar -1kg,1.0
3889,Naspati(kg),0.51
3889,7Up 2Ltr,1.0
3889,Parachute Skin Pure Olive Oil-200ml (2 in 1),1.0
3889,Pusti Maida -2Kg,2.0
3889,CloseUp Toothpaste-100g,1.0
3889,RFL Globe Jar -450ml,1.0
3889,Garnier Bright C Serum Mask- 28g,1.0
3889,Arla Dano Daily Pushti-200gm Pack,1.0
3889,Lux Gardenia Blossom Soap- 170g,1.0
3889,Vegetable Spring Roll,1.0
3889,Mola Fish (THR),0.88
3889,Bele Fish Small,0.41
3889,Cabbage-Pc,1.0
3889,Meant Leaf (Pudina Leaf)- Pc,1.0
3889,Prince Borhani-2Ltr,1.0
3889,Teer Atta 2kg,2.0
3889,Ch Balloon-20pcs pkt (5/23),1.0
3889,Mango Gobindo Vog,2.5
3889,Trix Lemon Soap - 125g,2.0
3889,Sanjida Wash Net-54,1.0
3889,Prince Dubli Pulse-1kg,1.0
3889,Radhuni Biriyani Masala-40g,1.0
3889,Teer Soya Oil 2Lt(Bottle),2.0
3889,Teer Soyabean Oil-1Ltr,1.0
3889,Trix Lqd 250ml D W(Lemon),2.0
3889,Harpic D Shurokkha Offer- 20tk Off,1.0
3889,Chicken Meat Ball-250gm,1.0
3889,Koral Fish(Big),2.23
3889,Kazi & Kazi Black Tea-80gm,1.0
3889,Pusti Atta -2kg,1.0
3889,Pesta Nut-50g,1.0
3889,China Stell Majuni - 4 pcs set (4/23),1.0
3889,China PVC Ball (5/23),1.0
3889,Vim Bar Lemon-125gm,4.0
3889,Pran Chatpati Masala(50g),1.0
3889,Prince Tiffin Bon,2.0
3889,AG Vegetable Spring Roll-400g,1.0
3889,Q Omega 3 Enriched Egg (1 Dozen),1.0
3889,Amra(kg),0.55
3889,Mango Himsagor-kg,2.24
3889,Rin Advanced-1000gm,4.0
3889,Ramdhoni-50gm,1.0
3889,Chashi Aroma.Chinigura Rice-2kg,1.0
3889,Starship Cond. Milk 397g,1.0
3889,Zipbag 20Bag 260mmX280mm,1.0
3889,Zipbag Sandwich 165mmX150mm,1.0
3889,Gulsha Fish(Small)-(HB),0.61
3889,Pabda Fish (Small) (HB),1.0
3889,Cucumber Deshi (kg),0.82
3889,Cauliflower(B)-Pc,1.0
3889,Coriander Leaf Pcs-100gm,1.0
3889,G.Aer Car Freshner Sea Breeze-10gm(B3G1Free0,1.0
3889,China Steel Majuni Single-(4/23),3.0
3894,Musur Pulse Kangaroo -1Kg (sp),1.0
3894,Radhuni Kheer Mix 150gm,1.0
3894,Carrot (China)-kg,1.06
3894,Cardmom-50gm(Alachi),1.0
3894,Mug Pulse (Sona)-1kg,2.0
3894,Cow Stomach-K,1.56
3894,Cinnamon-200g (Daruchine),1.0
3894,Radhuni Spices (Corinder)-100gm,1.0
3894,Bashundhara Atta-2kg,2.0
3894,ACI Pure Salt-1Kg,1.0
3894,Special Chinigura Rice-1Kg,3.0
3894,Aarong Liquid Milk-1/2Ltr,2.0
3895,Wheel Laundry Soap 125g,2.0
3895,Madina VIP Morium Dates-1kg,1.0
3895,G H Deshi Paratha(Family pack)-1300gm,1.0
3895,Hilsha Fish Big-(MNK)-Pcs,1.0
3895,Maggi Vegetable Soup 4Pcs-25gm,1.0
3895,Prince Special Saltest(400g)Bk,1.0
3895,Faysal Colour Balloon-04,1.0
3895,Binimoy Cartoon File -022,1.0
3895,Haiko Agar Agar-30g,1.0
3895,F Clarks Ess 28ml(Vanilla),1.0
3895,Ch. Tawa-30cm(05/23),1.0
3895,Special Chinigura Rice-1Kg,2.0
3895,Teer Sugar-1Kg,1.0
3895,Ramisa Diabetes Murali-200gm,1.0
3895,Beef Kima,1.07
3895,Pran Puffedi Rice-250gm,1.0
3895,Hup Seng C Cracker - 225g,1.0
3895,White bread Small-300gm,1.0
3895,Ch Water Pot-500ml (4/23),1.0
3895,Teer Premium Lodized Salt- 1kg,1.0
3895,Sensodyne Fresh Mint Toothpaste-75g,1.0
3895,Ramisa Mug Dal Vaja-200g,1.0
3895,Prince Bread(Special)-400g,1.0
3895,Beef Bone Full,2.23
3895,Quality Brown Box Egg-1Dzn,1.0
3895,Fanta Orange Drink-250ml,2.0
3895,Milk Vita (Ghee)-200g,1.0
3895,Brooke Bond Taaza Black Tea-200g,1.0
3895,Sunsilk Black Shine Shampoo-330ml,1.0
3895,Puck Cream - 160gm,1.0
3895,Omega 3 Enriched Egg-12pcs-T03,2.0
3895,Maggi Masala Noodles Family Pack-992gm,1.0
3895,GC Instant Shine Sponge-11ml,2.0
3895,Sunsilk Hijab Refresh Shampoo-330ml,1.0
3895,Kodomo Baby Bath-200g,1.0
3895,Aarong Laban-250ml,1.0
3895,Binimoy Cartoon File -051,1.0
3895,Vim Bar Lemon-125gm,2.0
3895,Mixed Powder Masalla-100gm,1.0
3895,Queens Egg Bread- 125g,1.0
3895,Mutton (Head),1.0
3895,Aluminium Foil Container 12pcs-510ml,2.0
3895,China Baby Stiker (4/23),2.0
3895,Ch.Vegetable/Fruits Peeler (5/23),1.0
3895,Kinder Joy Chocolate-20g (girls),3.0
3895,Super Refined Naphthalene +/- 50P,2.0
3910,Kath Badam-50gm,1.0
3910,Linseed (Tishi)-250g,1.0
3910,White Kazu Badam-50g,1.0
3910,Akrut--50g,1.0
3921,EverestGaram Masala-50gm,1.0
3921,Turmeric Powder(100gm),1.0
3921,Cinnamon-100g (Daruchine),1.0
3921,Rupchanda Soyabean-5Ltr,1.0
3921,Dettol Fresh Odour protection Lemon-125g,1.0
3921,Hazrat Ali Cheese Bakorkhani-400gm,1.0
3921,Mola Fish (THR),0.76
3921,Bele Fish (Big)-(MNK),0.61
3921,Shrimp Fish Golda(Medium)-(STR),1.09
3921,Finlay E. Breakfast Tea-62.5g,1.0
3921,Imperial Leather Soap-115g,1.0
3921,Radhuni Kabab Masla-50gm,1.0
3921,Radhuni Mejbani Beef masala-68g,1.0
3921,Dove Beauty Bar Pampering-90gm,1.0
3921,Dabur Herbal.P Toothpaste-160gm,1.0
3921,Shamuk Pitha-Pkt,1.0
3921,Rui Fish-M-(MNK),1.83
3921,Rui Fish (S1)-(MNK),1.05
3921,Pabda Fish (Big),0.65
3921,Shing Fish-(THR),3.82
3921,Bele Fish Small,1.51
3921,Akher Sugar -1kg,4.0
3921,Vermicelli Samai-200gm,1.0
3921,Mirzapore Best Leaf Tea-400g,1.0
3921,Mug Cover-205A,2.0
3921,Teer Atta 2kg,4.0
3921,BD Chilli Powder (100gm),1.0
3921,Pangas Fish Small (River),1.05
3921,Vim Bar Lemon-125gm,4.0
3921,Radhuni Chilli Flakes-40gm,1.0
3921,Sun Chips Mix Masala-35gm,1.0
3921,Tengra Fish,0.87
3921,Shrimp Fish Bagda,1.5
3921,Rupchanda(Small) (THR),0.46
3921,Misti Sob-100gm,3.0
3921,Sajeeb Pancake Mix-500gm,1.0
3921,Milk Vita (Ghee)-200g,3.0
3921,Champignons Mushrooms Whole-400gm,1.0
3921,Mango Himsagor-kg,1.14
3921,Pran Aromatic Rice-2kg,2.0
3921,Farm Fresh UHT -200ml,2.0
3921,Lacys Aluminium Foil(45cmx7.6m)-37.5SFt,1.0
3921,Golda Fish XL,0.33
3921,Diamond Foil Paper-200/60 SQ,1.0
3921,Coca Cola-600ml(Pet),2.0
3921,Mug Pulse (Sona)-1kg,1.0
3921,Musur Pulse Kangaroo -1Kg (sp),1.0
3921,Confidence Salt-1Kg,1.0
3921,Coriander Powder(100gm),1.0
3921,Cumin Powder(50gm),1.0
3921,Radhuni Fish Curry Masala-20g,3.0
3921,Pusti Soyabean Oil-1Ltr Poly,3.0
3921,Lux Rose Soap-150gm,1.0
3921,Mug Cover-202A,1.0
3921,Pure it Micro Fiber Mesh,1.0
3921,Vim Dishwash Liquid- 250ml,2.0
3921,Everest Chhole masala-50gm,1.0
3921,Cassia Leaf-100gm (Tespata),1.0
3921,Radhuni Spices (Corinder)-100gm,1.0
3921,Select Plus Anti D Shampoo-75ml,1.0
3921,Mediplus Toothpast-70g,1.0
3921,Yusera Hand Wash -170ml (Spain)Refill,1.0
3921,Prince Betel Spice 100gm,1.0
3921,Hilsha Fish-Medium-Pcs,1.0
3921,Hilsha Fish(Small)-Pcs(Sajah),1.0
3921,Katol Fish XXL (Kata),2.64
3921,kalibaush Fish-Big (HB),0.99
3921,Wood Apple Small (Bell),1.0
3921,Thai Papaya Ripe Red Lady,0.54
3921,Parachute Coconut Hair Oil 100ml,2.0
3921,RFL Fkat Lid,1.0
3921,Mixed Masalla-100gm,1.0
3921,Shan Achar Gosht Masala-50g,1.0
3921,Dust Rice(Atob)-1KG,2.0
3921,Bashundhara F Soyabean Oil-5L,1.0
3921,Dettol Cool Soap -125gm,1.0
3921,Belleame Coconaoir-240gm,1.0
3921,Deshi Paratha-1600g(Mega Family Pack),1.0
3921,Shole Fish Big (THR),0.98
3921,Green Pumpkin-pc,1.0
3921,Korolla(Big)-kg,1.1
3921,Apple Green,1.12
3947,Lux Soft Glow -35g (4pcs Combo),1.0
3947,Shero Cream Biscut - 85gm,1.0
3947,Cheesy Bites-40gm,3.0
3947,Ispahani Butterful Biscuit- 75g,1.0
3947,Belleame Cremo Biscuit- 90g,1.0
3947,Cock Roast (Deshi)-PC,2.0
3947,Bakemans Lexus Biscuit-58gm,2.0
3947,Akher Sugar -2kg,3.0
3947,Chaka Advanced Ball Soap-125gm,1.0
3947,Bashundhara F Soyabean Oil-5L,1.0
4034,Harpoon Toilet Cleaner- 750ml,1.0
4034,Musur Pulse Deshi-1Kg,1.0
4034,Sajeeb Kolson Vermicelli Semai (B2G1),1.0
4034,Mr. Energy Instant Biscuit-240gm,1.0
4034,Dr Razes NA.E Oil Air F.Floral Oil-150g,1.0
4034,Sepnil Sanitizing HW-170ml (B3G1),1.0
4034,Ifad Choco Kaju Butr Fr Orng-820g,1.0
4034,ACI Nutrilife F.E Rice Bran Oil-5ltr,1.0
4034,Snickers Chocolate-50gm,1.0
4034,Barley For Eating-200gm,1.0
4034,Akher Sugar -1kg,2.0
4034,Olympic Salcoti Elachi Cookies-80gm,1.0
4034,Funtastic Hebby Energy Biscuits-200gm(B3G1),1.0
4038,Dolphin Nata de Coco Drink (All)-270gm,2.0
4038,Stute Cranberry Juice-1.5L,1.0
4038,Oral-B Criss Cross Toothbrush- B2 G1,1.0
4050,BD Garam Masla-50gm,1.0
4050,Dream Food Colour(Orange)-28ml,1.0
4050,Dove Hair Fall Rescue Shampoo-330ml,1.0
4050,Layerr Shot Red Stalion BS-135Ml,1.0
4050,Ever Glow Men Intense White FW-100ml,1.0
4050,Dove Hijab Natural Shampo-330ml,1.0
4050,Capsicum Green,0.15
4050,Aarong Ghee 200g,1.0
4050,Tang orange Flavoured Instant Drink Powder 75gm,1.0
3248,Diploma Milk Powder-500g,1.0
3248,Ruchi Red Chilli Sauce-360gm,1.0
3248,Nutella-180g,1.0
3256,Wheel 2in1 Clean & Fresh Powder-1Kg,1.0
3256,Katol Fish XL-(River),3.12
3256,Maggi Masala Noodles 12Pcs-744g,1.0
3293,Rupchada Chinigura Rice 1kg,1.0
3293,Ma SS Glass -57,1.0
3293,Sprite-600ml (Pet),1.0
3293,SKB Plate Both Side Mirror -24cm,2.0
3293,Coca Cola-2.25Lt(Pet),1.0
3442,Magur Fish (THR),0.57
3442,Shrimp Fish Bagda,0.58
3442,Tip Biscuit Super Saver Pack-200gm,1.0
3442,Teer Soya Oil 2Lt(Bottle),1.0
3442,Beef Bone Full,2.07
3442,Pran Nazirshail Rice -5Kg,1.0
3442,Teer Sugar-1Kg,1.0
3442,Shole Fish Big (THR),0.91
3128,C.N Plain Paratha 20pcs-1300gm,1.0
3128,Beef Bone Full,2.02
4062,Dry Cake 400gm(BK),1.0
4062,BD Dry Cake Biscuit-300g,1.0
4062,Oreo Chocolatey S. Biscuits-113.75g,1.0
4062,Ispahani Lexus Biscuit-150g,1.0
4062,Mr. Energy Instant Biscuit-240gm,1.0
4062,BD Food Chanachur(280gm),1.0
4062,Fit Biscuite -130gm,1.0
4062,Bakemans Choco Boost-250gm,1.0
4062,NAJ Special Toast Biscuits -300gm,1.0
4062,Dan Cake-Dry Cake 300gm,1.0
4062,Quality Biscuts 400g Pot (Bk),1.0
4064,SKB Plate Both Side Mirror -24cm,1.0
4064,SKB Mixed Bowl-30cm,1.0
4064,Ma Steel Mug-031,1.0
4087,Belleame Chocolate Fondue-180gm,2.0
4087,Musur Pulse Deshi-1Kg,1.0
4087,Meant Leaf (Pudina Leaf)- Pc,1.0
4087,Olympic Biscoti Cookies-80gm,1.0
4087,Fun Crack- 50g,2.0
4087,Digestive Plain Biscuits- 120gm,1.0
4087,Onion LC New,2.01
4087,Belleame Golden Cremo Biscuit-90g,2.0
4087,Prince Plain Cake(B),1.0
4087,Pepsi-2Lt(Pet),1.0
4087,Cocola Wafer Roll Jar-325gm,1.0
4087,Super Refined Naphthalene +/- 50P,1.0
4087,R.Chanachur Bar-b-Q-500gm,1.0
4087,China Knife Set-(5/23),1.0
4087,Gluco Max D- 400g,1.0
4087,Green Chilli(kg),0.26
4087,Prince Special Ovaltine Biscuite-400g,1.0
4087,Dark Chocolate Digestive-130g,2.0
4087,Teer Premium Lodized Salt- 1kg,1.0
4087,Funtastic Ore Cream Pineapple,1.0
4087,Jhok Mok Dishwash Bar 300gmB2 get 100gm Free,1.0
4087,Bacha Boot Pulse 1Kg,1.0
4087,Butter Bite-100g,2.0
4087,Toi Moi Cho C Wafer Biscuits-1p,1.0
4087,ACI Pure Salt-1Kg,1.0
4087,Prince Khesari Pulse-1Kg,1.0
4087,Chicken (B-Skin Less),1.1
4087,Apple(Gala),1.02
4087,Olympic Daily Toast Biscuits-210gm,2.0
4087,Dry Cake 400gm(BK),1.0
4087,Mr.Cookie- 39gm Small,3.0
4087,Chocolate Digestive 145gm,1.0
4087,CBL Munchee Chocolate Wafer-100g,1.0
4087,Prince Bread(Special)-400g,1.0
4087,Olympic Saltes Classic Biscuits-50g,4.0
4087,Olympic Premium Toast Biscuits-275gm,3.0
4141,Crystal Bowl 2.6Ltr-72110,2.0
4141,Plastic Straws 4pcs- 59,1.0
4141,Kamrul Fridge Cover-022,1.0
4141,Mug Pulse (Sona)-1kg,1.0
4141,Laitta Fish,1.26
4141,Naspati(kg),1.08
4141,China Magic Slate -(5/23),1.0
4141,Onion LC New,1.99
4141,AS PP Feeding Bottle-150ml,1.0
4141,Bashundhara Atta-2kg,1.0
4141,Freedom Heavy Flow Wings-16pads,1.0
4141,AS Baby Dropper Feeding Device,1.0
4141,Musur Pulse Kangaroo -1Kg (sp),1.0
4141,Adorsho Lipi Book- 02,1.0
4141,Amra(kg),1.14
4141,Nescafe Creamy Latte- 6Pcs-18g,1.0
4141,AS Breast Feeling Milk,1.0
4141,Kamrul Oven Cover-051,1.0
4141,Prince Dubli Pulse-1kg,1.0
4141,Chicken Deshi Cock (Live),4.0
4141,Pomegranate (Mitulla)-B,0.55
4141,Mirzapore Best Leaf Tea-400g,1.0
4141,Sanjida Wooden Khunti-51,1.0
4141,ACI Pure Salt-1Kg,2.0
4141,Meril Baby Lotion-100ml,1.0
4141,Potato Deshi New-1kg,4.03
4141,Bashundhara Suji-500g,1.0
4141,China Cloth Clip 16.P Set (5/23),1.0
4141,Meril Baby Top To Toe Wash -200ml,1.0
4141,Aarong Pasturized FC Milk 1000ml,3.0
4141,Koi Fish Big (HB),1.17
4141,DR Ruchi mixed Fruit Jam 400gm,1.0
4176,Jhok Mok Dish Wash Bar 100g B3 G1,1.0
4176,Potato Deshi New-1kg,2.0
4176,Mola Fish (THR),0.56
4176,Dry Boroi-1kg,0.36
4176,Akher Sugar -1kg,3.0
4176,Queens Burger Bread (BUN)- 250g,1.0
4176,Thai Guava,1.1
4176,Azoa Dates-kg(Loose),0.47
4176,Vim Dishwash Liquid- 250ml,2.0
4176,R.Spices(Turmaric)-100g,1.0
4176,Harpic Power-500ml,1.0
4176,Tengra Fish,1.22
4176,Rok Liquid Dishwash-250ml(Buy2 Get1 Free),1.0
4176,Chat Masala-40gm,1.0
4176,Diploma Milk Powder-500g,1.0
4176,Ayir Fish (Medium )-(HB),1.05
4176,Laitta Fish,1.32
4176,Ladies Finger (Vendi)-kg,0.67
4176,HP 750+LYS 500ml,1.0
4176,Wheel 2in1 Clean & Fresh Powder-1Kg,1.0
4176,Rin Liquid Detergent -800ml,1.0
4176,Safe Hand Liquid Hand Wash 180ml B2 G1,1.0
4176,Bele Fish Small,1.62
4176,Pomegranate (Mitulla)-B,1.22
4176,Pozzy Wet Wipes-120Pcs,1.0
4176,Aci Pure Aromatic Rice 2kg,1.0
4176,Teer Fortified Soyabean Oil 3Ltr,1.0
4176,Laita Shutki-200g,1.0
4176,Prince Bread-800g (Special),1.0
4176,Shole Fish Big (THR),1.71
4176,Aarong Yogurt Sour Curd-500gm,1.0
4176,Bas. Kitchen Towels 1Roll,1.0
4176,Sunshine Muri-500gm,1.0
4176,Grapes (American)-kg,0.73
4185,Morium Special Dates-Kg(Loose),0.54
4185,Sajeeb Kolson Vermicelli Semai (B2G1),1.0
4185,Nido FCMP BIB-700gm,1.0
4185,Chicken Deshi Cock (Live),2.0
4185,Apple(Gala),1.03
4185,HIlsha Extra Small-Pcs,1.0
4185,Boot Pulse(Broken)1Kg,1.0
4185,Cardmom-50gm(Alachi),1.0
4185,Onion Deshi(New)-kg,1.96
4185,Akher Sugar -2kg,2.0
4185,Grapes (Red),0.32
4185,Cinnamon-100g (Daruchine),1.0
4185,Mutton (Special)-Kg,1.99
4185,ACI Pure Salt-1Kg,2.0
4185,Cumin Powder-100gm,1.0
4185,Avonee Diaper XXL (14-25Kg)-4pcs,1.0
4185,Nestle Milo-400g,1.0
4185,Pusti Deshi Red Lentils(Mushur Dal) -1Kg,1.0
4200,Sammam Fruits -Kg,0.34
4200,Sepnil Hand Sanitizer Pump-40ml,1.0
4200,Golden Raisin (Kismis)-200gm,1.0
4200,Air Wick Citrus Splash-50gm,1.0
4208,G H. Chicken Shami Kabab - 250gm,2.0
4242,Oregano Bottle-10gm,1.0
4242,Borboti(kg),0.61
4242,Carrot (China)-kg,0.44
4242,Dabur Gulabari Rose Water-120ml,1.0
4242,D. Chocolate Food Colour,1.0
4242,Mixed Herbs- 10g,1.0
4242,Radhuni Spices Cumin-100gm,1.0
4242,Shrimp Fish Bagda,0.56
4242,Lati Thik(Kg),0.54
4242,B Toilet Tissue Extra Saving Pack 4Rolls,1.0
4242,Vermicelli Samai-200gm,2.0
4242,Funtastic Pineapple-200g+Cho-167g(B3G1),1.0
4242,Lemon White Detergent Powder-1kg,2.0
4242,Dust Black Pepper(Chili)-50g,1.0
4242,Radhuni Biriyani Masala-40g,2.0
4242,Saad Sweet Chilli Sauce-340gm,1.0
4242,Arla Dano Daily Pushti-500gm,1.0
4242,Chia Seed (Dana) New-100g,1.0
4242,Prince Tiffin Bon,1.0
4242,Prince Chicken Leg,0.99
4242,AD Plastic File Bag-012,1.0
4242,GG Tully Set 6Brush-591,1.0
4242,Bas. Kitchen Towels 1Roll,1.0
4242,Cumin-200gm,2.0
4242,Radhuni Garam Masala-40gm,2.0
4242,F Clarks Ess 28ml(Blue),1.0
4242,GG Acrylic Color 12pcs- 022,1.0
4242,Dragon Fruits (B),0.85
4242,Pusti Maida -2Kg,1.0
4242,GG Exam Board -58,1.0
4242,Cadbury Celebration-132g,2.0
4242,Maggi Vegetable Soup 25g(B3G1),2.0
4242,Fresh Ins. Noodles Masala (B2G1)-496gm,1.0
4242,Milk Bread Small-300gm,1.0
4242,Starship Cond. Milk 397g,2.0
4242,Suree Fish Sauce-150ml,1.0
4242,Sajeeb Soya Sauce-300ml,1.0
4242,Ramisa Chicken Chips-125g,1.0
4242,Akher Sugar -2kg,1.0
4242,Bashun Paper Towel 1Ply- 250Pcs,1.0
4242,Nescafe Classic Jar-25gm,1.0
4242,Prince Cone Mehedi,1.0
4242,Sajeed ChocoMoo Chocolet-135g,2.0
4242,Mango Hari Vanga-Kg,2.25
4242,Cardmom-50gm(Alachi),1.0
4242,Isubgool Pack-50g,1.0
4242,Maggi Hot Cup Instant Soup 4Pcs Combo,1.0
4242,Sajeeb Mr. Chocoz-200gm,1.0
4242,Chicken Kima-Kg,0.68
4242,China Carpet Brush (4/23),2.0
4242,Lafz Ocean Crest Deodorant-50ml,1.0
4242,ACI Pure Salt-1Kg,1.0
4242,Golden Raisin (Kismis)-200gm,1.0
4242,Chocolate Rice Cake Dec-50g,1.0
4242,Cardmom Big-50gm(Alachi),1.0
4242,Prince Bread(Special)-400g,1.0
4242,Chicken Boneless-Kg,0.38
4242,Pop Corn(Khai Bhutta)-500gm,1.0
4242,Lafz Musky Calm Deodorant-50ml,1.0
4344,Bonjour Strawberry Jam-450g,1.0
4344,Tomato L.C(kg),0.75
4344,Parboil (Potol)-kg,0.67
4344,Snack Guard (Chichinga)-kg,0.59
4344,Diploma Ins Milk Powder-1kg,1.0
4344,Nocilla Cocoa Spread-190g(cho),1.0
4344,Borboti(kg),0.6
4344,Sweet Pumpkin(kg),1.01
4344,Brooke Bond Taaza Tea- 400gm,1.0
4344,Toi Moi Cho C Wafer Biscuits-1p,2.0
4344,Cocola Champion Biscuits-65g Choco,2.0
4344,Brinjal (Oval) Big-kg,0.54
4344,Capsicum Green,0.15
4344,Pringles All-149g,1.0
4344,Lemon Elachi-Pc,4.0
4344,Pusti Soyabean Oil-5Ltr,1.0
4344,Muslim Chirar Moya-20Pcs,1.0
4344,Real Strawberry Wafer Roll-50gm,2.0
4344,Mini Burger Bread-4pcs 160gm,1.0
4344,CBL Munchee Nice Biscuit-230g (Premium),1.0
4344,Carrot (China)-kg,0.61
4350,Chashi Aromatic Chinigura Rice-1Kg,2.0
4350,Natural Loofah Sponge M -533,2.0
4350,Chicken Spring Roll - 250gm,1.0
4350,Quality Chicken Gizzard Singara,1.0
4350,Prince Lacha Samai-200g(Pkt),1.0
4350,Chia Seed (Dana) New-100g,1.0
4350,Chira-500g,2.0
4402,Pepsodent Baby ToothPast-50gm All,1.0
4402,Roja Shrimp Tempura- 224g,1.0
4402,Usta(kg),0.27
4402,Milk Pan (Bakelite)-16cm,1.0
4402,Fun Vannilla cake,1.0
4402,Binimoy Eraser-8,1.0
4402,Ch. Water Pot-1000ml(05/23),1.0
4402,China Burger Set-05/23,1.0
4402,Comfort-2Ltr,1.0
4402,Milk Vita Liquid Milk-1Ltr,2.0
4402,CBL Munchee Choco-Mo White Chocolate100g,2.0
4402,SKB Mug -08cm,1.0
4402,Royal Club Soda-500ml,1.0
4402,Hand Fan,1.0
4402,China Measurement Cup 500ml(5/23),1.0
4402,Dosa Tawa -26cm,1.0
4402,Strawberry Yogurt Drink UHT-125ml,1.0
4402,Lamia Oil Pastel 12Colors-011,1.0
4402,Saad Hot Tomato Sauce-500gm,1.0
4402,Nocilla Cocoa Spread-190g(cho),1.0
4402,Oat Krunch Strawberry&Black -208gm,1.0
4402,Dan Cake-Chocolate Muffin 50gm,1.0
4402,Marks Milk Shake AS-125,2.0
4402,Mothercare Baby Top To Toe Wash - 300ml,1.0
4402,Lati Thik(Kg),0.65
4402,Pinch Melamine Bowl,1.0
4402,Pringles Original-40g,1.0
4402,BD Chilli Sauce- (360gm),1.0
4402,Pillow Chocolate Chips,1.0
4402,Kinley Club Soda -600ml,1.0
4402,Double Milk Baby Powder- 180g,1.0
4402,Pandan Kaya Bread- 225g,1.0
4402,Rui Fish (S1)-(MNK),1.4
4402,Food Container 930ml,3.0
4448,Calender Pineapple,1.0
4448,Chicken (Deshi),1.01
4448,CBL Munchee Nice Biscuit-230g (Premium),1.0
4448,Prince Bread-800g (Big),1.0
4448,Roja Fish Kievs 12Pcs- 240g,1.0
4448,Knorr Thai Soup- 28g,2.0
4448,Dragon Fruits (B),1.11
4448,Apple Fuji,1.57
4448,Apple(Gala),0.81
4448,Coconut Craze-250gm,1.0
4448,China Relax Bait- 50gm,1.0
4448,Milk Vita Labang-250ml,2.0
4448,China Flower (4/23),1.0
4448,Apple Green,0.49
4448,Knorr Chicken Hot & Sour Soup- 28g,2.0
4448,CBL Munchee P.Nice Biscuits 124g,1.0
4448,Ladies Finger (Vendi)-kg,0.46
4448,Mutton(1),2.35
4448,No-Kroach -8gm,2.0
4467,Bacha Boot Pulse 1Kg,1.0
4467,Quality Premiun Paratha 20Pcs-1300g,1.0
4467,Brinjal (Oval) Big-kg,2.79
4467,Teer Whole Wheat Atta 2Kg,2.0
4467,Aarong Pasturized Liquid Milk-1Ltr Reg.,2.0
4467,Kazi Chicken Sausages Plain-340gm,1.0
4467,G H. Premium Deshi Paratha-1300gm,1.0
4467,Net Pumpkin (Jali Kumra)-Pc,1.0
4467,Apple Green,1.68
4467,Pepsi (Diet) 600ml,1.0
4467,Aci Pure Atta 2kg,1.0
4467,Rupchada Chinigura Rice 1kg,1.0
4467,Colgate Active Salt Paste-200g,1.0
4467,Milk Vita Liquid Milk-1Ltr,2.0
4467,Cosco Soap-80gm,2.0
4467,Teer Sugar-1Kg,3.0
4467,CBL Munchee Lemon Wafer-100g,2.0
4467,Prince Bread(Special)-400g,1.0
4467,Kolson Vermicelli-200g,3.0
4467,Black Berry (Kalo Jam),0.48
4467,Potato Deshi New-1kg,2.06
4467,Prince Cream Bread Bon,3.0
4467,Mrigel Fish M,2.32
4467,Green Pumpkin-pc,3.0
4467,Pusti Atta -2kg,2.0
4467,Lux Soft Glow Jasmine Soap-75gm,2.0
4467,Musur Pulse Kangaroo -1Kg (sp),2.0
4467,Aarong Liquid Milk-1/2Ltr,1.0
4467,Parachute N Anti Hair Fall Shampoo-340ml,1.0
4467,Lux Soft Glow -35g (4pcs Combo),1.0
4467,Good Life Mozzarella Cheese-200gm,1.0
4467,Queens Butter Bun- 100g,1.0
4467,Rui Fish (S1)-(MNK),3.78
4467,Laitta Fish,2.63
4467,Lux Jasmine & Vitamin E Soap-150g,1.0
4467,All Time Milk Bread- 300gm,1.0
4467,Deshi Paratha-1600g(Mega Family Pack),1.0
4467,Mrigel Fish XL-(River),3.23
4467,Usta(kg),0.44
4467,Mirzapore Best Leaf Tea-400g,2.0
4467,Mutton (Special)-Kg,3.67
4467,Tomato L.C(kg),1.06
4487,Parboil (Potol)-kg,0.78
4487,Snack Guard (Chichinga)-kg,0.6
4487,China Knife Set-(5/23),1.0
4487,Wheel 2in1 Clean & Fresh Powder-1Kg,1.0
4487,Pran UHT Milk-200ml,3.0
4487,Prince Coconut-(pcs),1.0
4487,Green Chilli(kg),0.21
4487,Bashundhara SoftToilet Tissue,3.0
4487,ACI Aerosol-250ml,1.0
4487,China Hair Clip-(5/23),2.0
4487,ACI Aerosol 350ml,1.0
4487,Fresh Paper Napkin 100pcs,1.0
4551,Ch.Vacuum Cup-KL140(4/23),1.0
4551,China Car Toy(05/23),1.0
4551,Crazy Premium Coup Spoon,1.0
4551,China Duck Car Toy(05/23),1.0
4551,SKB Rice Spoon 01,1.0
4551,10 Bowl,1.0
4551,Munchys Lexus Cho Biscuit - 200g,1.0
4551,Mun Lexus Biscuits Cho Cream-225g,1.0
4551,Ch. Scissors F-312-241(6/23),1.0
4551,"RFL 12"" Rice Bowl-919862",1.0
4551,Ma Steel Bowl -56,1.0
4551,China Spoon 6pcs Set(05/23),2.0
4551,NAJ Special Toast Biscuits -300gm,2.0
4551,China Flower (4/23),1.0
4551,China Air Bou Toy(05/23),1.0
4551,China Fox Toy- (4/23),1.0
4551,China Animals Toy- (4/23),1.0
4597,Vaja Maskali Pulse-1kg,2.0
4597,Musur Pulse Kangaroo -1Kg (sp),1.0
4597,Confidence Salt-1Kg,2.0
4597,Dried Chilli-200gPkt,1.0
4597,Arong Milk Powder IFCMP-500gm,1.0
4597,Mrigel Fish M,2.18
4597,Beef Bone Full,1.36
4597,Omega 3 Vitamin-E Egg-12pcs-T27,2.0
4597,Jhinga(kg),2.9
4597,Brinjal Long (Thin)-kg,2.04
4597,Jumbura Medium,1.0
4597,Amra(kg),0.63
4597,Lassa Special Semai-500g(Pkt),1.0
4597,Milk Vita Matha-250ml,1.0
4597,Amon Rice -Kg (Lose),1.01
4597,Mug Pulse (Sona)-500gm,3.0
4597,Pink Salt-200g,1.0
4597,Cinnamon-100g (Daruchine),2.0
4597,Pran Turmeric Powder-200g,1.0
4597,Champion Toothbrush,1.0
4597,Sensodyne ToothPaste Fresh Min-130g GSK,1.0
4597,Teer Sugar-1Kg,1.0
4597,Dust Rice(Atob)-1KG,1.0
4597,Pran Aromatic Rice-2kg,2.0
4597,Vim Bar 300g (Lemon),2.0
4597,Aarong Pasturized Liquid Milk-1Ltr Reg.,4.0
4597,Chitol Fish Medium-(MNK),3.46
4597,Topashi Fish-(MNK),0.35
4597,Black Cumin (Kalijira)-100gm,1.0
4597,Golden Raisin (Kismis)-200gm,1.0
4597,Radhuni Mustard Oil-500ml,1.0
4597,Gillette Blue-II Razor,1.0
4597,Calender Pineapple,2.0
4597,Tengra Fish,0.33
4597,Pabda Fish (Big),0.56
4597,Shing Fish-(THR),2.04
4597,Tomato L.C(kg),0.3
4597,Kakrol(kg),0.37
4597,Onion With Leaves (Kg),0.32
4597,Pran Puffed Rice-500gm,1.0
4597,Tomato Sour Deshi-B (kg),0.39
4597,Apple Green,4.15
4597,Coca Cola-2.25Lt(Pet),1.0
4597,Sunshine Maida -2kg,3.0
4597,Orange (China) Net-kg,1.02
4597,Prince Borhani-1000ml,1.0
4597,B Toilet Tissue Extra Saving Pack 4Rolls,1.0
4597,Fresh Facial Tissue 120p-240Sheet,1.0
4597,Radhuni Vermicili Semai -200g,1.0
4597,Bashundhara Atta-2kg,3.0
4597,Dry Shrimp Shutki Small-100gm,2.0
4597,Chitol Fish-(MNK),2.44
4597,Mola Fish (THR),0.39
4597,Boal Fish Medium (HB),3.03
4597,Qyality Egg Red (1 Dozen),2.0
4597,Ayir Fish (Small)-(HB),0.77
4597,Cucumber (Hybrid)-kg,1.45
4597,Banana Green Small-kg,0.55
4597,Parboil (Potol)-kg,1.3
4597,Lemon Elachi-Pc,4.0
4597,Kazi & Kazi Green Tea-60gm,1.0
4597,Mirzapur Tea Bag-100gm,1.0
4597,NAJ Special Toast Biscuits -300gm,2.0
4597,Pran Toast-250g,2.0
4597,Radhuni Spices (Corinder)-100gm,1.0
4597,Radhuni Chilli Powder -200gm,3.0
4597,Garlic China Big-(kg),4.27
4597,Shole Fish Big (THR),0.94
4597,Gulsha Fish(Small)-(HB),0.7
4597,Kachki Fish (THR),1.04
4597,Fresh Beet-Kg,0.25
4597,Owl Kanchu,0.96
4597,Green Chilli(kg),1.04
4597,Dragon Fruits (B),2.19
4597,Akher Sugar -1kg,2.0
4597,Apple(Gala),4.15
4597,Sprite-2.25Lt(Pet),1.0
4597,Perfumed Facial Tissue - 200Sheet,1.0
4597,Radhuni Spice Coriander-200g,1.0
4597,Prince Vinegar(600ml),1.0
4597,Sunsilk conditioner Perfect Straight-80m,1.0
4597,Savlon Lavender Hand Wash 1L,1.0
4597,Hilsha Fish-XL-(MNK)-Pcs,1.0
4597,Hilsha Fish Big-(MNK)-Pcs,1.0
4597,Puffed Puffed Rice-250gm,1.0
4597,Puti Fish (Deshi) (HB),0.67
4597,Telapia Fish Big (THR),0.51
4597,Polar Ice Cream Vanilla-1Ltr(Tub),1.0
4597,Polar Ice Cream Chocolate-1Ltr(Tub),1.0
4597,Fresh F. Tissue Perfumed 150Pcs 300Sheet,1.0
4597,Fanta orange-1L,1.0
4597,Partex Cleen Toilet Tissue Super Soft,1.0
4597,Katol River Fish XL-(Kata),2.1
4597,Prince Dubli Pulse-1kg,1.0
4597,R.Spices(Turmeric)200gm,1.0
4597,Aarong Pasturized FC Milk 1000ml,1.0
4597,Hilsha Fish XL-kg,1.3
4597,Ladies Finger (Vendi)-kg,0.44
4597,Grapes (Red),0.22
4597,Sprite-1.25 Lt(Pet),1.0
4597,Cotton Buds-200pcs,1.0
4597,Prince Noli Toast-250g,2.0
4597,Green Jack Fruit,2.0
4597,R.Chanachur Classic 100 gm,1.0
4597,Sunsilk Black Shine Shampoo-330ml,1.0
2968,Alupuri,1.0
4604,G. Naturals Bargundy-20ml,2.0
4604,All Time Sandwich Bread- 600gm,1.0
4604,Prince Ovaltin Cake(B),1.0
4604,Olympic Saltes Biscuits-200gm,2.0
4604,Cocola Salty Salted Bscuits- 100g,2.0
4604,Memory Jhinuk Pitha Pkt-200gm,1.0
4604,MP Hijab Pin -61,1.0
4604,Pran Chilli Sauce-340g,1.0
4604,Maggi Soup 4Pcs Combo {All},1.0
4604,KurKure Masala Manch 37gm,1.0
4604,Mr.Cookie-Family Pack 275gm,1.0
4604,Cocola Champion Biscuits-65g Choco,2.0
4604,Maggi Soup Thai- 35g 4Pcs Combo,1.0
4604,Nescafe 3in1-6Pcs-15g,1.0
4604,KurKure Cream & Onion 37gm,1.0
4604,Chocolate Digestive 145gm,1.0
4604,Nutkao D S Cocoa & Hazelnuts-200g,1.0
4604,Prince Bread(Suger Free)-400g,1.0
4604,First Choice Salted Biscuits-180g,1.0
4604,Prince Plain Cake(B),1.0
4604,GH French Fries-500gm,1.0
4604,Savlon Freedom Heavy Flow-8Pads,1.0
4604,KurKure Naughty Tomato 37gm,1.0
4604,Pusti HT Aloo Vhujia -20g,1.0
4642,Rin Power Bright- 2kg,1.0
4642,Pran Aromatic Rice-2kg,1.0
4642,Bashundhara F Soyabean Oil-5L,1.0
4642,Gillette Blue II Plus Razor,1.0
4642,Garlic China Big-(kg),0.59
4642,AG Mini Chicken Spring Roll-250g,1.0
4642,Net Pumpkin (Jali Kumra)-Pc,1.0
4642,Aarong Yogurt Sour Curd-500gm,1.0
4642,Maggi Vegetable Soup 4Pcs-25gm,1.0
4642,Parachute Advanced Oil-275ml,1.0
4642,Oat Krunch Dark Cho-208gm,1.0
4642,Ifad Tost 3pcs Combo (Save40),1.0
4642,Panch Foron-100g,1.0
4642,Methi-100Gm,1.0
4642,Vim Dishwash Liquid- 1L,1.0
4642,Prince Sour Curd-500gm,1.0
4642,Aarong Low Fat Yoghurt-500gm,1.0
4642,Mama Masala Noodles-496g,1.0
4642,Teer Atta 2kg,2.0
4642,Oat Krunch Nutty Cho-208gm,1.0
4642,Frenchs Yellow Mustard 170gm,1.0
4642,Radhuni Beef Curry Masala- 100gm,2.0
4642,Prince Vinegar-400ml,2.0
4642,Pran Aromtic Rice-5kg,1.0
4642,Vim Bar 300g (Lemon),1.0
4642,Harpic 1Ltr + Lizol 1Ltr -60TK Off,1.0
4642,Flexible Toothbrush Super Tip,1.0
4642,Maggi Sauce-680ml,1.0
4642,Barchun Oyster Sauce-350ml,2.0
4642,Maggi Cooking Sauce-200ml,1.0
4642,Colgate Charcoal Clean Toothpaste-120g,1.0
4642,Ginger Barmiz-(Kg),0.53
4642,Pepsodent Gum Care-140g,1.0
4642,CP Chicken Hot Sausage- 400g,2.0
4642,Black Pepper(Chili)-50g,1.0
4642,Man Kanchu(Deshi) 1Pc,1.0
4642,Green Papaya(kg),1.57
4642,Tengra Fish,1.05
4642,Shrimp Fish Bagda,2.12
4642,Cucumber (Hybrid)-kg,0.81
4642,Fresh Kitchen Towel,2.0
4642,Fresh Paper Napkin 100pcs,1.0
4642,Kolson Vermicelli-200g,1.0
4642,Dettol Skincare HW-170ml(Refil),1.0
4642,Sepnil Hand Wash Refil-170ml Tea Oil,4.0
4642,Sepnil FS Hand Wash Apple-180ml (Refill),2.0
4642,Maggi Noodles Masala Taste-496g,2.0
4642,Aloe Vera Hair Oil 250ml,1.0
4642,Akher Sugar -1kg,2.0
4642,White Tone Face Powder-30g,1.0
4642,Zess Biscuits All FLV-127g,1.0
4642,Center Fresh 20g,1.0
4642,Yardley Jasmine Perfumed.T-250g,1.0
4642,Surf Excel Alov Vera Wash -1000g,1.0
4642,Teer Masur Dal 1kg,2.0
4642,Mug Pulse (Sona)-1kg,3.0
4642,White Pepper(Chili)-50g,1.0
4642,Prince Vinegar(600ml),1.0
4642,Colgate Plax Com Care-250ml,1.0
4642,Aarong Sliced Cheese Classic- 204g,1.0
4642,Musur Pulse Deshi-1Kg,1.0
4642,CP Chicken Italian Chilli Bologna- 340g,3.0
4642,Pran Jhotpot Chicken Lollipop- 400gm,1.0
4642,Brinjal Oval ( Tal Begun ) -kg,1.05
4642,Aquafina Drinking Water- 500ml,1.0
4642,AG Real Mayonnalse 473 ml,1.0
4642,Surf Exel 1KG Bye2 Get Vim 250ml Free,1.0
4642,Kamal Mushroom Whole-420g,1.0
4642,Bacha Boot Pulse 1Kg,2.0
4642,Easy Mix Roast Masala-35g,1.0
4642,Radhuni Tehari Masala-45g,1.0
4642,Ruchi Tomato Sauce-1000gm,1.0
4642,Aarong Probiotic Yogurt-500gm,2.0
4642,Chia Seed (Dana) New-100g,1.0
4642,Gulsha Fish(Small)-(HB),2.0
4642,Chicken Deshi (Pakistani) Cock,2.0
4642,Savoy Ice Cream- 100ml (Shahi Kheer),2.0
4642,Bon Appetit Slice Cheese-170gm,1.0
4642,Mama Hot Noodles-496g,2.0
4642,Kiam Press Cooker (Classic) -4.5L,1.0
4642,Europe Chewing Gum-13gm,1.0
4642,Radhuni Mustard Oil-500ml,1.0
4642,Treseme Hair Fall Defense Shampoo -580ml,1.0
4642,Onion LC New,2.03
4642,AG Chicken Spicy Nuggets-250g,1.0
4642,Green Chilli(kg),0.3
4642,Carrot (China)-kg,0.42
4642,Milk Vita (Ghee)-200g,1.0
4642,Whisper Ultra Nigts 15pcs,2.0
4652,ACI Salt Bottle-750g,1.0
4652,Beef Without Bone Special,0.96
4652,Coca Cola-2.25Lt(Pet),1.0
4652,ZeroCal 75s Box,1.0
4652,Mirzapore Best Leaf-200gm,1.0
4652,P.Drinko Float Lichi Drink-250ml,1.0
4652,Pran Jhotpot Tandoori Pizza- 210gm,1.0
4652,Tomato L.C(kg),0.49
4652,Banana Green Small-kg,0.26
4652,ACI Pure Salt-1Kg,1.0
4652,Deshi Paratha-1600g(Mega Family Pack),1.0
4652,Hilsha Fish-XL-(MNK)-Pcs,1.0
4652,Musur Pulse Kangaroo -1Kg (sp),1.0
4652,Dust Boot (Bason)-500gm,1.0
4652,Radhuni Kheer Mix 150gm,2.0
4652,Prince Betel Spice 100gm,1.0
4652,Super Refined Naphthalene +/- 200g,1.0
4652,Rin Advanced-1000gm,1.0
4652,Pran Aromatic Rice-2kg,1.0
4652,Fortune KG Mustard Oil- 250ml,1.0
4652,Cucumber Deshi (kg),0.36
4652,Korolla(Big)-kg,0.65
4652,Bomby Chilli-5Pcs,1.0
4652,Ossum Perfumed Body Mist-115ml (Romance),1.0
4652,Garden Fresh Mango Drink-1L,1.0
4652,Arla Dano Daily Pushti-500gm,1.0
4652,GR. Lipliner Pencil,1.0
4652,Meant Leaf (Pudina Leaf)- Pc,1.0
4652,Lassa Special Semai-500g(Pkt),1.0
4666,Ramisa Papar-10Pcs,1.0
4666,Deshi Paratha Mini-650gm Family,1.0
4666,Kachki Fish (THR),0.29
4666,Ladies Finger (Vendi)-kg,0.35
4666,Maggi Noodles Masala Taste-496g,1.0
4666,Teer Suji 500gm,1.0
4666,Vim Dishwashing Powder-500Gm,1.0
4666,Naspati(kg),0.52
4666,Bit Salt Powder- 80g Bottle,1.0
4666,Green Chilli(kg),0.18
4666,Cabbage-Pc,1.0
4666,Shrimp Fish (River)kg,0.51
4666,Korolla(Big)-kg,0.58
4666,Kolson Macarony-200gm All Flv.,2.0
4666,Teer Atta 2kg,1.0
3576,Cock Roast (Deshi)-PC,2.0
3576,Sunshine Atta -2kg,3.0
3687,Baby Corn(Fesh),1.0
3687,China Coffee Mug-(4/23),1.0
3687,D Korean Ramen 3X Spicy Noodles-248gm,1.0
3687,Capsicum Green,0.19
3687,Glass 160 ML 50 Pcs Set,1.0
3687,Ch Vacuum Cup- (4/23),1.0
4669,Ramisa-Chirar Laddu Pkt-20 Pcs,1.0
4669,Ramisa Diabetes Murali-200gm,1.0
4669,Memory Juri Vaja Packet-200gm,1.0
4669,Muslim Jhal Monekka-200g,1.0
4669,Mr. Noodles Magic Masala- 28pcs,1.0
4669,BE Peanut White- 200g,1.0
4669,Kishwan Continental Cookies Tin-900gm,1.0
4679,Fresh Facial Tissue 120p-240Sheet,1.0
4679,Milk Vita Liquid Milk-1Ltr,1.0
4679,Colgate Max Fresh B Gel -150g,1.0
4679,Prince Fresh Eggs Red (12Pcs Box),2.0
4679,Orange (Sa) Kg,1.16
4679,Austrogram Cheese,0.2
4679,Miyako Sandwitch Maker SW-219M,1.0
4679,Fresh F. Tissue Perfumed 150Pcs 300Sheet,1.0
4679,Clear Men Cool Menthol-170Ml,1.0
4679,Jodi Chicken Frankfurter-300g,1.0
4679,Prince Bread(Suger Free)-400g,1.0
4679,Beef Kima,0.62
4679,Melbourne S. Slices Cheese-200g,1.0
4679,Burger Bread 2pcs Pack,1.0
4679,Nivea Men Roll On FA-50ml,1.0
4679,Chicken Boneless-Kg,1.47
4708,Sunsilk Hair Fall Solution Shampoo-170ml,1.0
4708,MP Thai Hair Kakra -03,1.0
4708,Aarong Butter Salted-100gm,1.0
4708,Sunsilk Perfect Straight Sampoo-340ml,1.0
4708,Easy Mix Roast Masala-35g,1.0
4708,Rose Water-180ml,1.0
4708,Brinjal Oval ( Tal Begun ) -kg,0.78
4708,Rin Advanced-2kg,1.0
4708,China Hair Clip-(5/23),2.0
4708,Kewra / Rose Water,1.0
4708,Colgate Charcoal Clean Toothpaste-120g,1.0
4708,Chicken Deshi Cock (Live),4.0
4708,Revival Karak Masala Chai -200g,1.0
4708,Laita Shutki-200g,2.0
4708,Pro-Dental Floss Pick(36Pcs),1.0
4708,Swan Brand Coconut Oil-350ml,1.0
4708,Shipon Ear Tops-09,1.0
4708,Mixed Pulse-500gm,1.0
4708,Teer Soyabean Oil-1Ltr,1.0
4708,Sunsilk conditioner Perfect Straight-80m,1.0
4708,Buldak Noodles (All),2.0
4726,Polar Ice Cream Chocolate-1Ltr(Tub),1.0
4726,Beef Tikka Kabab-10pcs,1.0
4726,Poppers Corn-Coco Chips-25gm,1.0
4726,Belleame Cremo Biscuit- 90g,1.0
4726,Jhatpat Paratha Low Fat-10Pcs,1.0
4741,Cumin-100g,2.0
4741,Floor Cleaner Rajanigandha-900ml,1.0
4741,Shinex Floor Cleaner Citrus-1000ml,1.0
4741,Diploma Milk Powder-500g,1.0
4741,Chicken Spring Roll 10pcs,1.0
4741,Chicken Tikia Kabab,1.0
4741,Grass Curp Fish-kg,3.08
4741,Katol Fish big-(MNK),3.99
4741,Puti Fish (Deshi) (HB),2.26
4741,Grape White Small (IIndian),0.4
4741,Pusti Maida -2Kg,1.0
4741,Baoma Mosquito Coil (Lemon),1.0
4741,BD Food Hot/Jhal Chanacur-300gm,1.0
4741,Cardmom-50gm(Alachi),1.0
4741,H&S Shampoo & Conditioner 2 In 1-340ml,1.0
4741,Al- Ans Safavi Sp Dates-500gm,1.0
4741,Rui Fish-M-(MNK),1.49
4741,Mrigel Fish M,2.26
4741,Piali Fish(Pachmishali),2.27
4741,Shing Fish-(THR),1.14
4741,Tatkini Fish River(HB),0.56
4741,Senora S.Nap(Panty)-10s Pad,1.0
4741,Teer Atta 2kg,1.0
4741,Magur Fish Process (kg),0.65
4741,Wheel 2in1 Clean & Fresh Powder-1Kg,2.0
4741,Vim Bar 300g (Lemon),4.0
4741,Close-Up Menthol Fresh-160g,1.0
4741,Memory Chingri Monekka- 200gm Pkt,1.0
4741,Tengra Fish,0.67
4741,Kaikka Fish (Sea),0.72
4741,Pabda Fish (Small) (HB),3.19
4741,Maggi Noodles Masala Taste-496g,1.0
4741,Kolson Macarony-200gm All Flv.,2.0
4741,Tibet Prickly Heat Powder-100gm,1.0
4741,China Jhilmil Majuni (4/23),1.0
4741,Roja Deshi Classic Paratha 10Pcs-650g,1.0
4741,Improved Jet- 200gm Poly Pack,1.0
4741,Teer Masur Dal 1kg,2.0
4741,Musur Pulse Kangaroo -1Kg (sp),1.0
4741,Dust Black Pepper(Chili)-50g,1.0
4741,Savlon Wet Wipes 10Pcs,1.0
4741,Safe Hand Liquid Hand Wash 180ml B2 G1,1.0
4741,Musur Pulse Deshi-1Kg,1.0
4741,Chicken Spring Roll,1.0
4741,Mrigel Fish Big-(MNK),3.41
4741,Cow Lever-K,0.72
4741,Cow Stomach-K,1.94
4741,Shrimp Fish Small (THR),1.91
4741,Apple Fuji,1.17
4741,Bashun Paper Towel 1Ply- 250Pcs,3.0
4741,Jui Coconut Oil Tin-200ml,2.0
4741,Kazi & Kazi Green Tea-60gm,1.0
4741,Aci Pure Atta 2kg,1.0
4741,Ready Koi Fish Deshi Medium,0.32
4741,ACI Pure Salt-1Kg,3.0
4741,Confidence Salt-1Kg,1.0
4741,Cinnamon-100g (Daruchine),2.0
4741,Cumin-200gm,1.0
4741,Rin Advanced-1000gm,1.0
4741,Sensodyne Deep Clean Toothbrush {B2G1},1.0
4741,Himalaya Power Glow F/W-100ml,1.0
4741,Sunsilk conditioner Perfect Straight-80m,2.0
4741,Lux Velvet Glow Soap-100g,1.0
4741,Kazi Chicken Nuggets Original-250g,1.0
4741,Roja Shrimp Sticks- 240g,1.0
4741,Magur Fish (THR),2.27
4741,Boal Fish (Big),2.08
4741,Malta (Yellow)-kg,1.03
4741,B Toilet Tissue Extra Saving Pack 4Rolls,2.0
4741,Maggi Masala Noodles 12Pcs-744g,1.0
4741,Angelic Fresh 300ml(Citrus),1.0
4741,Sunsilk shampoo black shine-170ml,1.0
4741,Dr R Lav. Hand Wash-300ml Pack,1.0
4741,MP Hair Kakra Clip -081,1.0
4741,Rupchanda Soyabean-5Ltr,1.0
4741,CIF Floor Cleaner-950ml,1.0
4741,H.Purifying Neem F/W-150ml,2.0
4741,Lux Jasmine & Vitamin E Soap-150g,1.0
4741,Chia Seed (Dana) New-100g,1.0
4741,Chicken Nuggets-250g (Box & Poly),1.0
4741,Quality Dal Puri 10Pcs-450gm,1.0
4741,Mola Fish (THR),4.28
4741,Gulsha Fish(Small)-(HB),0.62
4741,Akher Sugar -1kg,1.0
4741,Apple(Gala),2.84
4741,Rupchanda Soyabean-2Lt-PET,1.0
4741,Teer Sugar-1Kg,2.0
4741,Prince Ovaltin Cake(B),1.0
4741,Chicken Samosa 25Pcs - 250gm,1.0
4741,Kachki Fish (THR),0.6
4741,Green Chilli(kg),0.15
4741,Fresh Toilet Value Pack 4 Pcs,1.0
4741,Fresh Hand Towel- 250Pcs,1.0
4741,Aquafina Drinking Water- 500ml,2.0
4741,Bashundhara Atta-2kg,1.0
4741,ACI Aerosol 475ml,1.0
4741,Quality Biscuts 400g Pot (Bk),1.0
4741,Kaikka River-Kg,0.25
4741,Lux Velvent Glow Jasmine Soap-100gm,1.0
4741,Dabur Herbal.P Toothpaste-B1G1,1.0
4741,B.B Tazza Black Tea -400g,1.0
4749,Knorr Chicken Hot & Sour Soup- 28g,1.0
4749,Prince Lacha Samai-200g(Pkt),2.0
4749,Lux Jasmine & Vitamin E Soap-150g,2.0
4749,Prince Egg Noodles 300gm,1.0
4749,F.C. Whipped Topping Mix-72gm,2.0
4749,Kaveri Mehendi Cone 2pcs -25g,1.0
4749,Cassia Leaf-100gm (Tespata),1.0
4749,Prince Sour Curd-1kg,2.0
3854,Shrimp Fish Bagda,0.55
3854,Mirzapore Best Leaf Tea-400g,1.0
3854,Himalaya Face Wash (Peash)- 100ml,1.0
3854,Grapes (Red),0.61
3854,Tata Tea Gold-400gm,2.0
3854,Buter Halua-300g,1.0
3854,Akher Sugar -2kg,1.0
3854,Apple(Gala),0.54
3854,Pop Corn(Khai Bhutta)-500gm,1.0
3854,Moha Shole-(XXL),1.25
3854,Chicken (B-Skin Less),1.53
3854,Faysal Colour Balloon-04,1.0
4766,Isubgool Pack-50g,1.0
4766,Fry Pan Without Lid-16cm,1.0
4766,Green Pumpkin-pc,1.0
4766,Lati Thik(Kg),0.59
4766,Odomos Mosquito Cream-100g,1.0
4766,Onion Deshi(New)-kg,2.0
4766,Potato Bogura-1kg,2.02
4766,Safe Hand Liquid Hand Wash 180ml B2 G1,1.0
4766,Cow Lever-K,1.2
4766,Brinjal (Oval) Big-kg,0.65
4766,Usta(kg),0.48
4766,Prince Bread(Special)-400g,1.0
4766,Net Pumpkin (Jali Kumra)-Pc,2.0
4766,Banana Green Small-kg,1.11
4766,Fresh Beet-Kg,0.18
4766,Cucumber Deshi (kg),0.56
4766,Bottle Guard Big(Lau)-Pc,1.0
4766,Coriander Leaf Pcs-100gm,2.0
4766,Aarong Pasturized FC Milk 1000ml,3.0
4766,SKB Milk Pan With Handle-16cm,1.0
4766,Ladies Finger (Vendi)-kg,2.27
4766,Borboti(kg),1.37
4766,Malta (Yellow)-kg,0.96
4766,Sprite Org /250 ml,1.0
4766,Mango Fazli,0.93
4801,ACI Pure Salt-1Kg,1.0
4801,Ponds Mineral Clay Face Wash-90g,1.0
4801,Pran hot Tomato Sauce-1000gm Jar,1.0
4801,Treseme Hair Fall Conditionar -190ml,1.0
4801,Akher Sugar -1kg,1.0
4801,Amra(kg),0.89
4801,Sajeeb Bar-B-Q Noodles-180gm,1.0
4801,Prince Peanut-500gm Pack,1.0
4801,Knorr Classic Thai Soup-12g,2.0
4801,Bari-4 Mango,3.06
4801,Mola Fish (THR),1.76
4801,Shrimp Fish Small (THR),0.81
4801,Alovera,0.75
4801,Mug Pulse (Sona)-1kg,1.0
4801,ACI Salt Bottle-750g,1.0
4801,Bashundhara F Soyabean Oil-5L,1.0
4801,Sun Chips Tomato Tango-75gm,1.0
4801,Ultra Probiotic Yogurt Drink Mango-200ml,1.0
4801,Safety Plus hand Wash polly (B2G1)-200ml,1.0
4801,Batashi Fish (HB),0.33
4801,Ladies Finger (Vendi)-kg,0.26
4801,Fresh Refined Sugar-1000gm,1.0
4801,Bashun Paper Towel 1Ply- 250Pcs,1.0
4801,Knorr Soup-24gm,2.0
4801,Maggi Soup 4Pcs Combo {All},2.0
4801,S.Tanduri Chicken Noodles-180g,2.0
4801,Parachute Skin Pure Olive Oil-200ml (2 in 1),1.0
4801,China Floor Brush (4/23),1.0
4801,Pusti HT BBQ Chanachur -250g,1.0
4801,Kakrol(kg),1.25
4801,Thai Guava,1.57
4801,Water Melon Black- Kg,2.59
4801,Shokti Misti Doi- 80g,3.0
4801,Bashu. Toilet Tissue (White),3.0
4801,Fresh F. Tissue White 150Pcs 300Sheet,2.0
4801,Prince Egg Noodles 300gm,2.0
4801,Lemon Bright Liquid Dishwash B2G1 -500Gm,1.0
4801,Surf Exel 1KG Bye2 Get Vim 250ml Free,2.0
4801,Egg & Chicken Masala Noodles FG (Egg),2.0
4801,Pran Up 2Lt,3.0
4801,China Firni Set-6Pcs(4/23),1.0
4801,Mango Himsagor (Special)-kg,1.57
4801,Black Variety Of Salt-200gm,1.0
4801,EM Pasta Floral-400gm,1.0
4801,Lati Thik(Kg),2.38
4801,Eye Of Arum(Tall) (Kachurmukhi)-kg,1.0
4801,Korolla(Big)-kg,2.61
4801,F. C. Corn Flour-400mg(Tin),1.0
4801,Sepnil Hand Wash Refil-170ml Tea Oil,1.0
4801,Doodles Stick Noodles-300gm,1.0
4801,Ch.Spoon Set 6 Pcs-(5/23),2.0
4801,Wheel 2in1 Clean & Fresh Powder-1Kg,3.0
4801,Savlon Detergent Powder-500gm,1.0
4801,Milk Soft Chewy Candy(B2-G1 Free)- 50g,1.0
4801,Prince Vinegar(600ml),1.0
4801,Cadbury Choclairs-196g,1.0
4801,Parachute Skin Pure Aloe Vera Gel- 100ml,1.0
4801,Dettol Aloe Vera Soap-75ml,1.0
4801,Sunsilk Shampoo- 300ml All,1.0
4801,Deshi Paratha-1600g(Mega Family Pack),1.0
4801,Sweet Pumpkin(kg),3.03
4801,Vanilla Kids (4pcs Combo)- 320g,1.0
4801,Eggy Masala Noodles B2G1-400g,1.0
4801,Cocola Egg Noodles-170g,1.0
4801,Clariss Pomace Olive Oil -1L,1.0
4801,Fay Air Freshner Lime-300ml,1.0
4801,Ifad Eggy Inst. Noodles B2G1,2.0
4801,Cinthol Health+ Soap-100g(Buy 3 Get1 Free),1.0
4801,Mango Banana,0.65
4801,Maskalai Pulse-1Kg,1.0
4801,Clariss Neem Face Wash-100ml,1.0
4801,Marks Full Cream Milk Powder-1Kg Tin,1.0
4801,Lifebuoy Health Soap Total-100g,1.0
4801,Parboil (Potol)-kg,4.21
4801,Cabbage-Pc,3.0
4801,Prince Tanduri chick. Noodles-180gm,4.0
4801,Prince Dragon Egg Noodles - 300gm,3.0
4801,Aarong Sweet Yogurt-500gm,1.0
4801,Organikare(Pink Hand Wash +Refil)Combo,1.0
4822,Lemon Bright Dish Wash 250ml B2 G1,1.0
4822,Prince Soya Sauce(500ml),1.0
4822,Zerocal-150gm,1.0
4822,Akher Sugar -2kg,1.0
4822,Grapes (Red),0.42
4822,Grape White Small (IIndian),0.32
4822,Dr R ORC. Hand Wash-300ml Pack,1.0
4822,Radhini MeatCury Masala-20g,1.0
4822,Radhuni Beef masala-25gm,1.0
4822,Radhuni Kheer Mix 150gm,2.0
4822,Prince Vinegar(600ml),1.0
4822,Diploma Ins Milk Powder-1kg,1.0
4822,Radhuni Falooda Mix Vanilla-250gm,1.0
4822,Beef Bone Full,1.06
4822,Buldak Noodles (All),2.0
4822,China Paposh (4/23),1.0
4822,Radhuni Kabab Masla-50gm,2.0
4822,Pran Aromtic Rice-5kg,1.0
4822,Pran Premium Ghee(200g),2.0
4822,Asli Almol Kali Mehndi,4.0
4822,Ruchi Tomato Sauce-1000gm,1.0
4822,Sun Chips Tomato Tango-75gm,1.0
4822,Reenpark Green Peas-425gm,1.0
4822,Bas. Kitchen Towels 1Roll,1.0
4822,Beef Italian Sausage 280gm,2.0
4822,Cow Stomach-K,0.81
4822,Apple Fuji,0.49
4822,Pomegranate (Mitulla)-B,0.3
4822,Bashundhara F/W Facial Tissue- 240Sheet,1.0
4822,Mama Hot Noodles-496g,1.0
4822,CBL Munchee Choco Kalo-100g,1.0
4834,IDC Pringles Original-134g,1.0
4834,Prince Bread(Special)-400g,1.0
4834,Qyality Egg Red (1 Dozen),1.0
4834,Pure it Micro Fiber Mesh,2.0
4834,Vita Orange Juice 1l,1.0
4834,Shammi Cranberry Juice-1L,1.0
4834,Ch.Coffee Mug-(4/23),1.0
4834,Ch. Water Pot-1000ml(05/23),1.0
4834,Cream Crackers Sug Free-125g,3.0
4834,G. Naturals Bargundy-20ml,2.0
4834,Radhuni Mustard Oil-500ml,1.0
4834,AG Plain Paratha F. P-1300g (20pcs),3.0
4834,Rupchanda(Small) (THR),0.7
4834,Eel Fish (Baim Star)-Small,0.59
4834,Shrimp Fish Golda(Medium)-(STR),0.56
4834,UHT Chocolate Milk-200ml,2.0
4834,Cow Stomach-K,2.17
4834,Mango Rupali (Special)-kg,3.36
4834,Capsicum Red/Yellow(kg),0.13
4834,Chicken (B-Skin Less),2.35
4834,Apple(Gala),1.09
4845,Surf Excel With Aloe Vera wash-500g,1.0
4845,Milk Vita Liquid Milk-1Ltr,2.0
4845,Belleame Cremo Biscuit- 90g,1.0
4845,Chicken Deshi (Pakistani) Cock,4.0
4845,KurKure Cream & Onion 37gm,1.0
4845,White bread Small-300gm,1.0
4845,Lux Velvent Glow Jasmine Soap-100gm,1.0
4845,Rin Advanced-1000gm,1.0
4845,Prince Bread(Special)-400g,3.0
4845,Shero Cream Biscut - 85gm,1.0
4845,Mango Rupali (Special)-kg,1.19
4845,Tibet Ball Soap-130g,4.0
4845,Marks FCMP-500gm(F. Pack),2.0
4845,Belleame Golden Cremo Biscuit-90g,1.0
4845,Kazi Chicken Shami Kabab - 200gm,1.0
4845,Rupchanda(Small) (THR),1.17
4852,ACI Pure Salt-1Kg,3.0
4852,Yeast-100gm,1.0
4852,Radhuni Panchforon-50g,2.0
4852,Chashi Aromatic Chinigura Rice-1Kg,4.0
4852,Pran hot Tomato Sauce-1000gm Jar,1.0
4852,Lux Rose Soap-150gm,1.0
4852,Chicken Meat Ball-250gm,1.0
4852,Usta(kg),0.45
4852,Apple Fuji,0.87
4852,Casse Role With GL Lid-26cm,1.0
4852,Lassa Special Semai-500g(Pkt),1.0
4852,Funtastic Ore Cream Biscuit-43gm,1.0
4852,Prince Special Chanachur-150gm,1.0
4852,Polar Ice-Cream Zafran Malai-1Ltr,1.0
4852,Fresh Fun Fill (Chocolate) Biscuits-44g,1.0
4852,Dust Boot (Bason)-500gm,1.0
4852,Golden Raising-100gm(Kismis),1.0
4852,Star Masalla--50g,1.0
4852,Rupchanda Soyabean-5Ltr,1.0
4852,Mediplus Gel Paste-100gm,2.0
4852,Poppers Corn-Coco Chips-25gm,1.0
4852,Chicken Spring Roll - 250gm,1.0
4852,Shrimp Fish Small (THR),2.11
4852,Chicken (B-Skin Less),1.54
4852,Horlicks Classic Malt-500gm BIB,1.0
4852,Muslim Jhinuk-200g,1.0
4852,Pran Premium Ghee(200g),1.0
4852,Aloe Vera Hair Oil 250ml,1.0
4852,Prince Cone Mehedi,2.0
4852,R.Chanachur Premium Mix-200g,1.0
4852,Zess Chocolate S Biscuits-264gm,2.0
4852,Cocola Butter Delight Biscuits- 250g,1.0
4852,Chashi Aroma.Chinigura Rice-2kg,1.0
4852,Vim Bar 300g (Lemon),3.0
4852,CBL Munchee Cream Chocolate Wafer-200g,1.0
4852,Agar- Agar -25gm,1.0
4852,CP Chicken Nugget Chili-320g,1.0
4852,Polar Ice-Cream Mango Mellow-1Ltr,1.0
4852,Kolson Vermicelli-200g,3.0
4852,Cocola Egg Noodles-170g,3.0
4852,Mirzapore Best Leaf-200gm,1.0
4852,Ispahani Butterful Biscuit- 75g,1.0
4855,Prince Fresh Eggs Red (12Pcs Box),1.0
4855,Parboil (Potol)-kg,1.19
4855,Good K Adv Power Active+Combi pac-45ml,1.0
4855,Bottle Guard Big(Lau)-Pc,1.0
4859,Savory Haleem Mix-200gm,1.0
4859,Radhuni Spices (Corinder)-100gm,1.0
4859,Bangi Small- Kg,1.28
4859,Laitta Fish,1.49
4859,Fresh Beet-Pc,2.0
4859,Ladies Finger (Vendi)-kg,2.6
4859,Kakrol(kg),0.24
4859,Lemon(Colombo)-Pc,4.0
4859,Usta(kg),1.17
4859,Brinjal (Oval) Small Red-kg,0.57
4859,Prince Lacha Samai-200g(Pkt),2.0
4859,Easy Mix Roast Masala-35g,1.0
4859,Net Pumpkin (Jali Kumra)-Pc,1.0
4859,Cucumber Deshi (kg),1.81
4859,Meant Leaf (Pudina Leaf)- Pc,2.0
4859,Snack Guard (Chichinga)-kg,0.9
4859,Brinjal Long (Thin)-kg,2.64
4867,Mr.Energy Biscuits-85gm,2.0
4867,Mediplus T/P -140gm DS,2.0
4867,Mrigel Fish XL-(River),3.08
4867,Ruchi Tomato Sauce-1000gm,1.0
4867,Balachaw Hot & Spicy Fry Shrimp- 250g,1.0
4867,Akher Sugar -1kg,3.0
4867,Dan Cake-Fruit Cake 220gm,1.0
4867,Milk Vita FC Milk Powder-1kg,1.0
4867,Sunfeast Bounce Biscuits-32g,4.0
4867,Mr. White Detergent Powder- 2kg,1.0
4867,Vim Bar 300g (Lemon),1.0
4867,Harpoon Toilet Cleaner- 750ml,1.0
4867,Shrimp Fish Bagda,1.07
4867,Fresh Refined Sugar-1000gm,1.0
4867,Fresh Facial Tissue 120p-240Sheet,1.0
4867,Fresh Toilet Value Pack 4 Pcs,1.0
4867,Funtastic Milk Mate Biscuit- 45gm,1.0
4867,Nababi Bakerkhani (Sweeten)- 400g,1.0
4867,Cheesy Bites-40gm,2.0
4867,BD Chilli Sauce- 1000g,1.0
4867,Ginger Barmiz-(Kg),0.55
4867,Beef Bone Full,2.48
4867,Parachute Coconut Hair Oil-200ml Jar,1.0
4877,Funtastic Hebby Energy Biscuits- 44 gm,1.0
4877,Fresh Energy Cookies Biscuits-80g,1.0
4877,Latina Orange Juice-1L,1.0
4877,Queens Kaya Bread- 90g,1.0
4877,Oreo Original Biscuits- 46.3/50gm,1.0
4877,Alam Baby Dress-09,1.0
4877,Bakemans Choco Boost-250gm,1.0
4877,RD Banana milk B2 G1-200ml,1.0
4898,Savory Chatpati Masala-50gm,1.0
4898,ACI Pure Chinigura Rice-1Kg,2.0
4898,Kit Kat B3 Get Tk 5 Off-17.7g,1.0
4898,Vixol Bathroom Cleaner -900ml (All),1.0
4898,Harpoon Toilet Cleaner- 750ml,1.0
4898,Bisk Club Potata Biscuit- 100g,3.0
4898,Face Powder Puff-FPP,2.0
4898,SKB Mug-10cm,1.0
4898,Muslim White Peanut-100g,1.0
4898,Memory Jhinuk Pitha Pkt-200gm,1.0
4898,GH Chicken Meat Ball 400g,1.0
4898,Rui Fish-M-(MNK),1.7
4898,Hilsha Fish(Small)-Pcs(Sajah),2.0
4898,Green Chilli(kg),0.33
4898,Bottle Guard Big(Lau)-Pc,2.0
4898,Coca Cola-2.25Lt(Pet),1.0
4898,RD Chocolate Milk -200ml,1.0
4898,Kolson Macarony-200gm All Flv.,3.0
4898,Nescafe Classic Jar-25gm,1.0
4898,Kishwan Toast-250gm,1.0
4898,Rin Advanced-2kg,1.0
4898,Dove intense repair Conditioner-170ml,1.0
4898,Dove Nourishing Secrets Shampoo- 340ml,1.0
4898,Yupi Gummi Pizza-56,2.0
4898,Black Fighter Max 10pis b,2.0
4898,Sufia Comb-06,1.0
4898,Dove Healthy Ritual.G Shampoo-170ml,1.0
4898,Milky Bar Moould B-3(10 Tk off) -12.5g,1.0
4898,Chaad Febrick Brightener-50ml,1.0
4898,Dried Chilli-200gPkt,1.0
4898,ACI Pure Minicate Rice-5kg,1.0
4898,Haribo Happy Grapes Candy- 80g,1.0
4898,Kit-Kat 2 Finger- Dubai-3 In 1,2.0
4898,Oreo Chocolate Creme-133g,1.0
4898,Pran Aromatic Rice-2kg,3.0
4898,Rupchanda Soyabean-8Lt,1.0
4898,Wichy Organic E Virgin Coconut Oil-300ml,1.0
4898,Parachute Skin Pure Aloe Vera Gel- 100ml,1.0
4898,Saad Hot Tomato Sauce-500gm,1.0
4898,Teer Sugar-1Kg,4.0
4898,Ginger Barmiz-(Kg),1.13
4898,Ramisa Nut(White)-200gm,3.0
4898,Muslim Dal Vaza-200g,1.0
4898,Jafran,2.0
4898,Prince Betel Spice 100gm,1.0
4898,Chicken (Deshi),1.59
4898,GH French Fries-500gm,1.0
4898,Net Pumpkin (Jali Kumra)-Pc,1.0
4898,Apple Green,1.5
4898,Savoy Ice Cream 1L (Chocolate),1.0
4898,Musroom Whole-425gm,2.0
4898,Bashundhara SoftToilet Tissue,1.0
4898,Sepnil FS Hand Wash Apple-180ml (Refill),1.0
4898,Lifeboy Liquid Hand Wash(Lemon F)-170ml,1.0
4898,Mama Chicken Flavour Noodles-248gm,1.0
4898,Angelic Air Fresh-300ml G/V,1.0
4898,Ruchi Chanachur Hot-150gm,1.0
4898,NAJ Special Toast Biscuits -300gm,1.0
4898,Mr.Energy Biscuits-85gm,1.0
4898,Easy Mix Roast Masala-35g,1.0
4898,Cumin-200gm,2.0
4898,Radhuni Kasundi-285ml,2.0
4898,Haribo Starmix Candy- 80g,1.0
4898,Haribo Happy Cola Candy- 160g,2.0
4898,Vaseline Petrolium Jelly-100ml,1.0
4898,Onion Deshi(New)-kg,3.91
4898,CP Spicy Chicken Ball-500g,1.0
4898,Hilsha Fish Big-(MNK)-Pcs,1.0
4898,Fresh Beet-Kg,0.24
4898,Pomegranate (Mitulla)-B,0.64
4898,Fresh Hand Towel- 250Pcs,1.0
4898,Kolson Special Lascha-200g,2.0
4898,Lassa Special Semai-500g(Pkt),1.0
4898,Vermicelli Samai-200gm,1.0
4898,Lachchha Shemai-200gm,1.0
4898,BD Butter Toast Biscuit- 250gm,1.0
4898,Maltova BIB Pack 400gm,1.0
4898,Funtastic Glucoz Biscuit-45gm,1.0
4898,Dolphin Nata de Coco Drink (All)-270gm,2.0
4898,Buldak Noodles (All),1.0
4898,Shipon Ornaments-071,1.0
4898,China Punch Clip(05/23),1.0
4898,CloseUp Toothpaste-100g,1.0
4898,Lifebuoy Liquid Total Handwash -170ml,2.0
4898,Jui Coconut Oil(Plastic)350ml,1.0
4898,China Rain Coat R100(4/23),1.0
4898,Super Clay Foam-031,1.0
4898,Prince Mixed Pulse-1Kg,1.0
4898,Ch Balloon-20pcs pkt (5/23),1.0
4898,Wheel Laundry Soap 125g,4.0
4911,Shing Fish-(THR),1.03
4911,Grape White Small (IIndian),0.77
4911,Korolla(Big)-kg,0.48
4911,Aarong Yogurt Sour Curd-500gm,1.0
4911,Wood Apple Big (Sorbot Bell),1.0
4911,Fanta Soft Drink- 600ml,2.0
4911,Danish Florida Orange Biscuits-70g,2.0
4940,Lux Soft Glow Soap-100g,1.0
4940,Colgate Max Fresh Toothpaste- 100ml All,1.0
4940,Garlic China Big-(kg),0.57
4940,Banana(Sagor),4.0
4940,Bitter Stick-50g(Cherota),1.0
4940,Polar Raffinato Mocha Ice Cream- 1L,1.0
4940,Akrut--50g,1.0
4940,Foster Clark Lemon-750g,1.0
4940,Ramisa Fri Chick Peas-200gm,1.0
4940,Golap Pitha-5pcs Pkt,1.0
4940,Memory Muruli PKT-200gm,2.0
4940,Plain Paratha 20Pcs - 1300gm,1.0
4940,Savoy Ice Cream-120ml {Kheer Malai},1.0
4940,Bashundhara Paper Napkin-100p,1.0
4940,Aer Spray Morning - 220ml,1.0
4940,Teer Atta 2kg,2.0
4940,Olympic Digestive Biscuits-110g,3.0
4940,Fit Biscuite -130gm,1.0
4940,Vim Bar Lemon-125gm,1.0
4940,Vim Bar 300g (Lemon),1.0
4940,Vaseline Health White-400ml,1.0
4940,Belleame Digestive Biscuit- 135g,1.0
4940,Ramisa Labango Pitha Box-6 Pcs,1.0
4940,Savoy Ice Cream-120ml ( Butter Scotch),2.0
4940,Dettol Lqd HW-170ml Original (Refil),1.0
4941,Beef Bone Full,1.02
4941,Mutton (Special)-Kg,1.15
4945,Aarong Pasturized Liquid Milk-1Ltr Reg.,3.0
4945,Kath Badam-100g,1.0
4945,AD University Khata-160page,1.0
4950,R.Spices(Chilli)-100g,1.0
4950,Pabda Fish (Small) (HB),1.19
4950,Brinjal Oval ( Tal Begun ) -kg,0.84
4950,Aquafina Drinking Water- 500ml,1.0
4950,Kishwan Chocolate Cookies-250gm,1.0
4950,Prince Lacha Samai-200g(Pkt),1.0
4950,Coriander Leaf Pcs-100gm,1.0
4950,Green Jack Fruit,1.45
4950,Fun Crack- 50g,2.0
4950,Wheel 2in1 Clean & Fresh Powder-1Kg,1.0
4950,Teer Soya Oil 2Lt(Bottle),1.0
4950,Bomby Mixed Misty Masala,1.0
4950,Hilsha Fish Big-(MNK)-Pcs,1.0
4950,Telapia Fish Big (THR),1.21
4950,Radhuni Spices Cumin-100gm,1.0
4950,Himalaya Face Wash (Blueberry)- 100ml,1.0
4950,Milk Vita Liquid Milk-1Ltr,1.0
4950,Shrimp Fish Bagda,1.15
4950,Parboil (Potol)-kg,2.63
4950,Chicken (B-Skin Less),1.2
4950,Naspati(kg),0.29
4950,Chicken Deshi (Pakistani) Cock,2.0
4950,Harpic All in one Powder-400gm,1.0
4950,Usta(kg),0.6
4950,Akher Sugar -1kg,1.0
4950,Aarong Sour Yogurt-500gm,1.0
4950,Vermicelli Samai-200gm,1.0
3953,Pusti Mustard Oil-250ml,1.0
3953,Best Line Multi Plug -HT0034 021,1.0
3953,Musur Pulse Deshi-1Kg,1.0
3953,Prince Bread(Special)-400g,1.0
3953,Farm Fresh Pasteurized Milk-1L,1.0
3953,RD Mango Milk (IPI)-200ml,1.0
3953,Potato Deshi New-1kg,2.06
3953,Prince Cream Bread Bon,1.0
3953,Fanta Orange Drink-250ml,1.0
3976,Pusti Soyabean Oil-5Ltr,1.0
3976,Mango(Gopal Bhog),2.79
4210,Amul Cool Kesar Flavour 180ml,1.0
4210,Mango Himsagor-kg,1.17
4210,Apple Fuji Big,0.98
4210,Nut Walker C Nuts R Salted -120g,1.0
4210,Thai Papaya Ripe Red Lady,0.62
4210,Aquafina Drinking Water- 500ml,1.0
4210,Shammi Juice Drink (All)-250ml,1.0
4210,Camel Pistachis 40gm,1.0
4210,Dragon Fruits (B),0.25
4210,Pomegranate (Mitulla)-B,0.81
4959,Sun Chips Tomato Tango 38g,2.0
4959,Jafran,1.0
4959,AG Chicken Sausage Plain-340gn,1.0
4959,Magur Fish (THR),0.52
4959,Green Papaya(kg),1.07
4959,Chicken (B-Skin Less),1.5
4959,Potato Sweet-(kg),1.17
4959,Kinley Club Soda -600ml,1.0
4959,Amon Rice -Kg (Lose),1.01
4959,MP Baby Hair Clip -63,1.0
4959,RC-Jeera Pani-250ml,1.0
4959,Khaleque Chocolate Mold-07,3.0
4959,Kurkure Style Spicy Chicken-80gm,1.0
4959,Ginger Barmiz-(Kg),2.28
4959,Kalpana Korai,0.63
4959,C.N Chicken Garlic Meatball-250gm,1.0
4959,Chicken Soup (Deshi),2.0
4959,Shrimp Fish Bagda,0.57
4959,Parboil (Potol)-kg,2.7
4959,Yupi Fruit Cocltails -30gm,1.0
4959,Grapes (American)-kg,0.4
4959,Gahana Baby Clip-72,1.0
4959,Gahana Kakra Hair Clip-5,1.0
4959,Sun Chips Tomato Tango-75gm,1.0
4959,Kurkure Naughty Tomato- 80g,1.0
4959,NJ Fresh Sweet Potato- 500g,0.5
4959,F Clarks Ess 28ml(Vanilla),1.0
4959,Ladies Finger (Vendi)-kg,2.88
4959,Mentos Rainbow -37.8g,1.0
4959,MP Thai Kakra Clip-022,1.0
4960,Ruchi Orange Jam-480gm,1.0
4960,Pusti Soyabean Oil-5Ltr,1.0
4960,Beef Bone Full,2.07
4960,Borboti(kg),0.56
4960,Ifad Muri Toast - 350gm,2.0
4968,Ambition Tooth brush,1.0
4968,Foster Clark Mango-450g,1.0
4968,Suree Sweet Chilli Sauce-295ml,1.0
4968,Himalaya Anti-Dandruff S&M Shampoo-375ml,1.0
4968,PC Cleansing Gel All Skin-150ml,1.0
4968,Cock Roast (Deshi)-PC,2.0
4968,Hilsha Fish Big-(MNK)-Pcs,1.0
4968,Poa Fish Small-(Deshi),0.87
4968,Sweet Pumpkin(kg),0.49
4968,Septex Everyday anti.170ml,1.0
4968,Buldak Noodles (All),2.0
4968,China Knife Sharpner (05/23),1.0
4968,Sajeeb Tomato Ketchup(340G),1.0
4968,Palmolive Soap-170g,1.0
4968,Cucumber (Hybrid)-kg,0.41
4968,Cabbage-Pc,1.0
4968,Cardmom-100gm(Alachi),1.0
4968,Yokozona Twisty Goodness Crackers-60g,1.0
4968,CP Chicken Stick-250g,1.0
4968,Cauliflower(B)-Pc,1.0
4968,Fry Pan Without Lid-22cm,1.0
4968,China Knife(5/23),1.0
4300,Vim Dishwash Liquid- 250ml,1.0
4300,Milk Vita Liquid Milk-1Ltr,4.0
4300,Vim Bar Lemon-125gm,2.0
4300,Tibet Ball Soap-130g,2.0
4300,Roja Deshi Classic Paratha-1300gm,1.0
4300,Vermicelli Samai-200gm,1.0
4300,Lux Soft Glow -35g (4pcs Combo),2.0
4300,Belleame Dry Cake Biscuit-325gm,1.0
4300,Pran Orange Jelly-500g,1.0
4300,Wheel 2in1 Clean & Fresh Powder-1Kg,1.0
4300,Quaker Oats-450gm Jar,1.0
4418,KurKure Cream & Onion 37gm,1.0
4418,Prince Plain Cake(B),1.0
4418,Grape White Small (IIndian),0.55
4418,UM Spoon-303 1pis,2.0
4418,Beef Bone Full,2.73
4418,Hand Fan,1.0
4418,"UM Baby Plate 9.25"" UM-426",1.0
4437,Mutton (Special)-Kg,2.15
4437,Cow Stomach-K,0.94
5007,Arla Full Cream Milk 3.5%-1Ltr,1.0
5007,Plain Paratha 20Pcs - 1300gm,1.0
5008,Easy Mix Roast Masala-35g,1.0
5008,Radhuni Biriyani Masala-40g,1.0
5008,Snickers Chocolate-50gm,1.0
5008,Sun Hairfall Solution Shampoo-170ml,1.0
5008,Vermicelli Samai-200gm,1.0
5008,D Korean Ramen 3X Spicy Noodles-248gm,1.0
5008,Odonil Air Freshner Lavender Meadows- 48gm,3.0
5008,Tang orange Flavoured Instant Drink Powder 75gm,1.0
5008,Saad Hot Tomato Sauce-500gm,1.0
5008,Flame Box Match-1Dozen,1.0
5008,Naples Mayonnaise-170ml,1.0
5008,Starship Cond. Milk 397g,1.0
5008,Burger Bread 2pcs Pack,1.0
5056,Fresh Salt Premium-1kg,1.0
5056,Chui Pitha-200gm,1.0
5056,Topashi Fish-(MNK),0.67
5056,Fay Facial Tis-150Pcs 300Sheets,1.0
5056,Maggi Healthy Soup-25g,2.0
5056,Brinjal Long (Thin)-kg,0.83
5056,Koko Krunch-70gm,1.0
5056,Premio Queen Soap Case,2.0
5056,Good Luck Forever Refill Pen,1.0
5056,Center Fresh 20g,1.0
5056,Close Up Cool Mint Toothpaste-145g,1.0
5056,Aarong Pasteurized Premium Milk-1Ltr,1.0
5056,Isubgool Pack-100g,1.0
5056,Rui Fish-M-(MNK),2.61
5056,Prince Coconut-(pcs),2.0
5056,MP Baby Hair Clip -52,1.0
5056,Ch. City BusToy (Pata)-793(6/23),1.0
5069,Imperial Leather Soap-200g,1.0
5069,Eagle Max Hit Jumbo Mosquito Coil,1.0
5069,Dettol HW.170ml buy 2 Get Tiffin Box Free,1.0
5069,Ifad Eggy Inst. Mas Noodles-400g B2G1,1.0
3511,Maggi Saad -E -Magic S Mix-48g,1.0
3511,Mr. N Chow Mein Stick Noodles B2 G1,1.0
4557,Rui Fish-M-(MNK),3.43
4557,Green Papaya(kg),0.9
4557,Cauliflower(B)-Pc,1.0
4557,Parboil (Potol)-kg,0.63
4557,Sweet Pumpkin(kg),0.75
4557,Snack Guard (Chichinga)-kg,0.55
4586,Prince Bread-800g (Special),1.0
4586,Prince Tiffin Bon,2.0
4586,Almas Tupi-07,2.0
4586,Prince Sour Curd-1kg,1.0
3307,Fashion Asia 3Pcs-086,1.0
5084,Akher Sugar -1kg,1.0
5084,Vegetable Spring Roll- 300g,2.0
5084,Belleame Choco Little Biscuit-45gm,1.0
5084,Malta (Yellow)-kg,1.17
5084,Bakemans Ovaltine Biscuit-80gm,1.0
5090,Kaveri Mehendi Cone 2pcs -25g,1.0
5141,Roja Fish Sticks 10Pcs- 240g,1.0
5148,Capsicum Green,0.35
5148,CP Spicy Chicken Ball-500g,1.0
5148,Eye Of Arum(Tall) (Kachurmukhi)-kg,1.08
5148,Mutton (Special)-Kg,3.68
5148,Cucumber (Hybrid)-kg,0.97
5148,DR Ruchi mixed Fruit Jam 400gm,1.0
5191,Vim Bar 300g (Lemon),1.0
5191,Dove Beauty Bar Soap-135g (All),1.0
5191,Funtastic Ore Cream Pineapple,1.0
5191,Nutty Biscuits- 250g,1.0
5191,Oreo Choco Creme Biscuits-43.75g,3.0
5203,Milk Vita Liquid Milk-1Ltr,2.0
5203,Laitta Fish,1.35
5203,Vim Bar Lemon-125gm,2.0
5203,Chaka Washing Powder-1000g,1.0
5203,Brown Bread-300gm,1.0
5211,Mr.Cookie- 39gm Small,1.0
5211,Tibet Ball Soap-130g,2.0
5211,Starship Chocolate Milk-200ml,1.0
5211,Red Chira -500gm,1.0
5211,Rupchanda(Small) (THR),0.46
5211,Olivs Oils Land E Virgin Olive Oil-250ml,2.0
5211,Golap Jam,0.33
5211,Atlas BMW Long Umbrella-083,1.0
5211,Mr.Energy Biscuits-85gm,1.0
5211,Radhuni Kheer Mix 150gm,1.0
5211,THL Nano Tooth Brush,1.0
5211,Clear Complete Active Care Shampoo-330ml,2.0
5211,Golda Fish XL,0.46
5211,Hilsha Fish Big-(MNK)-Pcs,2.0
5211,Poa Fish Small-(Deshi),0.54
5211,Poa Fish Small-(MNK),0.61
5211,Tulardandy Fish Big-(MNK),0.35
5211,Act II Butter Delite-70g,1.0
5211,Pesta Nut-50g,1.0
5211,China Jug 1.3L(5/23),1.0
5211,Cosco Soap-80gm,1.0
5211,Prince Betel Spice 100gm,1.0
5211,Queens Nun Bread- 250g,1.0
5211,Mirzapore Best Leaf-200gm,1.0
5211,Danish Dry Cake Biscuits-350gm,1.0
5211,Mango Himsagor (Special)-kg,2.92
5217,Wheel Laundry Soap 125g,2.0
5217,Chocolate Rice Cake Dec-50g,1.0
5217,Pran Haleem Mix 200g - B2G1,1.0
5217,Cocola Egg&Chicken Noodles-Family Pack,2.0
5217,CBL Munchee Cream Chocolate Wafer-200g,1.0
5217,Grapes (Red),0.56
5217,ACI Pure Biryani Masala B2 G1-40g,1.0
5217,Vim Bar Lemon-125gm,4.0
5217,ACI Salt Bottle-750g,1.0
5217,Alu Bukhra-100g,1.0
5217,Cardmom-50gm(Alachi),1.0
5217,Vaseline Healthy White Lotion-300ml,1.0
5217,Dry Shrimp Shutki Small-100gm,3.0
5217,Radish (White)-kg,0.49
5217,Malta (Yellow)-kg,0.57
5217,Mr Noodles Cup -40gm,1.0
5217,Fair&Lovely Ayurvedic Care Cream-50g,1.0
5217,Chepa Shutki-100gm,2.0
5217,Prince Bread(Special)-400g,1.0
5217,Green Chilli(kg),0.76
5217,Sagu-250g,1.0
5217,Buldak Noodles (All),1.0
5217,Funtastic Milk.M Biscuit-225gm(B3G1),1.0
3866,Boot Pulse(Broken)1Kg,1.0
3866,Good Life Mozarella Cheese-370gm,1.0
3866,White Chocolate Digestive-125g,1.0
3866,Beef Without Bone Special,0.94
3866,Teer Sugar-1Kg,1.0
3866,Mr.Cookie- 39gm Small,2.0
3866,Cadbury Celebration-132g,1.0
3866,Olympic Digestive Biscuits-110g,1.0
5228,Mug Pulse (Sona)-1kg,2.0
5228,BD Roast Masala - 35gm,1.0
5228,Harpic Total Powder-400gm,1.0
5228,Savlon Soap 3Pcs 15Tk Save-100g All,1.0
5228,Gillette Series Gel-195g (Moisturizing),1.0
5228,Garlic China Big-(kg),3.05
5228,Onion Deshi(New)-kg,4.02
5228,Apple Green,0.69
5228,Veet Cream 100g (Normal Skin),1.0
5228,Pepsodent Gremichek+ Toothpaste-100gm,1.0
5228,Polar Butterscotch Ice Cream,1.0
5228,Mediplus Advanced Gum Care Tooth Brush,1.0
5228,Harpic Power T.Clen-750ml (Original),1.0
5228,Shrimp Fish Bagda,3.84
5228,Beef Bone Full,1.09
5228,Aarong Ghee 200g,2.0
5228,Memory Til Papri-40gm,1.0
5228,Memory Narikel Chira-100gm,1.0
5228,Sensodyne Sensitivity & Gum Toothbrush,1.0
5228,Vim Dishwashing Liquid- 500ml,1.0
5228,Vim Dishwash Liquid- 1L,3.0
5228,Radhuni Mustard Oil-500ml,1.0
5228,Shing Fish-(THR),1.25
5228,Lifeboy Liquid Total Hand Wash-1L,1.0
5228,Bashundhara Suji-500g,2.0
5228,Teer Atta 2kg,2.0
5228,Hit Chalk-1pcs,2.0
5228,China Body Majuni (05/23),1.0
5228,Pangas Fish Small (River),1.34
5230,Arla Dano Daily Pushti-1kg,1.0
5230,Tomato L.C(kg),0.69
5230,Green Chilli(kg),0.52
5230,Bottle Guard Big(Lau)-Pc,2.0
5230,Farm Fresh Standard Milk-1L,2.0
5230,Black Berry (Kalo Jam),0.5
5230,Musur Pulse Kangaroo -1Kg (sp),1.0
5230,Prince Vinegar(600ml),1.0
5230,Snickers Chocolate-50gm,1.0
5230,Lux Jasmine & Vitamin E Soap-150g,2.0
5230,Green Papaya(kg),2.41
5230,Apple(Gala),0.83
5230,Teer Atta 2kg,2.0
5230,Red Cow Butter Oil 200Gx24,1.0
5230,Nivea Lemon Shower Gel-250ml,1.0
5230,Mango Bari-4-kg,2.09
5230,Yeast-100gm,1.0
5230,Potato Bogura-1kg,1.05
5230,Eye Of Arum(Tall) (Kachurmukhi)-kg,0.95
5230,Carrot (China)-kg,0.27
5230,Sajna(kg),0.36
5230,Prince Coconut-(pcs),1.0
5233,Foster Mixed Fruit Jam-450g,1.0
5233,Tomato L.C(kg),0.45
5233,Bottle Guard Big(Lau)-Pc,4.0
5233,Milk Merry Biscuits-240gm,1.0
5233,Fast Wash Detergent Powder-1000g,1.0
5233,Safety Plus Floor Cleaner Orchid-1000ml,1.0
5233,Banana Mocha-Pc,3.0
5233,Naspati(kg),1.1
5233,Aci Pure Atta 2kg,1.0
5233,China Flower (4/23),1.0
5233,Slim Soft Toothbrush,1.0
5233,Aci Pure Maida -2kg,1.0
5238,Haiko Ice Cream Powder-160gm,1.0
5238,Prince Bread(Suger Free)-400g,1.0
5239,Shan Malay Chicken Biryani-60g,1.0
5239,Shrimp Fish Bagda,0.81
5239,Shrimp Fish Small (THR),0.35
5239,Bata Fish(Small),0.76
5239,Mola Fish (THR),0.2
5239,Cow Stomach-K,0.96
5239,Beef Bone Full,0.79
5239,Meant Leaf (Pudina Leaf)- Pc,1.0
5239,Radhuni Garam Masala-40gm,1.0
5239,Cauliflower(B)-Pc,1.0
5239,Coriander Leaf Pcs-100gm,1.0
5239,Yupi Twin Burger-53,1.0
5244,Rin Advanced-500gm,1.0
5244,Prince Dubli Pulse-1kg,1.0
5244,Black Pepper(Chili)-50g,1.0
5244,Radhuni Jorda Mix-400gm,1.0
5244,Pran Mango Bar-10Pcs,3.0
5244,Remia Salad Dressing- 250ml All,1.0
5244,Prince Plain Cake(B),1.0
5244,Shrimp Fish( Galda)-(TR),0.5
5244,Cucumber Deshi (kg),0.51
5244,Lemon Elachi-Pc,4.0
5244,Radhuni Kala Bhuna Masala 80gm,1.0
5244,Mace (Jotric) -50g,1.0
5244,Lux Fragrant Skin Body Wash-245ml,1.0
5244,Prince Bread(Suger Free)-400g,1.0
5244,Beef Samusa,1.0
5244,Carrot (Deshi) kg,0.33
5244,Fair & Lovely BB Cream-18g,1.0
5249,Delight Toast Hi Fiber-250g,1.0
5249,Barley Arrarot-400mg,2.0
5249,Cardmom-50gm(Alachi),3.0
5249,Radhuni Mustard Oil-500ml,1.0
5249,Belleame Digestive Biscuit- 135g,2.0
5249,RFL Merina Jar 2L,1.0
5249,Ruchi Chanachur Hot-150gm,1.0
5249,Surf Excel W Aloe Vera-1kg,1.0
5272,Nut Walker C Nut Thai Lime & Chili -130g,1.0
5272,Queens Egg Bread- 125g,1.0
5272,AG Red Wheat Rooti-800g,1.0
5272,Parboil (Potol)-kg,0.72
5272,Garlic Powder-100g,1.0
5272,BD White Vinegar-300ml,1.0
5272,Sunsilk Conditioner-300ml,1.0
5272,RD Coffee Cold Milk -200ml,2.0
5272,C&C Exfoliating Daily Wash - 150ml,1.0
5272,Net Pumpkin (Jali Kumra)-Pc,1.0
5272,Cauliflower(B)-Pc,1.0
5272,Sofeda,0.59
5272,RD Milk Mango-200ml,1.0
5272,SCL Lavender Essential Oil- 10ml,1.0
5286,Legion Henna Powder-100gm Box,1.0
5286,Dove intense repair Conditioner-170ml,1.0
5296,HIT Cockroaches Aerosol 400ml,1.0
5296,H.Purifying Neem F/W-150ml,1.0
5296,Zipbag 20Bag 260mmX280mm,1.0
5296,Zipbag Sandwich 165mmX150mm,1.0
5296,Chicken Strips-250gm,2.0
5296,Sprite Can-320ml (Malay),1.0
5329,Musur Pulse Kangaroo -1Kg (sp),1.0
5329,Mixed Masalla-100gm,1.0
5329,Snickers Chocolate-50gm,2.0
5329,Pran Aromatic Rice-2kg,1.0
5329,Pusti Soyabean Oil-5Ltr,1.0
5329,Cadbury Dairy Milk Silk Plain- 150gm,1.0
5329,CP Spicy Chicken Ball-500g,1.0
5329,Hilsha Fish Big-(MNK)-Pcs,1.0
5329,I S Ladies Taies- 051,2.0
5329,Miyako Rice Cooker MRC-918,1.0
5329,Special Quality Cream Biscuit-400g(Bk),1.0
5329,Fanta orange-1L,1.0
4410,G H. Premium Deshi Paratha-1300gm,1.0
4410,Latkon Fruits,0.44
4410,Maggi Noodles Masala Blast-504g 8 Pack,2.0
5346,Tibet Ball Soap-130g,1.0
5376,Shrimp Fish Bagda,0.64
5376,Shrimp Fish Small (THR),0.77
5385,Improved Jet- 200gm Poly Pack,1.0
5385,Wheel 2in1 Clean & Fresh Powder-1Kg,2.0
5385,T.Laundry Soap-130g (Green),2.0
5385,Sensodyne Daily Care Toothbrush,1.0
5385,GS Matte Liquid Lipstick--7ml,1.0
5385,Fresh Paper Napkin 100pcs,1.0
5385,Asif Bicycle Towel-24x48,2.0
5391,Hubba Bubba Bubble Gum -35g,2.0
5391,Raisin Sesame Bread- 320g,2.0
5391,Chicken Spring Roll 10pcs,1.0
5391,Morium Speacial Date-1kg,1.0
5391,Polar Ice Cream Vanilla-1Ltr(Tub),1.0
5391,Nescafe 3in1-6Pcs-15g,1.0
5391,Tip Biscuit Super Saver Pack-200gm,1.0
4075,Mr. White Detergent Powder 500g B3 G1,1.0
4075,Akher Sugar -1kg,2.0
5399,ACI Pure Salt-1Kg,2.0
5399,Meringue Marshmallow S Cookie - 65gm,1.0
5399,Potato Deshi New-1kg,2.04
5399,BD Ispaghula-45gm,2.0
5399,Prince Bread(Special)-400g,4.0
5399,Petra Resin Adhesive 50g,1.0
5399,Brinjal Oval ( Tal Begun ) -kg,0.51
5399,Prince Borhani-1.5Ltr,1.0
5399,Milo Ball-330gm,1.0
5399,Farm Fresh FC Milk Powder-1kg,1.0
5399,Odonil Air Freshner-50g Combo (40 OFF),1.0
5399,Mens Glow & Handsome-100g,1.0
5399,RFL Bela Ruti Box Medium,1.0
5399,Bashundhara Atta-2kg,1.0
5399,Kishwan Fiore Cookies -300gm,1.0
5399,Prince Square Toast-250gm,1.0
5429,Roma Arden Tender Bite Cookies -80gm,1.0
5447,Wheel Laundry Soap 125g,3.0
5447,Pusti Soyabean Oil-5Ltr,1.0
5447,SC Biotin Shampoo With Onion Ex(B1G1free)-250ml,1.0
5447,Sun Chips Mix Masala 80g,1.0
5447,Garlic China Big-(kg),1.56
5447,CP Gangsters Bite Chili-250gm,2.0
5447,Hilsha Fish Big-(MNK)-Pcs,1.0
5447,Chicken Boneless-Kg,0.62
5447,Shing Fish-(THR),1.06
5447,Refill Pen Anytime-Black (6pcs),2.0
5447,Tomato Sour Deshi-B (kg),0.9
5447,Mango Himsagor (Special)-kg,2.07
5463,Prince Orange Jelly-250gm,1.0
5463,Alfa Mayonnaise-236.5ml,1.0
5463,Poa Fish Small-(Deshi),0.73
5470,Black Cumin (Kalijira)-100gm,1.0
5470,Cardmom-100gm(Alachi),1.0
5470,AG Plain Paratha C.P -650g (10pcs),1.0
5470,Laitta Fish,0.83
5470,Ladies Finger (Vendi)-kg,1.1
5470,Lemon Kagoji-Pc,4.0
5470,Polar Premium Doi-1L,1.0
5470,Bashu. Toilet Tissue (White),2.0
5512,Nutrilife Cranberry Fruit Magic-1Ltr,1.0
5512,Milk Vita Liquid Milk-1Ltr,1.0
5512,Prince Bread(Special)-400g,2.0
5512,AG Vegetable Spring Roll-400g,1.0
5512,Tomato Sour Deshi-B (kg),1.69
5522,Confidence Salt-1Kg,1.0
5522,Aarong Cheese Cubes Classic-120g,1.0
5522,Muslim Masala Badam-100g,1.0
5522,Beef Bone Full,2.05
5522,Vermicelli Samai-200gm,1.0
5522,Maggi Soup Thai- 35g 4Pcs Combo,1.0
5522,Aarong Ghee 200g,2.0
5522,Bashundhara Suji-500g,1.0
5522,Coconut Craze-250gm,1.0
5522,Prince Special Chanachur-150gm,1.0
5522,China Ceramic Mug T10(4/23),2.0
5522,China Plate Stand-YZ-021A(05/23),1.0
5522,Ch.Spoon Set 6 Pcs-(5/23),1.0
5525,C.Peanut Butter Creamy-340g,1.0
5532,Madina Azoa VIP Dates-kg(Loose),0.26
5532,Pringles Potato Crisps -158g (All),2.0
4631,Omuda Nailcutter-2014,1.0
4631,China Soap Case(05/23),2.0
4631,Muslim Muri Moya-12Pcs,1.0
5538,Dust White Pepper(Chili)-50g,1.0
5538,Oregano Leaves- 10g,1.0
5538,Prince Soya Sauce(500ml),1.0
5538,Milk Vita Liquid Milk-1Ltr,2.0
5538,Prince Sour Curd-500gm,2.0
5538,Prince Bread(Special)-400g,2.0
5538,Kazi Chicken Spring Roll-250g,1.0
5538,Quality Smoked Chicken Salami-200g,1.0
5538,Tatkini Fish River(HB),1.14
5538,Tomato L.C(kg),0.54
5538,Capsicum Yellow(kg),0.49
5538,Baby Corn(Fesh),1.0
5538,Dove Hair Fall Rescue Conditioner-170ml,1.0
5547,Belleame Golden Cremo Biscuit-90g,1.0
5594,Bakemans Glaze-200gm,1.0
5606,Funtastic Ore Cream Pineapple,2.0
5606,Funtastic Ore Cream Biscuit-43gm,3.0
5628,Q Omega 3 Enriched Egg (1 Dozen),1.0
5628,Lemu 250ml Pet,1.0
5628,Kinley Club Soda -600ml,2.0
5628,Aer Spray Cool- 270ml,1.0
5635,Potato Jam,0.51
5647,H&S Shampoo Anti Hair Fall 2in1 - 180ml,1.0
5657,Pepsodent Gremichek+ Toothpaste-100gm,1.0
5657,Al Shafi Natural Honey Jar-250g,1.0
5658,Ramisa- Til Papri Pkt-100gm,1.0
5658,Nut Walker Pistachios Dry R Salted -240g,1.0
5658,Grape White Small (IIndian),0.54
5680,Aafi Mango Drink-1 Ltr Pet,1.0
5812,Maggi Soup Thai- 35g 4Pcs Combo,1.0
5834,Vim Dishwash Liquid- 250ml,1.0
5834,Prince Lacha Samai-200g(Pkt),1.0
5834,China Car Toy(05/23),1.0
5838,Grass Curp Fish-(MNK),2.83
5838,Shrimp Fish Golda(Medium)-(STR),0.54
5845,Pomegranate (Mitulla)-B,1.13
5858,Biryani Scent-28ml,1.0
5858,F.C. Whipped Topping Mix-72gm,1.0
5858,Buldak Noodles (All),1.0
5858,Latina Basli Seed Drink Cocktail (All Flv.)-290ml,1.0
5860,Sajeeb Hot Tomato Sauce-340g,1.0
5860,MP Hair Clip-02,1.0
5860,Sajeed ChocoMoo Chocolet-135g,1.0
5896,Star Masalla--50g,1.0
5896,Cardmom Big-50gm(Alachi),1.0
5896,Bragg Apple Cider Vinegar-473ml,1.0
5896,Vivel Soap-100g,1.0
5915,Radhuni Panchforon-50g,1.0
5915,R.Spices(Chilli)-100g,1.0
5915,Radhuni Biriyani Masala-40g,1.0
5915,Queens Butter Bun- 100g,1.0
5915,Mixed Vegetable (Kg),0.88
5915,China Steel Majuni Single-(4/23),1.0
5932,R.Chanachur Premium Mix-200g,1.0
5933,Pran Chicken Roast Masala-35g,1.0
5933,Poa Fish Small-(Deshi),0.66
5933,Malta (Yellow)-kg,1.85
5933,Polar Ice Cream Chocolate-1Ltr(Tub),1.0
5933,Pran Yogurt Sour Curd-500gm,1.0
5933,Vaseline Mosquito Defence Lotion-100ml,2.0
5933,Ifad Milk Biscuits,1.0
4710,CBL Munchee Dark Chocolate Cookies-100gm,1.0
4710,CP Chicken Hot Sausage- 400g,1.0
4710,CP Chicken Nugget-320g,1.0
4511,Bit Salt Powder- 80g Bottle,1.0
4511,Mum Drinking Water-5L,2.0
4511,Akher Sugar -1kg,1.0
5934,Ragu Pizza Sauce-396g,1.0
5934,ACI Aerosol 475ml,1.0
5934,Ch.Ceramic Mug-Y11(4/23),1.0
5934,Finis Insect Powder-40g,1.0
5962,Mutton (Special)-Kg,2.02
5974,SCL Rajkonna G. Booster Face Wash-100ml,1.0
5974,Chia Seed (Dana) New-100g,1.0
6026,Madina VIP Morium Dates-500gm,1.0
6026,Hilsha Fish Big-(MNK)-Pcs,2.0
6026,Bele Fish (Big)-(MNK),1.15
6026,Brinjal (Oval) Big-kg,1.24
6026,Chicken Deshi (Pakistani) Cock,2.0
6026,Lifebuoy Liquid Total Hand Wash-170ml,2.0
6026,RFL Trim Square Container 200ml- Trans,1.0
6030,Beef Bone Full,1.01
6037,Pusti Mustard Oil-250ml,1.0
6037,Khondoker Sholar Jharu-02,1.0
6037,Topashi Fish-(MNK),0.26
6037,Green Pumpkin-pc,1.0
6037,Greens(Data Shak)-Pc,1.0
6037,Apple Green,0.12
6037,Kishwan Sugar Free Cookies Bis-300gm,1.0
6037,Arong UHT FC Milk-200ml (Fino),1.0
6046,Dust White Pepper(Chili)-50g,1.0
6046,Nutmeg Powder-20g,1.0
6046,Chicken Boneless-Kg,0.88
6046,Lifebuoy Liquid Care Hand Wash-170ml,2.0
6046,Lifebuoy Liquid Total Hand Wash-170ml,1.0
6099,Lafz Kav.Body Spray-100gm,1.0
6182,Improved Jet- 200gm Pack,1.0
6194,Ispahani Butterful Biscuit- 75g,1.0
6194,Black Pepper(Chili)-50g,1.0
6194,Pran Ready Fuchka-200g,1.0
6194,Dust Rice(Atob)-1KG,1.0
6194,Dettol Soap B3 Get 30tk Off- 75 gm,1.0
6194,Prince Tiffin Bon,4.0
6194,Austrogram Cheese,0.21
6194,Alfa Mayonnaise-473ml,1.0
6194,BD Food Hot/Jhal Chanacur-300gm,1.0
6200,Rui Fish-M-(MNK),3.32
6202,Chocolate Digestive 145gm,3.0
6202,C.N Chicken Kids Nuggets-250gm,1.0
6202,Silver Curp,2.76
6202,Tengra Fish,0.79
6202,Mutton (Head),1.0
6202,Jhinga(kg),3.93
6202,Naspati(kg),1.0
6202,IDC Kelloggs Chocos-385g,1.0
6202,Bari-4 Mango,2.05
6222,Onion Deshi(New)-kg,1.98
6222,Ramisa-Jhal Nimki Pkt-200gm,2.0
6222,Net Pumpkin (Jali Kumra)-Pc,1.0
6222,Kakrol(kg),0.57
6222,Apple Green,0.46
6222,Bashun Paper Towel 1Ply- 250Pcs,1.0
6222,Lipton Green Tea 25 Bags- 35gm (Lemon),1.0
6222,Bakemans Saltice Biscuit-50gm,2.0
6222,Funtastic Nimok Halal Biscuit-86gm,1.0
6222,Bakemans Ovaltine Biscuts-250gm,1.0
6222,Kurmuure Classic Chanachur-300g,1.0
6237,MP Hair Kakra Band- 33,1.0
6237,Bounce Choco Cream Biscuits-32gm,1.0
6237,Gahana Bruj-22,1.0
6243,Green Chilli(kg),0.58
6243,Sunshine Atta -2kg,1.0
6243,Prince Noli Toast-250g,1.0
6243,Harpic All in one Powder-400gm,2.0
6247,Dark Chocolate Digestive-130g,1.0
6247,Knorr Thai Soup- 28g,1.0
4783,Belleame Choco Little Biscuit-45gm,2.0
4783,Zess Cheese Cracker-153gm,1.0
6283,Prince Bread(Special)-400g,1.0
6283,China Carpet Brush (4/23),1.0
6305,Vermicelli Samai-200gm,1.0
6308,Savoy Ice Cream-120ml {Mawa Kulfi},1.0
6313,Mama Creamy Chocolate-110gm,1.0
6313,Teer Sugar-1Kg,1.0
6313,Madhuban Oval Paan Masla,1.0
6341,Apple(Gala),1.14
6356,H.Purifying Neem F/W-150ml,1.0
6356,Chicken Deshi Cock (Live),2.0
6356,Mrigel Fish XL-(River),3.29
6356,Cauliflower(B)-Pc,1.0
6356,Camay Soap Classic-125gm,1.0
6363,Cheese Puffs-18g,1.0
6392,Butter Toast Biscuit-200gm,1.0
6404,Bashundhara Paper Napkin-100p,1.0
6404,Lafz Hair Shampoo-200ml,1.0
6404,Mango Himsagor-kg,3.11
6446,Vaseline Aloe Soothe Lotion-400ml,1.0
6463,Mug Pulse (Sona)-1kg,2.0
6480,Pabda Fish (Small) (HB),2.07
6480,Bele Fish (Big)-(MNK),2.04
6480,Mixed Vegetable (Kg),0.56
6480,Bomby Chilli-5Pcs,2.0
6505,Lifebuoy Germ Protection Carer -150gm,1.0
6505,Cow Stomach-K,3.53
6530,Fresh Salt Premium-1kg,1.0
6530,Custard Bread- 275g,1.0
6530,Queens Custard Bread- 90g,1.0
6530,R.Chanachur Classic 100 gm,2.0
6530,China Jhilmil Majuni (4/23),1.0
6546,Madina VIP Morium Dates -Kg(Loose),0.51
6546,Piali Fish(Pachmishali),0.52
6561,Rupchada Chinigura Rice 1kg,1.0
6561,Bashundhara F Soyabean Oil-5L,2.0
6561,Teer Sugar-1Kg,1.0
6561,Beef Tikia Kabab,2.0
6561,Prince Fruits Cake(B),1.0
6561,Tomato L.C(kg),0.57
6561,Carrot (China)-kg,0.8
6561,Sovory Molasses Brown Sugar -454g,1.0
6561,ACI Aerosol 475ml,1.0
6561,China Flower (4/23),1.0
6561,10 Colour Pen -05,1.0
4936,Bashun Paper Towel - 250Pcs,1.0
6638,Fun Crack- 50g,1.0
6638,Parboil (Potol)-kg,0.43
6638,Usta(kg),0.24
6638,Green Mango(kg),1.24
6638,Cadbury Bourn Vita Biscuit-46.5g,1.0
6654,Clean&Clear Morning E Berry B F/W-100ml,1.0
6654,Shezan Corn Flakes-275gm,1.0
6714,G.Aer Power Pocket GP Fresh Blossom-10g,1.0
6716,Vim Dishwash Liquid- 1L,1.0
6716,Colgate Active Salt Paste-200g,1.0
6716,Pran Vermicelli Samai-200gm,1.0
6727,Cumin-200gm,1.0
6727,G.C.N. Cherry Reds-6.60(100ml),1.0
6727,Potato Jam,1.51
6727,Cucumber Deshi (kg),2.4
6727,Orange (China) Net-kg,0.95
6727,Legion Henna Powder-100gm Box,1.0
6727,Senora S.Napkin Panty 15Pads,1.0
6727,Olympic Tim Tim Orange Bis-272g,1.0
6727,China Basin Brush (4/23),1.0
6727,China Carpet Brush (4/23),1.0
6727,Ch Silicone Brush-09(5/23),1.0
6757,Mola Fish (THR),0.36
6821,Mediplus T/P -140gm DS,1.0
6821,Smart No1 Gamsa-05,2.0
6839,Cow Lever-K,1.0
6842,Harpoon Toilet Cleaner- 750ml,1.0
6842,Beef Bone Full,1.04
6842,Lemon(Colombo)-Pc,1.0
6842,Doodles Stick Noodles-300gm,1.0
6842,Dettol Soap 75g B3 G 30tk OFF,1.0
6842,Black Berry (Kalo Jam),0.46
6863,Radhuni Biriyani Masala-40g,2.0
6863,Aarong Cheese Cubes Classic-120g,2.0
6863,Apple Fuji,0.71
6863,Sony Alka. AAA Battery 2pcs,1.0
6863,Dettol Cool HW-170ml(Refil),1.0
6863,Flat Noodles - 180gm {C. Masala},1.0
6863,G.Aer Power Pocket GP Fresh Blossom-10g,1.0
6863,Ponds Oil Control Face Wash-100g,1.0
6863,China Plate Stand (5/23),1.0
6863,Ch.Animal Toys-701(5/23),1.0
6864,Aarong Liquid Milk-1/2Ltr,4.0
6868,Snickers Chocolate-50gm,2.0
6869,Akher Sugar -1kg,1.0
6869,Mirzapore Best Leaf Tea-400g,1.0
6869,Chanachur(Special)-300gm,1.0
6881,Cosco Soap-80gm,3.0
6881,Rok Liquid Dishwash-250ml(Buy2 Get1 Free),1.0
6904,ACI Pure Salt-1Kg,1.0
6904,Belleame Golden Cremo Biscuit-90g,1.0
6904,Rui Fish (XL)-(River),4.17
6913,Orbit Chewing Gum -4.4g,2.0
6913,Meant Leaf (Pudina Leaf)- Pc,1.0
6913,Aarong Yogurt Sour Curd-500gm,1.0
6960,Dabur Red Paste-200gm,1.0
7061,Musur Pulse Deshi-1Kg (Loose),1.01
7061,Chui Jhall-100g,1.0
7061,Chicken Deshi (Pakistani) Cock,2.0
7130,Bashundhara Khata P-BOU(K)-124 Pages,1.0
7138,Radhuni Spices (Corinder)-100gm,1.0
7138,Jordan Clean Smile Toothbrush,1.0
7150,Deshi Paratha-1600g(Mega Family Pack),1.0
7150,Dr R ORC. Hand Wash-300ml Pack,1.0
7176,Kazi & Kazi MasalaTea-50g,1.0
7186,Fast Wash Detergent Powder-1000g,1.0
7186,White Mustard-200gm,1.0
7186,Nan Optipro 4-350gm,2.0
7186,Rui Fish (S1)-(MNK),1.14
5068,Fresh Refined Sugar-1000gm,1.0
5240,Muslim Dal Vaza-200g,1.0
5240,China Kitchen piller-15,1.0
5060,Pran Potata Biscult-100g (B3G1),1.0
5074,Belleame Choco Little Biscuit-45gm,1.0
5074,Bengal Classic Tea- 200g (Black),1.0
5277,Kurkure Style Spicy Chicken-80gm,1.0
4823,Tawa,1.0
