order_id,itemName,value
ORD002432,Hubba Bubba Mega Gum-56gm,1
ORD002432,KurKure Cream & Onion 37gm,1
ORD002432,Maggi Saad -E -Magic S Mix-48g,1
ORD002432,Mentos Fruit Flavour,1
ORD002432,Nestle KitKat White Chocolate-41.5g,1
ORD002432,RFL Trim Square Container 200ml- Trans,1
ORD002432,Sun Chips Garlic & Chili 38g,1
ORD002432,Sun Prawn Crackers Chips - 20gm,1
ORD002432,Zess Cheese Cracker-153gm,1
ORD002464,ACI Pure Salt-1Kg,1
ORD002464,Ayir Fish (Small)-(HB),1
ORD002464,Bashundhara Atta-2kg,1
ORD002464,Chicken (Deshi),1
ORD002464,Cumin-200gm,1
ORD002464,Fresh Soyabean Oil-1Lt.,1
ORD002464,Ginger Barmiz-(Kg),1
ORD002464,Gulsha Fish(Small)-(HB),1
ORD002464,Jhinga(kg),1
ORD002464,Ladies Finger (Vendi)-kg,1
ORD002464,M & M Gems Chocolate - 45g,1
ORD002464,Pabda Fish (Small) (HB),1
ORD002464,Parboil (Potol)-kg,1
ORD002464,Potato Deshi New-1kg,1
ORD002464,Potato Jam,1
ORD002464,Shrimp Fish Bagda,1
ORD002464,Tatkini Fish River(HB),1
ORD002464,Tomato L.C(kg),1
ORD002464,Usta(kg),1
ORD002464,Vangon Fish(Big),1
ORD002463,Arla Dano Daily Pushti-500gm,1
ORD002463,Beef Bone Full,1
ORD002463,Beef Without Bone Special,1
ORD002463,Belleame Dry Cake Biscuit-325gm,1
ORD002463,Brinjal (Oval) Big-kg,1
ORD002463,Coca Cola-2.25Lt(Pet),1
ORD002463,Dan Cake-Tiramisu Plain Cake 360gm,1
ORD002463,Energy Plus Biscuit - 62gm,1
ORD002463,Oreo Choco Cream Biscuits-120gm,1
ORD002463,Oreo Original Biscuits- 46.3/50gm,1
ORD002463,Seylon Family Blend Tea-200g,1
ORD002479,Amul Kool Kesar-180ml,1
ORD002479,Angelic Air Fresh-300ml Sparkling,1
ORD002479,Bounce Choco Cream Biscuits-32gm,1
ORD002479,Cumin Powder-100gm,1
ORD002479,Egg & Chicken Masala Noodles FG (Egg),1
ORD002479,Fresh Ins. Noodles Masala (B2G1)-496gm,1
ORD002479,Fresh Salt Premium-1kg,1
ORD002479,Milk Vita Liquid Milk-1Ltr,1
ORD002479,Prince Sour Curd-500gm,1
ORD002479,Rin Advanced-2kg,1
ORD002479,Sajeed ChocoMoo Chocolet-135g,1
ORD002626,Akher Sugar -1kg,1
ORD002626,Chanachur(Special)-350gm,1
ORD002626,Cocola Egg Noodles-170g,1
ORD002626,Coconut Powder (Cake Decoration)-50g,1
ORD002626,Egg & Chicken Masala Noodles FG (Egg),1
ORD002626,Fresh Fun Fill (Chocolate) Biscuits-44g,1
ORD002626,G. Naturals Bargundy-20ml,1
ORD002626,Marks Cookies & Cream Flavour - 200ml,1
ORD002626,Marks Milk Shake AS-200ml,1
ORD002626,Milk Vita Butter-200g,1
ORD002626,Nescafe Classic Coffee-50gm,1
ORD002626,Olympic Energy Plus Malai Bis-45gm,1
ORD002626,Olympic Salcoti Elachi Cookies-80gm,1
ORD002626,Prince Square Toast-250gm,1
ORD002626,radhuni custard powder,1
ORD002626,Rupchanda Soya-1Ltr(PET),1
ORD002626,Surf Excel With Aloe Vera wash-500g,1
ORD002630,AJI-No-Moto Tasting Salt-42g,1
ORD002630,Chia Seed (Dana) New-100g,1
ORD002630,China Foam Majuni (4/23),1
ORD002630,Dal Puri-454gm,1
ORD002630,F Clarks Ess 28ml(Vanilla),1
ORD002630,Knorr Chicken Hot & Sour Soup- 28g,1
ORD002630,Knorr Thai Soup- 28g,1
ORD002630,Maggi Vegetable Soup 4Pcs-25gm,1
ORD002630,Oreo Choco Creme Biscuits-43.75g,1
ORD002630,Ruchi Chanachur Hot-150gm,1
ORD002636,Akher Sugar -2kg,1
ORD002636,BD Chilli Powder (100gm),1
ORD002636,BD Haleem Mix(175g),1
ORD002636,BD Kheer Mix-150g,1
ORD002636,BD Turmeric Powder(200gm),1
ORD002636,China Punch Clip(05/23),1
ORD002636,Coriender-200gm,1
ORD002636,Danish Condensed Milk-397gm,1
ORD002636,Dano Instant -500g Pack,1
ORD002636,Dried Chilli-200gPkt,1
ORD002636,Hot Pran Tomato Sauce-500gm,1
ORD002636,Kaveri Mehendi Cone 2pcs -25g,1
ORD002636,Lassa Special Semai-500g(Pkt),1
ORD002636,Misti Sob-100gm,1
ORD002636,Prince Coconut-(pcs),1
ORD002636,Prince Sour Curd-500gm,1
ORD002636,Ramdhoni-50gm,1
ORD002636,Revival Karak Masala Chai -200g,1
ORD002636,Special Chinigura Rice-1Kg,1
ORD002636,White Kazu Badam-50g,1
ORD002632,Aarong Butter Salted-100gm,1
ORD002632,Funtastic Backmans Glaze Biscuit-40gm,1
ORD002632,Ispahani Butterful Biscuit- 75g,1
ORD002632,Kolson Macarony-200gm All Flv.,1
ORD002632,Lichu Pitha Box-200gm,1
ORD002632,Maggi Noodles Masala Blast-252g 4Pack,1
ORD002632,Mountain Dew-600ml Pet,1
ORD002632,Mr.Cookie- 39gm Small,1
ORD002632,NAJ baby Toast Biscuits -300gm,1
ORD002632,Nankhatai Biscuit-200g,1
ORD002632,Pran Dhaka Cheese-200gm,1
ORD002632,Prince Lacha Samai-200g(Pkt),1
ORD002632,Prince Special Chanachur-150gm,1
ORD002632,Starship FCMP-500gm (F.Pack),1
ORD002632,Vegetable Roll,1
ORD002632,Yum Muffin Cake,1
ORD002638,Arong UHT FC Milk-200ml (Fino),1
ORD002638,Belleame Digestive Biscuit- 135g,1
ORD002638,CBL Munchee Nice Biscuit-230g (Premium),1
ORD002638,Chicken Deshi (Pakistani) Cock,1
ORD002638,China Basin Brush (4/23),1
ORD002638,Danish Dry Cake Biscuits-350gm,1
ORD002638,Jet Classic Detergent -1000gm Ploy,1
ORD002638,Kishwan Ovaltin Biscuits-350gm,1
ORD002638,Pangas Fish-(Deshi),1
ORD002638,Poa Fish Small-(Deshi),1
ORD002638,Prince Square Toast-250gm,1
ORD002638,Quaker Whole Oats- 700g,1
ORD002638,Rin Liquid-400ml,1
ORD002635,CBL Munchee Choco.Mo Biscuits-90g,1
ORD002635,China Jhilmil Majuni (4/23),1
ORD002635,Dan Cake-Chocolate Swiss Roll 200gm,1
ORD002635,Farm Fresh Butter-200gm Box (50X4pcs),1
ORD002635,Organikare(Orange Hand Wash +Refil)Combo,1
ORD002635,Ramisa-Jhinuk Pitha Box-250gm,1
ORD002635,Ramisa-Nakshi Pitha Box-4 Pcs,1
ORD002635,RD Chocolate Milk -200ml,1
ORD002635,RD Milk Strawberry-200ml,1
ORD002635,Vim Dishwashing Liquid- 500ml,1
ORD002635,Wheel 2in1 Clean & Fresh Powder-1Kg,1
ORD002635,White bread Small-300gm,1
ORD002634,Aarong Ghee 200g,1
ORD002634,Amon Rice -Kg (Lose),1
ORD002634,Beef Bone Full,1
ORD002634,Cow Lever-K,1
ORD002634,Fresh Beet-Kg,1
ORD002634,Fresh Ins. Noodles Masala (B2G1)-496gm,1
ORD002634,Harpic 1Ltr + Lizol 1Ltr -60TK Off,1
ORD002634,Radhuni Musterd Oil 250ml,1
ORD002634,Revive Powder Sun Block-200gm,1
ORD002634,Rupchanda(Small) (THR),1
ORD002462,Akher Sugar -1kg,1
ORD002462,G H. Chicken Shami Kabab - 250gm,1
ORD002462,Garlic China Big-(kg),1
ORD002462,Marks FCMP-1Kg(F.Pack),1
ORD002462,Milk Vita Liquid Milk-1Ltr,1
ORD002462,Mug Pulse (Sona)-1kg,1
ORD002462,Onion Deshi(New)-kg,1
ORD002462,Pusti Deshi Red Lentils(Mushur Dal) -1Kg,1
ORD002462,Sunshine Muri-500gm,1
ORD002462,Sunsilk Black Shine Shampoo-330ml,1
ORD002462,Sunsilk conditioner Perfect Straight-80m,1
ORD002462,Teer Fortified Soyabean Oil 3Ltr,1
ORD002631,Alu Bukhra-100g,1
ORD002631,Blue Lady Deo Roll-On 50ml (Rasasi),1
ORD002631,Chopstick Desi/Yumy Masala Noodles-4pack,1
ORD002631,Gluco Max D- 400g,1
ORD002631,Golden Raising-100gm(Kismis),1
ORD002631,Kath Badam-100g,1
ORD002631,Mixed Masalla-100gm,1
ORD002631,Prince Cone Mehedi,1
ORD002620,China Football-(5/23),1
ORD002620,Fair&Lovely Ayurvedic Care Cream-50g,1
ORD002620,Himalaya Anti-Dandruff S&M Shampoo-375ml,1
ORD002661,ACI Pure Salt-1Kg,1
ORD002661,Almarai Cream Cheese - 200gm,1
ORD002661,Alu Bukhra-100g,1
ORD002661,Baby S. Wide Neck Nipple AB-202MF2BC,1
ORD002661,Bit Salt Powder- 80g Bottle,1
ORD002661,Chat Masala-40gm,1
ORD002661,Chia Seed (Dana) New-100g,1
ORD002661,China Knife(5/23),1
ORD002661,Disposible Floss Tooth Picks-{BB-50006},1
ORD002661,Dolphin Nata De Coco Cup(All Flv.)-270ml,1
ORD002661,Dream Food Colour(Blue)-28ml,1
ORD002661,Feeding Bottle Wash-700ml(BF-200),1
ORD002661,Foster Baking Powder-110g,1
ORD002661,Kolson Vermicelli-200g,1
ORD002661,Mixed Fruit Box - 250g,1
ORD002661,R.Spices(Turmeric)200gm,1
ORD002661,Radhuni Firni Mix-150,1
ORD002661,Radhuni Kala Bhuna Masala 80gm,1
ORD002661,Radhuni Korma Masala- 30gm,1
ORD002661,Radhuni Mejbani Beef masala-68g,1
ORD002661,Revlon Colorsilk Light G.Brown Color 5G,1
ORD002661,Rupchanda Soyabean-5Ltr,1
ORD002661,Saad Testy Bit Salt-100gm,1
ORD002661,SKB 3Layer Wok Glass Lid SS H-20cm,1
ORD002661,Teer Sugar-1Kg,1
ORD002661,Vita Juice -250ml,1
ORD002637,Cadbury Dairy Milk Roast Almond-58g,1
ORD002637,Cadbury Dairy Milk Silk Hazelnut-58g,1
ORD002637,CBL Munchee Chunky Choc-90g,1
ORD002637,RD Milk Banana-200ml,1
ORD002750,ACI Pure Salt-1Kg,1
ORD002750,Akher Sugar -2kg,1
ORD002750,Bacha Boot Pulse 1Kg,1
ORD002750,Bactrol Liquid Hand Wash-200ml,1
ORD002750,Bashundhara Maida-2kg,1
ORD002750,Chicken (B-Skin Less),1
ORD002750,Chicken (Deshi),1
ORD002750,Cumin-100g,1
ORD002750,Haiko Kewra Essence- 25ml,1
ORD002750,Radhuni Biriyani Masala-40g,1
ORD002750,Rin Advanced-500gm,1
ORD002750,Vaja Maskali Pulse-1kg,1
ORD002750,Vim Dishwashing Liquid- 500ml,1
ORD002750,Wheel 2in1 Clean & Fresh Powder-1Kg,1
ORD002750,Wheel Laundry Soap 125g,1
ORD002750,Yupi Twin Burger-53,1
ORD002746,Chowa Gamsa-521,1
ORD002746,Chowa Gamsa-75,1
ORD002746,Hot Pran Tomato Sauce-500gm,1
ORD002746,Kewra / Rose Water,1
ORD002746,Mola Shutki-100gm,1
ORD002746,Omega 3 Vitamin-E Egg-12pcs-T27,1
ORD002746,Shrimp Fish Bagda,1
ORD002746,Vangon Fish(Big),1
ORD002747,Arrow Toothbrush,1
ORD002747,C.N Chicken Sausage 300gm,1
ORD002747,Good Life Mozarella Cheese-370gm,1
ORD002747,Kachki Shutki-100gm,1
ORD002747,Savoy Mango Ice Creem-1/2ltr,1
ORD002747,Sun Chips Garlic & Chili 38g,1
ORD002747,Sun Chips Mix Masala-35gm,1
ORD002752,Banana Green Small-kg,1
ORD002752,Bounce Choco Cream Biscuits-32gm,1
ORD002752,CBL Munchee Choco Kalo-100g,1
ORD002752,Chashi Aromatic Chinigura Rice-1Kg,1
ORD002752,Dan Cake-Fruit Cake 220gm,1
ORD002752,Garlic China Big-(kg),1
ORD002752,Green Papaya(kg),1
ORD002752,Net Pumpkin (Jali Kumra)-Pc,1
ORD002752,Oreo Choco Cream Biscuts-43.75gm,1
ORD002751,ACI Salt Bottle-750g,1
ORD002751,Cocola Chicken Noodles-180g,1
ORD002751,Cosco Soap-80gm,1
ORD002751,DR.West brush Original,1
ORD002751,IGLOO Cake 1Ltr.,1
ORD002751,Knorr Chefs CFCM-75g,1
ORD002751,Lux Velvent Glow Jasmine Soap-100gm,1
ORD002751,Mirzapore Best Leaf-200gm,1
ORD002751,Pusti HT Noodles M-220gm B2G1,1
ORD002751,Rin Advanced-1000gm,1
ORD002751,Sav.Men soap 100gm,1
ORD002751,Savoy Ice Cream- 100ml (Shahi Kheer),1
ORD002751,Wheel 2in1 Clean & Fresh Powder-1Kg,1
ORD002751,Wheel Soap -100gm,1
ORD002753,Cock Roast (Deshi)-PC,1
ORD002753,Fresh Ins. Noodles Masala (B2G1)-496gm,1
ORD002753,HIT Mosquitoes Aerosol- 475ml (50TK Off),1
ORD002753,Pepsodent Crcol & L Toothpowder-100g,1
ORD002753,Rupchada Chinigura Rice 1kg,1
ORD002745,AD Ring Khata -300 Pages,1
ORD002745,Akher Sugar -1kg,1
ORD002745,Center Fresh 20g,1
ORD002745,Fun Vannilla cake,1
ORD002745,Maggi Noodles Masala Taste-496g,1
ORD002745,Olympic Nutty Biscuits 80g,1
ORD002745,Vim Liquid Dish Wash-500ml,1
ORD002745,Yum Muffin Cake,1
ORD002748,Eggy Masala Noodles B2G1-400g,1
ORD002748,Funtastic Pineapple-200g+Cho-167g(B3G1),1
ORD002748,Sprite-1.25 Lt(Pet),1
ORD002657,Nan Optipro 4-350gm,1
ORD002657,Pedia Sure (Vanilla Flavour) Milk -400g,1
ORD002657,Prince Borhani-1000ml,1
ORD002657,Prince Dubli Pulse-1kg,1
ORD002658,Akher Sugar -1kg,1
ORD002658,Chi. Mini Fans-CS109(4/23),1
ORD002658,China Vacuum Cup-(4/23),1
ORD002658,Haiko Baking Soda-40gm,1
ORD002658,Kiam Karai (Bakelite)-26cm,1
ORD002658,Lux Soft Skin Body Wash-245ml,1
ORD002658,Prince Baking Powder-150g,1
ORD002658,Wide S Nipple 2pcs S Hole L-22207,1
ORD002729,Nutella 50 mg,1
ORD002729,Pran Soyabin Oil 500 ml,1
ORD002730,Data-Pc,1
ORD002730,Peticot,1
ORD002730,ResQ-30,1
ORD002744,Aquafina Drinking Water- 500ml,1
ORD002744,BFL Aluminium Foil 5 Miter,1
ORD002744,BFL Foil Container 6pcs-510ml,1
ORD002744,Prince Super Vermichelli Semai-150gm,1
ORD002744,Vermicelli Samai-200gm,1
ORD002800,Barley Arrarot-200mg,1
ORD002800,Custard Powder-150g,1
ORD002800,Dark Fantasy Cho Fills-75g,1
ORD002800,F Clarks Ess 28ml(Vanilla),1
ORD002800,F Clarks F Color 28ml(G),1
ORD002800,Fry Chick Peas-200gm,1
ORD002800,IGLOO 1Ltr.(Choco Cheers),1
ORD002800,Layerr Shot Red Stalion BS-135Ml,1
ORD002800,Naspati(kg),1
ORD002800,Nivea Soft Berry Cream-50ml,1
ORD002800,R.Chanachur Bar-b-Q-500gm,1
ORD002800,R.Spices(Turmeric)200gm,1
ORD002800,Revlon Colorsilk Soft Black Color 1WN,1
ORD002800,Sepnil Hand Wash Refil-170ml,1
ORD002801,AG Mini Chicken Singara-300g,1
ORD002801,AG Mini Chicken Spring Roll-250g,1
ORD002801,Black Fighter Max 10pis b,1
ORD002801,China Fry Pan-26cm (5/23),1
ORD002801,Colgate Max Fresh Toothpaste- 100ml All,1
ORD002801,Farm Fresh Butter-200gm Box (50X4pcs),1
ORD002801,Fresh Refined Sugar-1000gm,1
ORD002801,Fresh Toilet Value Pack 4 Pcs,1
ORD002801,GH Chicken Meat Ball 400g,1
ORD002801,Musur Pulse Kangaroo -1Kg (sp),1
ORD002801,Perfumed Facial Tissue - 200Sheet,1
ORD002801,Pran Hot Tomato Sauce-340gm,1
ORD002801,Radhuni Biriyani Masala-40g,1
ORD002801,Radhuni Chatpati Masala 50Gm,1
ORD002801,Safety Plus Floor Cleaner Lemon -1000ml,1
ORD002801,Wheel 2in1 Clean & Fresh Powder-1Kg,1
ORD002659,Morium Speacial Date-1kg,1
ORD002659,Omega 3 Enriched Egg-12pcs-T03,1
ORD002659,Omega 3 Vitamin-E Egg-12pcs-T27,1
ORD002799,Cassia Leaf-100gm (Tespata),1
ORD002799,Prince Noli Toast-250g,1
ORD002799,Special Chinigura Rice-1Kg,1
ORD002797,Aarong Pasturized Liquid Milk-1Ltr Reg.,1
ORD002797,Aarong Yogurt Sour Curd-500gm,1
ORD002797,ACI Aerosol-250ml,1
ORD002797,AG Vegetable Spring Roll-400g,1
ORD002797,Bashu Facial Tissue 240Sheet,1
ORD002797,Bashundhara Gold Toilet Tissue,1
ORD002797,Chicken Samosa-250gm,1
ORD002797,Cinnamon-200g (Daruchine),1
ORD002797,Confume Hair Color 1N Black- 120gm,1
ORD002797,Harpic Power-500ml,1
ORD002797,Lattafa Air Freshener-300ml (Pure Oudi),1
ORD002797,Lizol Floral -1000ml,1
ORD002797,Madina VIP Morium Dates -Kg(Loose),1
ORD002797,Nivea Bodi Milk Shea Smooth- 400ml,1
ORD002797,Onion Deshi(New)-kg,1
ORD002797,Prince Peanut-500gm Pack,1
ORD002797,Radhuni Kasundi-285ml,1
ORD002797,Ruchi Jhal Muri-30g,1
ORD002797,Teer Soyabean Oil-1Ltr,1
ORD002797,U.S.A Beauty Care Face Out Soap-120ml,1
ORD002797,Vim Dishwashing Powder-500Gm,1
ORD002798,AG Spicy Chicken Sausages-340g,1
ORD002798,Chicken Meat Ball-250gm,1
ORD002798,Harpic 750ml Buy 2 Get 40tk Off,1
ORD002798,Kazi Chicken Samosa-250g,1
ORD002798,Lizol Citrus-1000ml,1
ORD002798,Puck Cream - 160gm,1
ORD002798,Rupchanda Soyabean-5Ltr,1
ORD002798,Sajeeb Tomato Ketchup(340G),1
ORD002798,Seylon Family Bland Tea- 400g,1
ORD002798,Wheel Laundry Soap 125g,1
ORD002802,Aarong Sweet Yogurt-500gm,1
ORD002802,B.B Tazza Black Tea -400g,1
ORD002802,Bas. Kitchen Towels 1Roll,1
ORD002802,Bio Active Lavello Lip Th-3.2g,1
ORD002802,CBL Munchee butter Fingers-80g,1
ORD002802,CBL Munchee Stix Choc.Wafer,1
ORD002802,Chashi Aroma.Chinigura Rice-2kg,1
ORD002802,Ifad Stick Toast-350g,1
ORD002802,Jugol Chutney-300gm,1
ORD002802,Kath Badam-50gm,1
ORD002802,Layerr Wottagirl Haven B Spray-135ml,1
ORD002802,Madina VIP Morium Dates-500gm,1
ORD002802,Mama Hot Noodles-496g,1
ORD002802,Mr.Energy Biscuits-85gm,1
ORD002802,Olympic Nutty Biscuits 80g,1
ORD002802,Pandan Kaya Bread- 225g,1
ORD002802,Pran Mango Bar-10Pcs,1
ORD002802,Prince Dubli Pulse-1kg,1
ORD002802,Red Chira -500gm,1
ORD002802,Ruchi Puffed Rice-400gm,1
ORD002802,Whisper Ultra Nights Xl Pads,1
ORD002660,Glucon-D Orange-Flavour-400g Jar,1
ORD002660,Kelloggs Special Original- 290g,1
ORD002660,Kelloggs Special Original-455gm,1
ORD002660,Mr. Noodles Korean S Spicy- 248gm,1
ORD002834,Al-Ansar Sukkaria Dates- kg(Loose),1
ORD002834,Almas Pray Tupi- 06,1
ORD002834,China PVC Ball (5/23),1
ORD002834,Potato Bogura-1kg,1
ORD002829,Brinjal (Oval) Big-kg,1
ORD002829,Snack Guard (Chichinga)-kg,1
ORD002829,Sweet Pumpkin(kg),1
ORD002829,Watermelon Banglalink - Kg,1
ORD002833,Ch. Cookware-28cm(05/23),1
ORD002833,Ch. Water Pot-1000ml(05/23),1
ORD002833,Fogg Fine RIo Wave-120ml,1
ORD002833,Odonil Air Freshner-50g Combo (40 OFF),1
ORD002870,Belleame Choco Little Biscuit-45gm,1
ORD002870,Brinjal Oval ( Tal Begun ) -kg,1
ORD002870,C.N Chicken Sausage 300gm,1
ORD002870,Chicken Nuggets-250g (Box & Poly),1
ORD002870,Chupa Chups Can-345ml,1
ORD002870,Dano Instant -500g Pack,1
ORD002870,Dark Fantasy Cho Fills-75g,1
ORD002870,Fanta orange-1L,1
ORD002870,Finis Insect Powder-40g,1
ORD002870,Greens(Data Shak)-Pc,1
ORD002870,Hit Chalk-1pcs,1
ORD002870,Jodi Chicken Sausage-300g,1
ORD002870,Kolson Macarony-200gm All Flv.,1
ORD002870,Maggi Noodles Masala Taste-496g,1
ORD002870,Mango Himsagor (Special)-kg,1
ORD002870,Mango Langra,1
ORD002870,Mango Rupali (Special)-kg,1
ORD002870,MP Baby Hair Clip -52,1
ORD002870,Pran Orange Jelly-500g,1
ORD002870,Sensodyne Rapid Relief Toothpaste-80g,1
ORD002870,Sensodyne Toothbrush (Buy 2 Get 1),1
ORD002870,Vim Bar Lemon-125gm,1
ORD002870,White bread Big-500gm,1
ORD002872,Chicken Tikka Kabab-10Pcs,1
ORD002872,Cock Roast (Deshi)-PC,1
ORD002872,CP Chicken Nugget-320g,1
ORD002872,D.Lexus Vegetable-240g,1
ORD002872,Gulsha Fish(Small)-(HB),1
ORD002872,Lexus Veg.Cracker Biscuit-240g,1
ORD002872,Minister One Wash Detergent Lemon-500gm,1
ORD002872,Olympic Tim Tim Orange Bis-272g,1
ORD002872,Pabda Fish (Small) (HB),1
ORD002872,Pran Mix Fruit Jam-500g,1
ORD002872,Prince Jhal Toast-350gm,1
ORD002872,Prosperity Nodles Carrot,1
ORD002872,Radhuni Fish Cury Masla-100g,1
ORD002872,Remia Garlic (All)-250ml,1
ORD002872,Shole Fish Big (THR),1
ORD002872,Vim Bar Lemon-125gm,1
ORD002928,ACI Pure Salt-1Kg,1
ORD002928,Bele Fish (Big)-(MNK),1
ORD002928,Capsicum Green,1
ORD002928,Ch Silicone Brush Set-88(5/23),1
ORD002928,Cinnamon-100g (Daruchine),1
ORD002928,Foli Fish,1
ORD002928,Garlic China Big-(kg),1
ORD002928,Golda Fish XL,1
ORD002928,Golden Raising-100gm(Kismis),1
ORD002928,Mediplus DS Toothpest-90g,1
ORD002928,Nivea Creme - 30ml,1
ORD002928,Radhuni Garam Masala-40gm,1
ORD002928,Teer Sugar-1Kg,1
ORD002928,Usta(kg),1
ORD002830,Al- Ans SUGAI Dates kg-(Loose),1
ORD002832,Ch Water Pot M- (4/23),1
ORD002832,Ch.Lead Knob JM-8016(5/23),1
ORD002832,China Glass Stand (5/23),1
ORD002832,China Singal Bati BJ2327 (4/23),1
ORD002832,Ma SS Glass -501,1
ORD002832,Shan Chaat Masala-100gm,1
ORD002923,Black Pepper(Chili)-50g,1
ORD002923,CBL Munchee Lemon Wafer-100g,1
ORD002923,CBL Munchee Vanilla Wafer-50g,1
ORD002923,Chepa Shutki-100gm,1
ORD002923,Food Grade Colour-50g,1
ORD002923,Hot Pran Tomato Sauce-500gm,1
ORD002923,Kachki Shutki-100gm,1
ORD002923,Musur Pulse Kangaroo -1Kg (sp),1
ORD002923,Nut Meg 50g(Joy Fall),1
ORD002923,Pesta Nut-50g,1
ORD002923,Shole Fish Big (THR),1
ORD002923,Shrimp Fish( Galda Small)-(TR),1
ORD002923,Tomato Sour Deshi-B (kg),1
ORD002926,Ayir Fish (Big)-(HB),1
ORD002926,Bath Sponge (Dhundul)-kg,1
ORD002926,Coriander Leaf Pcs-100gm,1
ORD002926,Green Chilli(kg),1
ORD002926,Ladies Finger (Vendi)-kg,1
ORD002926,Mace (Jotric) -50g,1
ORD002926,Pigeon-1PC,1
ORD002920,Lifebuoy Health Soap (Mild) Care-100g,1
ORD002920,Teer Soyabean Oil-1Ltr,1
ORD002918,Aquafina Drinking Water- 500ml,1
ORD002918,Cassia Leaf-100gm (Tespata),1
ORD002918,Lassa Special Semai-500g(Pkt),1
ORD002918,Madina VIP Morium Dates -Kg(Loose),1
ORD002918,Mixed Masalla-100gm,1
ORD002918,Pistachion-50gm(Pasta Dana),1
ORD002918,Radhuni Kachchi Biriyani Masala-40g,1
ORD002921,London Boy Vest S / M / L -08,1
ORD002921,Mediplus Gel Paste-100gm,1
ORD002921,Teer Soya Oil 2Lt(Bottle),1
ORD002925,Aarong Yogurt Sour Curd-500gm,1
ORD002925,Brinjal Long (Thin)-kg,1
ORD002925,CBL Munchee Cream Chocolate Wafer-200g,1
ORD002925,Ch.S.Kitchen Chimta (5/23),1
ORD002925,China Cloth Clip 16.P Set (5/23),1
ORD002925,China Spoon 6pcs Set(05/23),1
ORD002925,Fruit Jam(Morobba)-200g,1
ORD002925,Hide & Seek BiscuitsChoco chip C.Sandwiches 120g,1
ORD002925,Hilsha Fish(Small)-Pcs(Sajah),1
ORD002925,Kachki Fish (THR),1
ORD002925,Lifebuoy Handwash Lemon Fresh-200ml,1
ORD002925,Tomato L.C(kg),1
ORD002924,Coca Cola-2.25Lt(Pet),1
ORD002924,R.Chanachur Premium Mix-200g,1
ORD002924,Super Refined Naphthalene +/- 50P,1
ORD002929,Bacha Boot Pulse 1Kg,1
ORD002929,Prince Fresh Eggs Red (12Pcs Box),1
ORD002929,Pusti Deshi Red Lentils(Mushur Dal) -1Kg,1
ORD002929,Super Refined Naphthalene +/- 200g,1
ORD002930,Milk Bread Small-300gm,1
ORD002930,Prince Ovaltin Cake(B),1
ORD002930,White bread Small-300gm,1
ORD002831,Ch. Cutting Board(05/23),1
ORD002831,Ch.Hanger 5 Pcs Set-6106 (4/23),1
ORD002831,Cow Lever-K,1
ORD002869,Fanta Soft Drink- 600ml,1
ORD002869,Good Life Mozarella Cheese-370gm,1
ORD002973,Dried Chilli-200gPkt,1
ORD002973,Garlic China Big-(kg),1
ORD002973,Musur Pulse Kangaroo -1Kg (sp),1
ORD002973,Onion Deshi(New)-kg,1
ORD002973,Potato Deshi New-1kg,1
ORD002973,Universe Khata Spiral-200page,1
ORD002973,Wheel 2in1 Clean & Fresh Powder-1Kg,1
ORD002974,Aarong Sour Yogurt-500gm,1
ORD002974,B Toilet Tissue Extra Saving Pack 4Rolls,1
ORD002974,Fresh Atta-2kg,1
ORD002974,Fresh Maida-2kg,1
ORD002974,Perfumed Facial Tissue - 200Sheet,1
ORD002974,Prodentalb Precision Toothbrush,1
ORD002974,Radhuni Mejbani Beef masala-68g,1
ORD002974,Savory Kala Bhuna Masala-80gm,1
ORD002974,Teer Sugar-1Kg,1
ORD002974,White Pepper(Chili)-50g,1
ORD003150,Chicken Deshi Cock (Live),1
ORD003150,Diploma Milk Powder-500g,1
ORD003150,GH Chicken Nuggets-300gm,1
ORD003150,GH Spicy Chicken Sausage-340gm,1
ORD003150,Mirzapore Best Leaf-200gm,1
ORD003150,Special Quality Biscuit 400g Pot (Bk),1
ORD003155,Baqarah Pasteurized Milk- 1L,1
ORD003155,Frutika Mango Fruit Drink-200ml,1
ORD003156,Aarong Sliced Cheese Peri Peri-204g,1
ORD003156,Burger Bread 2pcs Pack,1
ORD003156,CBL Munchee Vanilla Wafer-50g,1
ORD003156,China Floor Mat (4/23),1
ORD003156,Madina VIP Morium Dates-500gm,1
ORD003156,Raisin Sesame Bread- 320g,1
ORD003159,Grapes (Red),1
ORD003159,Milk Vita Liquid Milk-1Ltr,1
ORD003159,Mini Burger Bread-4pcs 160gm,1
ORD003159,Morium Special Dates-Kg(Loose),1
ORD003159,Queens Custard Bread- 90g,1
ORD003204,KurKure Naughty Tomato 37gm,1
ORD003204,Nescafe Classic Jar-25gm,1
ORD003204,Prince Plain Cake(B),1
ORD003204,Roja Shrimp Samosa - 240gm,1
ORD003204,Roja Shrimp Sticks- 240g,1
ORD003204,Sajeeb Kolson Vermicelli Semai (B2G1),1
ORD003204,Sufia Comb-07,1
ORD003204,UHT Chocolate Milk-200ml,1
ORD003204,Yardly Perf.Talc Powder-250gm,1
ORD003198,Beef Bone Full,1
ORD003198,Cabbage-Pc,1
ORD003198,Sweet Pumpkin(kg),1
ORD003203,Arla Sandwich Slice- 200gm,1
ORD003203,China Soft Ball (4/23),1
ORD003203,Queens Burger Bread (BUN)- 250g,1
ORD002817,Jafran,1
ORD002817,Mutton,1
ORD002817,Piller,1
ORD002817,Tawa,1
ORD003158,Bisk Club Potata Biscuit- 100g,1
ORD003158,Discovery Vite 400gm - B1G1,1
ORD003158,Prince Cream Bread Bon,1
ORD003158,Quality Premiun Paratha 20Pcs-1300g,1
ORD003200,Chicken Spring Roll - 250gm,1
ORD003200,Cucumber Deshi (kg),1
ORD003200,Green Mango(kg),1
ORD003200,Jhatpot Mini Samosa-250gm Chicken,1
ORD003200,Thai Papaya Ripe Red Lady,1
ORD003246,C.N Chicken Sausage 300gm,1
ORD003246,C.N. Chicken Spicy Lollipop-400gm,1
ORD003246,Ruchi Garlic Sauce-350gm,1
ORD003246,Thai Papaya Ripe Red Lady,1
ORD003317,Alu Bukhra-200gm,1
ORD003317,Bashu Facial Tissue 240Sheet,1
ORD003317,Chashi Aromatic Chinigura Rice-1Kg,1
ORD003317,Dreem Choco Food Color/Essence-28ml,1
ORD003317,Garnier Men Tarbo Bright -50gm,1
ORD003317,Nido FCMP BIB-350g,1
ORD003317,Pandene Total Damage Care Shampoo- 180ml,1
ORD003317,Pepsodent Gum Care-140g,1
ORD003317,Pran Hot Tomato Sauce(1000g),1
ORD003317,Prince Sour Curd-1kg,1
ORD003317,White Kazu Badam(Special)-100gm,1
ORD003403,Alu Bukhra-100g,1
ORD003403,Cardmom-50gm(Alachi),1
ORD003403,Golden Raising-100gm(Kismis),1
ORD003403,Mixed Masalla-100gm,1
ORD003403,Olympic Nutty Biscuits 80g,1
ORD003403,R.Spices(Turmaric)-100g,1
ORD003403,Radhuni Kheer Mix 150gm,1
ORD003403,Radhuni Mejbani Beef masala-68g,1
ORD003403,Radhuni Spices (Corinder)-100gm,1
ORD003403,Tip Biscuit - 60gm,1
ORD003438,Aarong Butter Salted-100gm,1
ORD003438,CP Chicken Hot Sausage- 400g,1
ORD003438,Marks Milk Shake AS-200ml,1
ORD003438,Puck Cream - 160gm,1
ORD003438,Ramisa Fried Cocunut-100g,1
ORD003438,Secret Women Deo Roll-On 50ml (Rasasi),1
ORD003438,Starship Chocolate Milk-200ml,1
ORD003438,Sun Prawn Crackers Chips - 20gm,1
ORD003453,Bas. Kitchen Towels 1Roll,1
ORD003453,Bashundhara Paper Napkin-100p,1
ORD003453,Beef Bone Full,1
ORD003453,Fresh Paper Napkin 100pcs,1
ORD003453,Lux Jasmine & Vitamin E Soap-150g,1
ORD003453,Lux Rose Soap-150gm,1
ORD003457,Bomby Chilli-5Pcs,1
ORD003457,Chicken (B-Skin Less),1
ORD003457,Green Chilli(kg),1
ORD003457,Ladies Finger (Vendi)-kg,1
ORD003457,Lati Thik(Kg),1
ORD003457,Onion Deshi(New)-kg,1
ORD003457,Prince Fresh Eggs Red (12Pcs Box),1
ORD003457,Shrimp Fish Bagda,1
ORD002927,London Boy Vest M-18,1
ORD003385,Polar Choco Crombo Ice Cream-1ltr,1
ORD003385,Prince Ovaltin Cake(B),1
ORD003386,Aseel Veg Ghee-500,1
ORD003386,Cocola Egg&Chicken Noodles-Family Pack,1
ORD003456,ACI Pure Salt-1Kg,1
ORD003456,Bacha Boot Pulse 1Kg,1
ORD003456,Finlay Tea Gold-400g,1
ORD003456,Fresh Atta-2kg,1
ORD003456,Fresh Lexus Cracers-204 gm {B2G1},1
ORD003456,Improved Jet- 200gm Pack,1
ORD003456,Jhok Mok Dish Wash Bar 100g B3 G1,1
ORD003456,Meril Splash Milk & Kiwi Soap-100gm,1
ORD003456,Meril Splash Milk Soap-100gm,1
ORD003456,Mug Pulse (Sona)-500gm,1
ORD003456,Musur Pulse Deshi-1Kg,1
ORD003456,Parboil (Potol)-kg,1
ORD003456,Safe Hand Liquid Hand Wash 180ml B2 G1,1
ORD003456,Snack Guard (Chichinga)-kg,1
ORD003566,Blue Lady Body Spary-200ml,1
ORD003566,Chashi Aromatic Chinigura Rice-1Kg,1
ORD003566,Kazi Chicken Samosa-250g,1
ORD003566,Royal Mirage Scent-120ml,1
ORD003566,Vim Bar Lemon-125gm,1
ORD003567,Buldak Noodles (All),1
ORD003567,Foster Clarks Mango- 250gm,1
ORD003567,Gulsha Fish(Small)-(HB),1
ORD003567,Hilsha Fish-Medium-Pcs,1
ORD003567,Maggi 2min Masala-248g (Jumbo),1
ORD003567,Neutrogena Refreshingly C F Wash- 200ml,1
ORD003567,Treseme Hair Fall Conditionar -190ml,1
ORD003571,Curry Powder-100gm BIB,1
ORD003571,Jhatpat Paratha Low Fat-10Pcs,1
ORD003571,Queens Egg Bread- 125g,1
ORD003571,Sweet Pumpkin(kg),1
ORD003573,Bele Fish Small,1
ORD003573,Fortune BS ELG Basmati Rice 1kg,1
ORD003573,Radhuni Panchforon-50g,1
ORD003573,Radhuni Spices (Corinder)-100gm,1
ORD003573,Top Tasting Salt-100g,1
ORD003573,Vim Bar 300g (Lemon),1
ORD003575,Amra(kg),1
ORD003575,Calender Pineapple,1
ORD003575,Garlic China Big-(kg),1
ORD003575,Ifad Kaju+Cho+D-220g B3 G1 Orange Free,1
ORD003575,Ifad Plain Toast-350g,1
ORD003575,Olympic Daily Toast Biscuits-210gm,1
ORD003575,Thai Guava,1
ORD003572,Mirzapur Tea Bag-100gm,1
ORD003572,Puffed Puffed Rice-250gm,1
ORD003574,Dust Rice(Atob)-1KG,1
ORD003574,Ginger Barmiz-(Kg),1
ORD003574,Green Chilli(kg),1
ORD003574,Hot Pran Tomato Sauce-500gm,1
ORD003574,Lemon White Detergent Powder B3G1 -500Gm,1
ORD003574,Nescafe Creamy Latte- 6Pcs-18g,1
ORD003574,Pepsodent Gremichek+ Toothpaste-100gm,1
ORD003574,Prince Dragon Egg Noodles - 300gm,1
ORD003574,Sajeeb Soya Sauce-300ml,1
ORD003574,T.Ice Cool Talc-100gm,1
ORD003647,Dettol Original Soap-125g,1
ORD003647,Lux Velvet Glow Soap-100g,1
ORD003647,Sunsilk conditioner Perfect Straight-80m,1
ORD003661,Gillette Blue-II Razor,1
ORD003661,Hot Pran Tomato Sauce-500gm,1
ORD003640,Orna House HIjab Orna-082,1
ORD003640,Prince Sour Curd-500gm,1
ORD003640,Pusti Aromatic Chinigura Rice - 1000g,1
ORD003643,Aarong Yogurt Sour Curd-500gm,1
ORD003643,Cumin-100g,1
ORD003643,Longkou Rice Vermicelli- 250g,1
ORD003643,Pran Aromatic Rice-2kg,1
ORD003643,Shan Karachi Beef Biryani -60g,1
ORD003658,Muslim Jhal Nimki-200g,1
ORD003658,Prince Dragon Egg Noodles - 300gm,1
ORD003658,SCL Groome Eyebrrow& Facial Razor,1
ORD003663,Chopstick Desi/Yumy Masala Noodles-4pack,1
ORD003663,Magica Choco Fills Cookies Biscuit-220gm,1
ORD003663,Milk Vita Liquid Milk-1Ltr,1
ORD003663,Savlon Lemon Burst Soap -100g,1
ORD003652,Chowa Gamsa-521,1
ORD003652,Dettol Original Soap-125g,1
ORD003652,Fay Multi Fold Towels - 150pcs,1
ORD003652,Lux Soft Glow Jasmine Soap-75gm,1
ORD003652,Sensodyne Toothbrush Soft,1
ORD003638,ONN Mens Vest-001,1
ORD003638,Rupa Underwire -08,1
ORD003641,Aarong Butter Salted-100gm,1
ORD003641,Aci Pure Mustard Oil 1000ml,1
ORD003641,Dettol Cool Soap -125gm,1
ORD003641,Laita Shutki-200g,1
ORD003641,Olio Orolio Massage Oil-150ml,1
ORD003641,Parachute Coconut Hair Oil-200ml Jar,1
ORD003671,Cucumber (Hybrid)-kg,1
ORD003671,G H. Chicken Shami Kabab - 250gm,1
ORD003671,Pringles Cheesy Cheese-134g IDC,1
ORD005120,Fry Pan Without Lid-16cm,1
ORD005120,Kachki Fish (THR),1
ORD005120,Shrimp Fish (River)kg,1
ORD005252,Bata Fish(Small),1
ORD005252,Borboti(kg),1
ORD005252,Faysal Birthday Balloons- 04,1
ORD005252,Green Chilli(kg),1
ORD005252,Odofresh Toilet Cleaner-500ml,1
ORD005252,Onion Deshi(New)-kg,1
ORD005252,Potato Deshi New-1kg,1
ORD005252,Rin Advanced-2kg,1
ORD005252,Rui Fish (S1)-(MNK),1
ORD005253,Chocolate Digestive 145gm,1
ORD005253,CP Chicken Stick-250g,1
ORD005253,Fresh Fantasy Chocolate Biscuits-75g,1
ORD005253,Jhatpat Deshi Paratha (20P)-1300g,1
ORD005253,Olympic Tim Tim Pineapple Cream Bis-272g,1
ORD005253,Pusti HT Energy Biscuit -180g,1
ORD005253,Pusti HT Horlicks Biscuit -270g,1
ORD002976,Bath Sponge (Dhundul)-kg,1
ORD002976,Brinjal Long (Thin)-kg,1
ORD002976,Chicken Deshi (Pakistani) Cock,1
ORD002976,Coca Cola-2.25Lt(Pet),1
ORD002976,Grapes (Red),1
ORD002976,Mountain Dew-600ml Pet,1
ORD003021,RICHO Printer 2023,1
ORD003021,Vaseline Body Lotion 100ml,1
ORD002916,Apple Green,1
ORD002916,Eel Fish( Bayng)-Big (HB),1
ORD002916,Hilsha Fish-XL-(MNK)-Pcs,1
ORD002972,Boal Fish Small (HB),1
ORD002972,Kachki Fish (THR),1
ORD002972,Pure it Micro Fiber Mesh,1
ORD002972,Puti Fish (Deshi) (HB),1
ORD002972,Rui Fish-M-(MNK),1
ORD002972,Shole Fish Big (THR),1
ORD003019,Jafran,1
ORD003157,Queens Burger Bread (BUN)- 250g,1
ORD003157,Snickers -50gm(Buy 2 Get 1 Free),1
ORD003248,Amul Dark Chocolate-150g,1
ORD003250,China Kitchen piller-04,1
ORD003250,Fair & Lovely G&L BB Cream-40g,1
ORD003250,Filo Sheet(Pasty Sheet)-30Pcs,1
ORD003250,GR Body Mist -200ml All,1
ORD003250,Nivea B.Lotion Intensive Moisture-400ml,1
ORD003250,Prince Super Vermichelli Semai-150gm,1
ORD003384,ACI Aerosol 475ml,1
ORD003384,Glucon-D Regular- 500g Jar.,1
ORD003650,Cardmom-50gm(Alachi),1
ORD003650,Shan Malay Chicken Biryani-60g,1
ORD003646,Rupchada Soyabean-3Lt(PET),1
ORD003662,Fresh Chinigura Rice-1kg,1
ORD003662,R.Spices(Turmeric)200gm,1
ORD003662,Teer Sugar-1Kg,1
ORD003639,Aarong Pasturized Liquid Milk-1Ltr Reg.,1
ORD003639,Akher Sugar -1kg,1
ORD003639,Dettol Fresh Odour protection Lemon-125g,1
ORD003639,EM Pasta Penne-400gm,1
ORD003639,Facial Soft Pack Tissue -400Sheet,1
ORD003639,Nescafe Classic Jar-25gm,1
ORD003639,R. Flavouring Essence Vanilla-28ml,1
ORD003639,Radhuni Kala Bhuna Masala 80gm,1
ORD003639,Saad Monosodium G Foil Pack- 100g,1
ORD003639,Savory Roast Masala- 35g,1
ORD003639,Wheel Laundry Soap 125g,1
ORD003642,Vermicelli Samai-200gm,1
ORD003656,Colgate Sttong Toothpaste-175gm,1
ORD003656,Lux Jasmine & Vitamin E Soap-150g,1
ORD003656,Lux Velvent Glow Jasmine Soap-100gm,1
ORD003656,Rin Advanced-2kg,1
ORD003670,China Kata Ball(05/23),1
ORD003670,Kodomo Head To Top Wash-200ml,1
ORD003670,Meril Baby T.Paste+Brush 45gm,1
ORD003761,Dalpuri,1
ORD003761,Hot Mug,1
ORD002922,Fanta orange-1L,1
ORD002922,Mango Himsagor-kg,1
ORD003202,Madina VIP Morium Dates -Kg(Loose),1
ORD003202,Mango Langra,1
ORD003247,Dream Food Colour(Red)-28ml,1
ORD003249,Fruits Wax Hair Color (Chery Red),1
ORD003655,Cocola Egg & Chicken Noodles - 500gn,1
ORD003655,Fay Facial Tis-150Pcs 300Sheets,1
ORD003655,Rupchanda Soyabean-5Ltr,1
ORD003655,Teer Atta 2kg,1
ORD003664,Musur Pulse Kangaroo -1Kg (sp),1
ORD003664,Pusti Atta -2kg,1
ORD003669,Beef Bone Full,1
ORD003669,Chicken Jali Kabab 10pcs- 300g,1
ORD003669,Radhuni Biriyani Masala-40g,1
ORD003840,Hot Mug,1
ORD003840,Jafran,1
ORD003840,Piller,1
ORD003840,Tawa,1
ORD004216,Akher Sugar -1kg,1
ORD004216,Beef Bone Full,1
ORD005968,BD Tomato Sauce-340gm,1
ORD005968,Bele Fish Small,1
ORD005968,Bomby Chilli-5Pcs,1
ORD005968,CBL Munchee Choco Kalo-100g,1
ORD005968,Fresh Refined Sugar-1000gm,1
ORD005968,Fruit Jam(Morobba)-200g,1
ORD005968,Hilsha Fish Big-(MNK)-Pcs,1
ORD005968,Karfu Fish Big,1
ORD005968,Man Kanchu(Deshi) 1Pc,1
ORD005968,Muslim Masala Badam-100g,1
ORD005968,Musur Pulse Kangaroo -1Kg (sp),1
ORD005968,Pistachion-50gm(Pasta Dana),1
ORD005968,Pizza Bread-225gm,1
ORD005968,Poa Fish Small-(Deshi),1
ORD005968,Shrimp Fish (River)kg,1
ORD005968,Sweet Pumpkin(kg),1
ORD005968,Tengra Fish,1
ORD005968,Tomato L.C(kg),1
ORD005964,Barley For Eating-200gm,1
ORD005964,Black Pepper(Chili)-50g,1
ORD005964,Cardmom-100gm(Alachi),1
ORD005964,Cinnamon-100g (Daruchine),1
ORD005964,Maggi Saad -E -Magic S Mix-48g,1
ORD005964,Radhuni Spices Cumin-100gm,1
ORD005964,Snickers Chocolate-50gm,1
ORD005966,Memory Masala Badam 200g,1
ORD005966,Parodontax Toothpaste-75gm {Ultra Clean},1
ORD005966,Pepsodent Crcol & L Toothpowder-100g,1
ORD005966,Prince Orange Jelly-250gm,1
ORD005966,Shrimp Fish Small (THR),1
ORD005965,Apple Fuji,1
ORD005965,Churi Shutki Big-200gm,1
ORD005965,Dragon Durable Coil Lemon Flavour-10Pcs,1
ORD005965,Fanta orange-1L,1
ORD005965,Laita Shutki-200g,1
ORD005965,Laitta Fish,1
ORD005965,Malta (Yellow)-kg,1
ORD005965,Mouse Glue Trap,1
ORD005965,Pangas Fish Small (River),1
ORD005962,Aarong Sliced Cheese Classic- 204g,1
ORD005962,Ayir Fish (Medium )-(HB),1
ORD005962,Chanachur(Special)-300gm,1
ORD005962,Chira-500g,1
ORD005962,Cow Stomach-K,1
ORD005962,Diamond Special Nazir Rice-kg,1
ORD005962,Fresh Lexus Cracers-204 gm {B2G1},1
ORD005962,Ginger Barmiz-(Kg),1
ORD005962,Golden Raisin (Kismis)-200gm,1
ORD005962,Morium Speacial Date-1kg,1
ORD005962,Mutton (Lever),1
ORD005962,Seven Choco Bean,1
ORD005962,Teer Suji 500gm,1
ORD005962,Tokmadana-200gm,1
ORD005962,Vermicelli Samai-200gm,1
ORD005967,Al- Ans Safavi Sp Dates-500gm,1
ORD005967,Cabbage-Pc,1
ORD005967,Cadbury Choclairs-192g,1
ORD005967,Eye Of Arum(Tall) (Kachurmukhi)-kg,1
ORD005967,G.Aer Car Freshner Lavender Bloom-10gm,1
ORD005967,G.Aer Power Pocket GP Floral Delight-10g,1
ORD005967,G.Aer Power Pocket GP Fresh Blossom-10g,1
ORD005967,Hup Seng C Cracker - 225g,1
ORD005967,Prince Bread(Special)-400g,1
ORD005967,Queens Kaya Bread- 90g,1
ORD005967,Rui Fish (XL)-(River),1
ORD005967,Savlon Lemon Burst Soap -100g,1
ORD005967,Snack Guard (Chichinga)-kg,1
ORD006095,Apple(Gala),1
ORD006095,Prince Bread(Suger Free)-400g,1
ORD009846,Alu Bukhra-100g,1
ORD009846,Chicken Meat Ball-250gm,1
ORD009846,Golden Raising-100gm(Kismis),1
ORD009846,Kath Badam-100g,1
ORD009846,Mountan Dew-250ml Can,1
ORD009846,Prince Mixed Pulse-1Kg,1
ORD009846,Radhuni Haleem Mix 200Gm,1
ORD009846,Savory Biryani Masala-40g,1
ORD009846,Tamarind Sora Special Wrapping,1
ORD009848,Akher Sugar -2kg,1
ORD009848,Boot Pulse(Broken)1Kg,1
ORD009848,Cardmom-50gm(Alachi),1
ORD009848,Cow Stomach-K,1
ORD009848,Golden Raisin (Kismis)-200gm,1
ORD009848,Haribo Happy Grapes Candy- 80g,1
ORD009848,Kolson Special Lascha-200g,1
ORD009848,Lassa Special Semai-500g(Pkt),1
ORD009848,Meril Baby Toothbrush (Panda),1
ORD009848,P.Drinko Float Lichi Drink-250ml,1
ORD009848,Pepsodent Strawberry Toothpaste-45g,1
ORD009848,Pesta Nut-100g,1
ORD009848,Prince Lacha Samai-200g(Pkt),1
ORD009848,Radhuni Biriyani Masala-40g,1
ORD009848,Radhuni Tehari Masala-45g,1
ORD009848,Shakti Mango Doi 80g,1
ORD009848,White Kazu Badam(Special)-100gm,1
ORD009849,CP Chicken Hot Sausage- 400g,1
ORD009849,CP Spicy Chicken Ball-500g,1
ORD009849,Dabur Red Paste-200gm,1
ORD009849,Katol Fish XXL (Kata),1
ORD009849,Kazi & Kazi Green Tea-60gm,1
ORD009849,Longkou Rice Vermicelli- 250g,1
ORD009849,Ruchi Alu-Bukhara Pickle-200g,1
ORD009849,Snickers Chocolate-50gm,1
ORD009849,Twinings Green Tea-40gm,1
ORD009849,Vermicelli Samai-200gm,1
ORD009850,Hilsha Fish Large- 1Kg+,1
ORD009850,Kazi Chicken Spring Roll-250g,1
ORD009850,Prince Betel Spice 100gm,1
ORD009850,Q Chicken Crispy Meat Ball-360g,1
ORD009845,AG Jumbo Vegetable Singara 10p-400g,1
ORD009845,Madina Azoa VIP Dates-500gm,1
ORD009845,Milk Vita Labang-250ml,1
ORD009845,Milk Vita Matha-250ml,1
ORD009845,Pran Jhatpot Chicken sausages 250g,1
ORD009845,Pran Jhatpot French Fry- 500g,1
ORD010355,Beef Bone Full,1
ORD010355,Cow Lever-K,1
ORD010355,Cow Stomach-K,1
ORD016899,Fantastic Biscuit,1
ORD016899,Fresh Soyabean Oil,1
ORD018707,Aquafina Drinking Water- 500ml,1
ORD018707,Chicken (B-Skin Less),1
ORD018707,YC Facial Scrub Papaya-175ml,1
ORD003651,Sunsilk Thick & Long Shampoo-330ml,1
ORD005026,AG Chicken Meat Ball Spicy-250g,1
ORD005026,Faysal Party Spray-06,1
ORD005026,Treseme Hair Fall Conditionar -190ml,1
ORD009847,Apple Fuji,1
ORD009847,Mutton (Head),1
ORD009847,Mutton (Lever),1
ORD009847,Tengra Fish,1
ORD010809,ACI Aerosol 475ml,1
ORD010809,China Doll Toy(05/23),1
ORD010809,Pastiano Pasta Maja Macaroni poly -250gm,1
ORD010809,Pringles Potato Crisps -158g (All),1
ORD010809,Q Chicken Crispy Meat Ball-360g,1
ORD010809,Queens Nun Bread- 250g,1
ORD010809,Roja Butterfly Shrimps- 200g,1
ORD010809,Spring Air Fershner Flora-300ml,1
ORD010809,Yokozona Twisty Goodness Crackers-60g,1
ORD015427,CBL Munchee Choco Finger 192gm,1
ORD015427,China Can Opener (5/23),1
ORD015427,Flat Noodles - 180gm {C. Masala},1
ORD015427,G.Aer Car Freshner Lavender Bloom-10gm,1
ORD017749,Aarong Sweet Yogurt-500gm,1
ORD017749,Malta (Yellow)-kg,1
ORD005961,Aquafina Drinking Water- 500ml,1
ORD005961,Lakme Eyeconic Kajal,1
ORD020767,Bio Active Lavello Lip Th-3.2g,1
ORD020767,Brooke Bond Taaza Tea- 400gm,1
ORD020767,China Medicine Box(5/23),1
ORD020767,Cinnamon-200g (Daruchine),1
ORD020767,Coca Cola Classic 320ml (Can),1
ORD020767,Fanta Grape -320ml,1
ORD020767,Hubba Bubba Mega Gum-56gm,1
ORD020767,Lacys Aluminium Foil(45cmx7.6m)-37.5SFt,1
ORD020767,Milk Soft Chewy Candy(B2-G1 Free)- 50g,1
ORD020767,MP Thai Kakra Clip-022,1
ORD020767,Nutkao D S Cocoa & Hazelnuts-200g,1
ORD020767,Parachute Coconut Oil-350ml,1
ORD020767,Pran Mango Milk -200ml,1
ORD020767,Sunsilk Black Shine Shampoo-330ml,1
ORD020769,Angelic Fresh 300ml(Citrus),1
ORD020769,Bashundhara Atta-2kg,1
ORD020769,Beef Italian Sausage 280gm,1
ORD020769,Buldak Noodles (All),1
ORD020769,China Green Majuni(4/23),1
ORD020769,Dettol Soap 75g B3 G 30tk OFF,1
ORD020769,Diamond Aluminum Foil-37.5 ft,1
ORD020769,Fresh Refined Sugar-1000gm,1
ORD020769,Green Chilli(kg),1
ORD020769,Kazi Chicken Sausages (Spicy)-340gm,1
ORD020769,Lifebuoy Care Hand Wash-200ml,1
ORD020769,Lifebuoy Lemon Hand Wash-200ml,1
ORD020769,Muslim Jhinuk-200g,1
ORD020769,Pran Chocolate Milk -200ml,1
ORD020769,Tomato L.C(kg),1
ORD020769,Treseme B Nourish & Rep. Shampoo-580ml,1
ORD020769,Usta(kg),1
ORD020769,Vim Liquid Dish Wash-500ml,1
ORD020772,Chepa Shutki-100gm,1
ORD020772,China Toilet Brush (4/23),1
ORD020772,Dolphin Nata De Coco Cup(All Flv.)-270ml,1
ORD020772,Dry Puti Shutki 100gm,1
ORD020772,Fatema Bamboo Tray B-057,1
ORD020772,Mola Shutki-100gm,1
ORD020772,Nona Hilsha Shutki,1
ORD020772,Sanjida Knife Holder-091,1
ORD020772,Sanjida Stone Piri-058,1
ORD020772,Sanjida Wooden Beloon-057,1
ORD020772,Sanjida Wooden Body Masaj-58,1
ORD020772,Sanjida Wooden Dabu Spoon -54,1
ORD020772,Sanjida Wooden Khunti-51,1
ORD020772,Shokti Strawberry Delight- 80g (Adult),1
ORD019602,Chui Jhall-100g,1
ORD019602,Farlin Silicon Nipple in Jar Size-L,1
ORD019602,Faysal Fairy Wings-09,1
ORD019602,Kabab Sugar-50gm,1
ORD019602,Ligion Active Cone Mehedi-35g,1
ORD019602,Music S C Feeding Bottle (01101)-240ml,1
ORD019602,Shahi Cumin-50gm,1
ORD019602,Star Masalla--50g,1
ORD021354,Barley Arrarot-200mg,1
ORD021354,Radhuni Fish Cury Masla-100g,1
ORD021354,Saad Hot Tomato Sauce-500gm,1
ORD021440,Mama Hot & Spicy Cup Noodles-62g,1
ORD021440,Mama Shrim Tom Yum Noodles-60g,1
ORD021440,Mama Spicy Seafood Cup Noodles-65g,1
ORD021440,Palletoss Gol Gappa 500gm,1
ORD021438,Aarong Butter Salted-100gm,1
ORD021438,ACI Pure Salt-1Kg,1
ORD021438,Akher Sugar -1kg,1
ORD021438,Frutika Mango Juice-250ml,1
ORD021438,P.Frooto Mango Juice-250ml,1
ORD021438,Teer Atta 2kg,1
ORD021438,Teer Suji 500gm,1
ORD021926,Haribo Goldbears Candy-30gm,1
ORD021926,Quality Baby Cap-06,1
ORD024182,Bounce Choco Cream Biscuits-32gm,1
ORD024182,Ch Water Pot M- (4/23),1
ORD024182,Dark Chocolate Digestive-130g,1
ORD024182,Motor Vaja-15g,1
ORD024182,Queens Burger Bread (BUN)- 250g,1
ORD025705,Carrot (China)-kg,1
ORD025705,Parboil (Potol)-kg,1
ORD025705,Queens Egg Bread- 125g,1
ORD025700,China Clay Toy- (4/23),1
ORD025700,China Soft Ball (4/23),1
ORD025700,GG Ribbon -5,1
ORD025945,Barley For Eating-200gm,1
ORD025945,Chia Seed (Dana) New-100g,1
ORD025945,Lakme Kajal Eye Co Nic-0.35g,1
ORD025945,Maggi Soup Thai- 35g 4Pcs Combo,1
ORD025945,R. Flavouring Essence Vanilla-28ml,1
ORD025945,Technic Mega Lash-14ml,1
ORD024181,Pepsodent Orange Toothpaste-45g,1
ORD024181,Prince Lacha Samai-200g(Pkt),1
ORD024181,Sensodyne Deep Clean Toothpaste-70g,1
ORD025708,Discovery Peanut Butter S&C-510g,1
ORD025708,Mini Singara-600g,1
ORD025702,China Baby Rabit Toy (5/23),1
ORD025702,Kelloggs Chocos -110g,1
ORD025702,Odonil Air Freshner Jasmine Mist- 48gm,1
ORD025702,Odonil Air Freshner Lavender Meadows- 48gm,1
ORD025702,Sticker,1
ORD025946,Bashun Paper Towel - 250Pcs,1
ORD025946,CP Spicy Chicken Ball-500g,1
ORD025946,Finlay Gold Tea-100g-50Bags,1
ORD025946,Harpic All in one Powder-400gm,1
ORD025946,Harpoon Toilet Cleaner- 750ml,1
ORD025946,HRC Clevedon Tea-400gm Poly,1
ORD025946,Maggi Masala Noodles 12Pcs-744g,1
ORD025946,Mediplus T/P -140gm DS,1
ORD025946,Mirzapur Tea Bag-100gm,1
ORD025946,Oregano Bottle-10gm,1
ORD025946,Oregano Leaves- 10g,1
ORD025946,Surf Exel 1KG Bye2 Get Vim 250ml Free,1
ORD025946,Teer Premium Lodized Salt- 1kg,1
ORD025946,Vim Bar 300g (Lemon),1
ORD025946,Vim Dishwash Liquid- 1L,1
ORD025946,Wheel 2in1 Clean & Fresh Powder-1Kg,1
ORD025944,B Toilet Tissue Extra Saving Pack 4Rolls,1
ORD025944,Bashundhara Paper Napkin-100p,1
ORD025944,C.Tuna Vegetable Oil-165gm,1
ORD025944,Fresh Premium Tea-400gm,1
ORD025944,Pepsodent Fresh-140g,1
ORD025944,Pran hot Tomato Sauce-1000gm Jar,1
ORD025944,Quality Premiun Paratha 20Pcs-1300g,1
ORD025944,RFL Pure Rtg Container 400ml- Assorted,1
ORD025944,Sandalina Sandal Soap-125gm,1
ORD025944,Seylon Gold Bland Tea Bag- 100g,1
ORD025944,Sunsilk Black Shine Shampoo-330ml,1
ORD025944,Sunsilk conditioner Perfect Straight-80m,1
ORD026066,AS Liquid Silicone Pacifier,1
ORD026066,Baby Sipper Cup Mom Pot:AB-301001WB,1
ORD026066,Beef Bone Full,1
ORD026066,Borboti(kg),1
ORD026066,Capsicum Green,1
ORD026066,Carrot (China)-kg,1
ORD026066,Cauliflower(B)-Pc,1
ORD026066,Cerelac Baby Rice Riz Milk-400g,1
ORD026066,Chicken (B-Skin Less),1
ORD026066,Chicken Deshi (Pakistani) Cock,1
ORD026066,Chicken Soup (Deshi),1
ORD026066,Farm Fresh Butter-200gm Box (50X4pcs),1
ORD026066,Milk Vita Liquid Milk-1Ltr,1
ORD026066,Onion Deshi(New)-kg,1
ORD026066,Prince Bread-800g (Big),1
ORD026066,Prince Sour Curd-500gm,1
ORD026066,Pusti Soyabean Oil-5Ltr,1
ORD026066,Snack Guard (Chichinga)-kg,1
ORD026066,Teer Maida-2kg,1
ORD026066,Tomato L.C(kg),1
ORD026227,Black Pepper(Chili)-50g,1
ORD026227,Chia Seed (Dana) New-100g,1
ORD026227,GR Volume Eyeliner-6.5ml,1
ORD026227,GR. Wow Nail Colour-6ml,1
ORD026227,Mixed Powder Masalla-100gm,1
ORD026227,PC P. Matte Edi. Rouge Lipstick,1
ORD026227,Radhini Meat Cury Masala-100g,1
ORD026227,Radhuni Kabab Masla-50gm,1
ORD026227,Shan Chicken Tikka-50g,1
ORD026227,Teer Whole Wheat Atta 2Kg,1
ORD026227,UM Spoon-303 1pis,1
ORD026227,Vim Bar 300g (Lemon),1
ORD027361,Green Chilli(kg),1
ORD027361,Shrimp Fish Small (THR),1
ORD027908,Calender Pineapple,1
ORD027908,Coca Cola-600ml(Pet),1
ORD027908,Discovery Peanut Butter S&C-510g,1
ORD027908,Jumbura Medium,1
ORD027908,Junior Horlicks-500g,1
ORD027908,Kamranga,1
ORD027908,Nutkao D S Cocoa & Hazelnuts-200g,1
ORD027908,Polar Ice-Cream Kheer-1Ltr,1
ORD027908,Rooh Afza -750ml,1
ORD027908,Sprite-600ml (Pet),1
ORD027908,Sunquick Orange Juice- 330ml,1
ORD027908,Thai Papaya Ripe Red Lady,1
ORD028163,Dabur Red Paste-200gm,1
ORD028163,Dalos Mango Can Juice 250ml,1
ORD028163,Ruchi Orange Jam-480gm,1
ORD028163,Tibet 570 Soap-130gm,1
ORD028164,Apple Green,1
ORD028164,Grape White Small (IIndian),1
ORD028164,Mango Himsagor-kg,1
ORD028164,Prince Sour Curd-500gm,1
ORD028167,Ch.Coffee Mug-(4/23),1
ORD028167,China Glass Jar (5/23),1
ORD029383,Doodles Stick Noodles-300gm,1
ORD029383,Musur Pulse Kangaroo -1Kg (sp),1
ORD029383,Olympic Salcoti Elachi Cookies-80gm,1
ORD029383,Pepsodent Strawberry Toothpaste-45g,1
ORD029383,Prince Tanduri chick. Noodles-180gm,1
ORD029383,Remia Salad Dressing- 250ml All,1
ORD029383,Rin Advanced-1000gm,1
ORD029383,Sensodyne Toothbrush (Buy 2 Get 1),1
ORD029383,Wheel 2in1 Clean & Fresh Powder-1Kg,1
ORD003255,Colgate Plax Com Care-250ml,1
ORD003255,Jordan Clean Between Toothbrush,1
ORD003256,Cadbury Dairy Milk Silk Bubbly-17g,1
ORD003256,Sammi Mix Fruit -330ml,1
ORD003914,Beef Bone Full,1
ORD003914,Coca Cola-2.25Lt(Pet),1
ORD003914,Prince Borhani-2Ltr,1
ORD006094,Kazi & Kazi Black Tea-80gm,1
ORD006094,Maccoffee Original-50g Jar,1
ORD006094,Maggi 2min Masala-620g (Sumo),1
ORD029589,HIT Cockroach Aerosol- 625ml,1
ORD030099,Aarong Matha-200ml,1
ORD030099,Ahmed White Vinegar-250ml,1
ORD030099,Bashu. Toilet Tissue (White),1
ORD030099,Bashun Paper Towel - 250Pcs,1
ORD030099,Belleame Choco Little Biscuit-45gm,1
ORD030099,Cinnamon-100g (Daruchine),1
ORD030099,Cock Roast (Deshi)-PC,1
ORD030099,Dark Chocolate Digestive-130g,1
ORD030099,Fay Toilet tissue White-180Sheets,1
ORD030099,Fresh Hand Towel- 250Pcs,1
ORD030099,Fresh Toilet Tissue (White) Roll,1
ORD030099,G H Deshi Paratha(Family pack)-1300gm,1
ORD030099,Garlic China Big-(kg),1
ORD030099,Gillette Saving Foam Sensetive-418gm,1
ORD030099,Ginger Barmiz-(Kg),1
ORD030099,Harpic Power Plus Toilet Cliner-1000ml,1
ORD030099,Ispahani Premium Green Tea-70g,1
ORD030099,Italiano Apple Cider Vinegar- 500ml,1
ORD030099,Mediplus Gel Paste-100gm,1
ORD030099,Mr.Energy Biscuits-85gm,1
ORD030099,Mr.Noodles Easy-12Pcs,1
ORD030099,Net Pumpkin (Jali Kumra)-Pc,1
ORD030099,Olympic Energy Plus Malai Bis-45gm,1
ORD030099,Onion Deshi(New)-kg,1
ORD030099,Panch Foron-100g,1
ORD030099,Potato Deshi New-1kg,1
ORD030099,Prince Baking Powder-150g,1
ORD030099,Prince Sweet Toast Biscut-400gm,1
ORD030099,Ramdhoni-50gm,1
ORD030099,RD Coffee Milk B2 G1-200ml,1
ORD030099,Snack Guard (Chichinga)-kg,1
ORD030099,Sweet Pumpkin(kg),1
ORD030099,Usta(kg),1
ORD030099,Vim Bar Lemon-125gm,1
ORD030099,Wheel 2in1 Clean & Fresh Powder-1Kg,1
ORD030975,Peticot,1
ORD031484,ACI Aerosol 800ml,1
ORD031484,China Floor Mat (4/23),1
ORD031484,Colgate Sttong Toothpaste-175gm,1
ORD031484,Imperial Leather Soap-200g,1
ORD031484,Quality Premiun Paratha 20Pcs-1300g,1
ORD031484,Savlon Antiseptic Shield Hand Wash-500ml,1
ORD031486,Dragon Fruits (B),1
ORD031486,Grapes (Red),1
ORD031486,Pomegranate (Mitulla)-B,1
ORD032090,Asli Almol Kali Mehndi,1
ORD032090,Black Variety Of Salt-200gm,1
ORD032090,Chia Seed (Dana) New-100g,1
ORD032090,Kolson Vermicelli-200g,1
ORD032090,Methi-100Gm,1
ORD032340,Angelic Fresh 300ml(Citrus),1
ORD032340,Arla Dano Daily Pushti-500gm,1
ORD032340,B.Paper Napkin (Perfumed)-80Pcs,1
ORD032340,Biscuit Pizza -40gm,1
ORD032340,Brooke Bond Taaza Black Tea-200g,1
ORD032340,Butter Toast Biscuit-200gm,1
ORD032340,Cardmom-50gm(Alachi),1
ORD032340,Cheesy Bites-40gm,1
ORD032340,Cocola Anarkali Toast Biscuits-200g,1
ORD032340,Dove Hair Fall Rescue -450ml,1
ORD032340,Fresh Refined Sugar-1000gm,1
ORD032340,Funtastic Nimok Halal Biscuit (B3G1),1
ORD032340,Hot Pran Tomato Sauce-500gm,1
ORD032340,IDC Kelloggs Chocos-385g,1
ORD032340,Ispahani Lexus Biscuit-150g,1
ORD032340,Kazi Chicken Samosa-250g,1
ORD032340,Lifeboy Lemon Fresh-150gm,1
ORD032340,Lux Soft Glow -35g (4pcs Combo),1
ORD032340,Maggi Noodles Masala Taste-496g,1
ORD032340,Meril Milk & Rose Soap 100gm,1
ORD032340,Meril Splash Milk Soap-100gm,1
ORD032340,Milk Vita (Ghee)-200g,1
ORD032340,Mixed Masalla-100gm,1
ORD032340,Mr.Noodles Easy Masala-8pcs,1
ORD032340,Mug Pulse (Sona)-500gm,1
ORD032340,Pepsodent Gremichek+ Toothpaste-100gm,1
ORD032340,Rupchanda Soya-1Ltr(PET),1
ORD032340,Tibet Ball Soap-130g,1
ORD032340,Yum Muffin Cake,1
ORD032333,ACI Pure Salt-1Kg,1
ORD032333,Bashundhara Atta-2kg,1
ORD032333,Bashundhara Paper Napkin-100p,1
ORD032333,Bounce Choco Cream Biscuits-32gm,1
ORD032333,Chaka Advanced Ball Soap-125gm,1
ORD032333,Close-Up Menthol Fresh-160g,1
ORD032333,Doodles Chicken Masala Noodles 4 packs,1
ORD032333,EM Pasta Shell Big-400gm,1
ORD032333,Foochka (Kacha)-200g,1
ORD032333,Kolson Macarony-200gm All Flv.,1
ORD032333,Lexus Vegetable Biscuits (Buy2 Get1),1
ORD032333,Lux Soft Glow Jasmine Soap-75gm,1
ORD032333,Maggi 2min Masala-248g (Jumbo),1
ORD032333,Meril Milk Soap 100gm,1
ORD032333,Meril Splash Milk & Kiwi Soap-100gm,1
ORD032333,Mirjapur Best Leaf-100gm,1
ORD032333,Mixed Pulse-500gm,1
ORD032333,Poppers Corn-Coco Chips-25gm,1
ORD032333,Pusti HT Ghee Toast Biscuit -250g,1
ORD032333,Roja Deshi Classic Paratha-1300gm,1
ORD032333,Saad Tomato Sauce-340gm,1
ORD032333,Sajeeb Soft Drink Powder Orange500g,1
ORD032333,Sensodyne Toothbrush (Buy 2 Get 1),1
ORD032332,Easy Mix Roast Masala-35g,1
ORD032332,Fresh Soyabean Oil-1Lt.,1
ORD032332,Kath Badam-100g,1
ORD032332,Kaveri Mehendi Cone 2pcs -25g,1
ORD032332,Pomegranate (Mitulla)-B,1
ORD032332,Prince Dubli Pulse-1kg,1
ORD032332,Radhuni Chatpati Masala 50Gm,1
ORD032332,Sajeeb Kolson Vermicelli Semai (B2G1),1
ORD032332,Teer Sugar-1Kg,1
ORD032332,White Kazu Badam-50g,1
ORD032325,Aarong Ghee 200g,1
ORD032325,Brooke Bond Taaza -100g,1
ORD032325,China Jhilmil Majuni (4/23),1
ORD032325,China Steel Majuni Single-(4/23),1
ORD032325,Cinnamon-100g (Daruchine),1
ORD032325,Fresh Insta Full cream Milk Powder-500gm,1
ORD032325,Jimmy Lollipop Chocolate- 11g,1
ORD032325,Kakrol(kg),1
ORD032325,Lifebuoy Health Soap Lemon Fresh-100g,1
ORD032325,Lux Soft Glow Soap-100g,1
ORD032325,Meril Splash milk & beli Soap-100gm,1
ORD032325,Mr. Noodles Korean S Spicy- 248gm,1
ORD032325,Musur Pulse Kangaroo -1Kg (sp),1
ORD032325,Pran hot Tomato Sauce-1000gm Jar,1
ORD032325,ROK Floor Cleaner-1000ml (Pine),1
ORD032325,Tang Orange Drink Powder - 500gm {Pkt},1
ORD032325,Vim Dishwashing Liquid- 500ml,1
ORD032339,Cucumber (Hybrid)-kg,1
ORD032339,Pandan Kaya Bread- 225g,1
ORD021439,Diploma Milk Powder-500g,1
ORD021439,Kolson Vermicelli-200g,1
ORD021439,Lassa Special Semai-500g(Pkt),1
ORD021439,Prince Lacha Samai-200g(Pkt),1
ORD021439,Sunkist Pistachios - 150gm Pkt,1
ORD024184,Ch.Ceramic Mug-Y11(4/23),1
ORD024184,GG Lighting Rubber Ball-56,1
ORD024184,Pran Chocolate Milk -200ml,1
ORD025701,AG Chicken Spicy Nuggets-250g,1
ORD025701,C.N Chicken Spicy Nuggets-250gm,1
ORD003253,Pran Jhatpot Plain Paratha-1600g,1
ORD026067,Bajaj Almond Drops Hair Oil-100ml (BD),1
ORD026067,Nestle Nan Opti Pro 6-12 months,1
ORD026519,BTC Foyel Birthday Benner-031,1
ORD026519,Faysal Birthday Balloons- 04,1
ORD026519,Faysal Candle -71,1
ORD026519,Faysal Party Spray-73,1
ORD030914,Dhakna,1
ORD030914,Hot Pot-,1
ORD030914,Noret 28,1
ORD030911,Hot Mug,1
ORD030911,Tawa,1
ORD031485,Tayas Almond S.Chocolate-700g (TIn),1
ORD031485,Tayas Magic Chocolate-700g {Tin},1
ORD032330,China Car Toy(05/23),1
ORD032330,China Remote Car (5/23),1
ORD032330,Frutika Mango Fruit Drink-200ml,1
ORD032330,Olympic Battery (Metalic)UM-3-1pcs,1
ORD032330,Starship Chocolate Milk-200ml,1
ORD032336,Borboti(kg),1
ORD032336,Cauliflower(B)-Pc,1
ORD032336,Green Papaya(kg),1
ORD032336,Knorr Thai Soup- 28g,1
ORD032336,Maggi Soup Thai- 35g 4Pcs Combo,1
ORD032336,Pran Drinko Float Coconut Jelly- 250ml,1
ORD032327,Lati Thik(Kg),1
ORD003654,Diploma Milk Powder-500g,1
ORD003654,Mirzapore Best Leaf Tea-400g,1
ORD018708,Bashundhara Paper Napkin-100p,1
ORD018708,Chicken Deshi (Pakistani) Cock,1
ORD018708,Jimmy Lollipop Chocolate- 11g,1
ORD025698,Cassia Leaf-100gm (Tespata),1
ORD025698,Lactogen-3 BIB-350gm,1
ORD025706,CBL Munchee P.Nice Biscuits 124g,1
ORD025706,Funtastic Hebby Energy Biscuits-200gm(B3G1),1
ORD025706,Funtastic Nimok Halal Biscuit (B3G1),1
ORD025948,Arla Dano Daily Pushti-1kg,1
ORD025948,Harpic Power T.Clen-750ml (Original),1
ORD025948,Pran UHT Liquid Milk-1000ml,1
ORD025948,Prince Dragon Egg Noodles - 300gm,1
ORD032334,Apple(Gala),1
ORD032334,Hilsha Fish-Medium-Pcs,1
ORD032334,KurKure Cream & Onion 37gm,1
ORD032328,Capital Food Color-28ml,1
ORD032328,Closeup Green-100gm,1
ORD032328,Colour Me Body Spray-150ml (Pop Art),1
ORD032328,Confidence Salt-1Kg,1
ORD032328,D Korean Ramen 3X Spicy Noodles-248gm,1
ORD032328,Fresh Atta-2kg,1
ORD032328,Fresh Lexus Cracers-204 gm {B2G1},1
ORD032328,Fresh Salt Premium-1kg,1
ORD032328,Hit Chalk-1pcs,1
ORD032328,Kelloggs Chocos -110g,1
ORD032328,Kolson Macarony-200gm All Flv.,1
ORD032328,Mace (Jotric) -50g,1
ORD032328,Mug Pulse (Sona)-1kg,1
ORD032328,Pantene Shampoo-340ml (Long Black),1
ORD032328,Parachute Coconut Oil-350ml,1
ORD032328,Pepsodent Gremichek+ Toothpaste-100gm,1
ORD032328,Saad Custard POwder Tin Can 150G,1
ORD032328,Shrimp Fish Small (THR),1
ORD032328,Snack Guard (Chichinga)-kg,1
ORD032328,Tang orange Flavoured Instant Drink Powder 75gm,1
ORD032328,Tomato L.C(kg),1
ORD032328,Vermicelli Samai-200gm,1
ORD032328,Vim Liquid Dish Wash-500ml,1
ORD032517,Cabbage-Pc,1
ORD032517,Carrot (China)-kg,1
ORD032517,Chicken Deshi (Pakistani) Cock,1
ORD032517,Cucumber (Hybrid)-kg,1
ORD032517,Diamond Foil Paper-200/60 SQ,1
ORD032517,Fram Fresh Sour Curd(Yogh.) 500gm,1
ORD032517,Garlic China Big-(kg),1
ORD032517,Ginger Barmiz-(Kg),1
ORD032517,Golden Raising-100gm(Kismis),1
ORD032517,Green Chilli(kg),1
ORD032517,Lemon(Colombo)-Pc,1
ORD032517,Mug Pulse (Sona)-1kg,1
ORD032517,Onion Deshi(New)-kg,1
ORD032517,Pabda Fish (Small) (HB),1
ORD032517,Potato Deshi New-1kg,1
ORD032517,Prince Cone Mehedi,1
ORD032517,Prince Lacha Samai-200g(Pkt),1
ORD032517,Radhuni Spices Cumin-100gm,1
ORD032517,Radhuni Tehari Masala-45g,1
ORD032517,Rupchanda Soyabean-2Lt-PET,1
ORD032517,Special Chinigura Rice-1Kg,1
ORD032517,Sun Chips Wasabi-35g,1
ORD032517,Sunshine Atta -2kg,1
ORD032517,Sweet Pumpkin(kg),1
ORD032838,Katol Fish (Small)-(MNK),1
ORD032838,Meril Milk & Rose Soap 100gm,1
ORD032838,Pabda Fish (Big),1
ORD032838,Poa Fish Small-(MNK),1
ORD032838,Shing Fish-(THR),1
ORD032838,Tomato L.C(kg),1
ORD033366,Alu Bukhra-200gm,1
ORD033366,Ayesha Gas Lighter -56,1
ORD033366,B.B Tazza Black Tea -400g,1
ORD033366,Bashun Paper Towel 1Ply- 250Pcs,1
ORD033366,Cardmom Big-50gm(Alachi),1
ORD033366,Colgate Total Toothpaste-120gm,1
ORD033366,Diploma Ins Milk Powder-1kg,1
ORD033366,Fay Toilet tissue White-180Sheets,1
ORD033366,Kewra / Rose Water,1
ORD033366,Kishwan Jhal Chanachur-250g,1
ORD033366,Lifebuoy Handwash Care -170ml,1
ORD033366,Lifebuoy Liquid Total Handwash -170ml,1
ORD033366,Vim Dishwash Liquid- 250ml,1
ORD033366,White Kazu Badam(Special)-100gm,1
ORD033365,Nut Meg 50g(Joy Fall),1
ORD033365,Radhuni Biriyani Masala-40g,1
ORD033351,Green Chilli(kg),1
ORD033351,H & S Anti Hairfall Shampoo-180ml,1
ORD033351,Oral-B Gum Protect Tootbrush,1
ORD033352,Brooke Bond Taaza Tea- 400gm,1
ORD033352,Chashi Aromatic Chinigura Rice-1Kg,1
ORD033352,Coca Cola-2.25Lt(Pet),1
ORD033352,Lifebuoy Liquid Total Hand Wash-170ml,1
ORD033352,Mola Shutki-100gm,1
ORD033352,Prince Coconut-(pcs),1
ORD033352,Prince Sour Curd-500gm,1
ORD033352,Special Chinigura Rice-1Kg,1
ORD033352,Surf Excel W Aloe Vera-1kg,1
ORD033363,C.Peanut Butter Chunky-340g,1
ORD033363,Marks FCMP-500gm(F. Pack),1
ORD033354,Fun:Chocolate Pound Cake-80gm,1
ORD033354,Fun:vanila Pound Cake-80gm,1
ORD033354,Maltova BIB Pack 400gm,1
ORD033358,Diploma Milk Powder-500g,1
ORD033358,Isubgool Pack-200g,1
ORD033358,Salmon Fire Box-1D,1
ORD033360,ACI Pure Salt-1Kg,1
ORD033360,Clean & Clear Tub-100ml,1
ORD033360,Fair & Lovely Multi V-100g,1
ORD033360,Livon Hair Serum 100ml,1
ORD033359,Blue Lady Body Spary-200ml,1
ORD033359,Dove Beauty Cream Bar- 90gm White,1
ORD033359,Oral B Ultra Thin Sensitive Green 2+2,1
ORD033359,Organikare(Pink Hand Wash +Refil)Combo,1
ORD033359,Pran hot Tomato Sauce-1000gm Jar,1
ORD033359,Sandalina Sandal & Rose Soap-150gm,1
ORD004140,Pran Jhatpot Plain Paratha-1600g,1
ORD034914,Aer Spray Fresh- 270ml,1
ORD034914,Aer Violet Air Freshner- 240ml,1
ORD034914,Cassia Leaf-100gm (Tespata),1
ORD034914,Chaad Febrick Brightener-50ml,1
ORD034914,China Hair Band -(5/23),1
ORD034914,Cotton Bud 120pcs Flat,1
ORD034914,Hit Mosquitoes Aerosol 800ml(90tk Off),1
ORD034914,Madhuban Oval Paan Masla,1
ORD034914,Mediplus Tooth Paste-140gm,1
ORD034914,Revlon Flex Conditioner-20FL All,1
ORD034914,White Plus Toothpaste- 80gm,1
ORD034913,Alam Baby Frock-013,1
ORD034913,Chanachur(Special)-350gm,1
ORD034913,Chicken Sausage-350gm,1
ORD034913,Harpic 1L B2 get 50tk Off,1
ORD034913,Pandan Kaya Bread- 225g,1
ORD034913,Prince Lacha Samai-200g(Pkt),1
ORD034913,RFL Diamond Mug 21-Blue,1
ORD034913,Snickers -50gm(Buy 2 Get 1 Free),1
ORD034913,Sweet Pumpkin(kg),1
ORD034913,Vermicelli Samai-200gm,1
ORD035222,ACI Pure Salt-1Kg,1
ORD035222,Aci Salt-100mg (Bottle),1
ORD035222,Akher Sugar -2kg,1
ORD035222,Bashundhara Brown Atta-1kg,1
ORD035222,Bashundhara Paper Napkin-100p,1
ORD035222,Chashi Aromatic Chinigura Rice-1Kg,1
ORD035222,Diploma Milk Powder-500g,1
ORD035222,Dust Boot (Bason)-500gm,1
ORD035222,Flush Bathroom cleaning Liquid 500ml,1
ORD035222,GG Ereaser-02,1
ORD035222,GG Noris 1pc Pencils-5.7,1
ORD035222,Golden Raisin (Kismis)-200gm,1
ORD035222,H. Kacha Fuska-200g,1
ORD035222,Hot Pran Tomato Sauce-500gm,1
ORD035222,Lamia Sharpner-51,1
ORD035222,Maggi Healthy Thai Soup-35g,1
ORD035222,Memory Chanachur-400gm,1
ORD035222,Miss & Mrs Nail Polish-15ml,1
ORD035222,MP Hijab Pin -61,1
ORD035222,Mr.Noodles Easy Masala-8pcs,1
ORD035222,Nescafe Classic Jar-25gm,1
ORD035222,Nido Growing Milk 1+ BIB - 350gm,1
ORD035222,Pop Corn(Khai Bhutta)-500gm,1
ORD035222,Prince Cone Mehedi,1
ORD035222,Pusti Atta -2kg,1
ORD035222,Seylon Gold Bland Tea Bag- 100g,1
ORD035222,Teer Fortified Soyabean Oil 3Ltr,1
ORD035222,Wheel 2in1 Clean & Fresh Powder-1Kg,1
ORD035213,Akher Sugar -1kg,1
ORD035213,Bashun Paper Towel - 250Pcs,1
ORD035213,China Peanut-200gm Pkt,1
ORD035213,Chopstick Deshi Masala Noodles- 12pcs,1
ORD035213,Coca Cola-2.25Lt(Pet),1
ORD035213,Confidence Salt-1Kg,1
ORD035213,Fortune KG Mustard Oil- 250ml,1
ORD035213,Funtastic Butter Cookies Jar -800gm,1
ORD035213,Harpic Power-500ml,1
ORD035213,Kath Badam-50gm,1
ORD035213,Lifebuoy Liquid Care Hand Wash-170ml,1
ORD035213,Nescafe Classic Jar-25gm,1
ORD035213,Pastiano Long Cut Vermicelli Semai-450gm,1
ORD035213,Pesta Nut-50g,1
ORD035213,Rok Handwash Apple-350ml,1
ORD035213,Rok Lemon Fresh Dishwashing Liquid-500ml,1
ORD035213,Sandalina Sandal Soap-125gm,1
ORD035213,Tibet Ball Soap-130g,1
ORD035213,White Kazu Badam(Special)-100gm,1
ORD035223,Belleame Toast Biscuit-250gm,1
ORD035223,China Hair Band -(5/23),1
ORD035223,Eon Dal Puri- 500gm,1
ORD035223,Eon Vegetable Singara- 400gm,1
ORD035223,Fish Papor-100gm,1
ORD035223,HIT Cockroaches Spray 200ml,1
ORD035223,Lal Atta Roti -800gm,1
ORD035223,Magica Choco Fills Cookies Biscuit-220gm,1
ORD035223,MP Safety Pin -01,1
ORD035223,Muslim Fish Papor-100g,1
ORD035223,Ramisa Papar-10Pcs,1
ORD035223,Ramisa-Fried Chira Masala Pkt-200gm,1
ORD035219,Carrot (China)-kg,1
ORD035219,Cucumber (Hybrid)-kg,1
ORD035219,Green Chilli(kg),1
ORD035219,Khondoker Fuler Jharu-56,1
ORD035219,Shrimp Fish Bagda,1
ORD036006,BFL Foil Container 6pcs-510ml,1
ORD036006,China Peanut-200gm Pkt,1
ORD036006,Chira-500g,1
ORD036006,Clean&Clear Lemon Fresh F/W - 100ml,1
ORD036006,Cocola Salty Salted Bscuits- 100g,1
ORD036006,EBY Lemon Facewash 100ml,1
ORD036006,EBY Rose Water Mist Tonar 120ml,1
ORD036006,Kazi Plain Paratha 10Pcs- 650gm,1
ORD036006,Maggi Noodles Masala Blast-504g 8 Pack,1
ORD036006,Naspati(kg),1
ORD036006,Oreo Original Biscuits- 46.3/50gm,1
ORD036006,Pusti Mustard Oil-250ml,1
ORD036006,Radhuni Kala Bhuna Masala 80gm,1
ORD036006,White Plus Toothpaste- 80gm,1
ORD027447,Naspati(kg),1
ORD027447,Orange (Sa) Kg,1
ORD027447,Parashute Beli Lite 200ml,1
ORD029201,Cerelac Wheat With 3 Fruits-400gm,1
ORD029201,Ch Water Pot M- (4/23),1
ORD029201,Ch. Lunch Box (05/23),1
ORD029201,Horlicks Classic Malt-450gm,1
ORD032335,Cabbage-Pc,1
ORD032335,Carrot (China)-kg,1
ORD032335,Green Chilli(kg),1
ORD032338,Grapes (Red),1
ORD032338,Hilsha Fish(Small)-Pcs(Sajah),1
ORD032338,Ladies Finger (Vendi)-kg,1
ORD032338,Malta (Yellow)-kg,1
ORD032338,Net Pumpkin (Jali Kumra)-Pc,1
ORD032338,Rui Fish-M-(MNK),1
ORD032338,Shrimp FIsh Dima Big (HB),1
ORD032338,Usta(kg),1
ORD032331,Chopstick Bar-B-Q Noodles-8Packs,1
ORD032331,Crocodile Underware- 08,1
ORD032331,London Boy Vest M-18,1
ORD032893,Grass Curp Fish-(MNK),1
ORD032893,Kachki Fish (THR),1
ORD032893,Kaikka Fish (Sea),1
ORD033353,Aarong Liquid Milk-1/2Ltr,1
ORD033353,BD White Vinegar- 650ml,1
ORD033353,Motor Vaja-30g,1
ORD033353,Soya Sauce-500ml,1
ORD033353,Teer Advance Fortified Oil-8Ltr,1
ORD033362,Chocolate Cream Wafer Biscuit C&D-70gm,1
ORD033362,Clear Men Cool Menthol-170Ml,1
ORD033362,Oreo Chocolate Creme-133g,1
ORD033362,Oreo Original Biscuits-133g,1
ORD030976,Alupuri,1
ORD030976,Dalpuri,1
ORD030976,Dhakna,1
ORD032326,Akher Sugar -1kg,1
ORD032326,Chicken Mini Samusa 250gm (Prem),1
ORD032326,Onion Deshi(New)-kg,1
ORD005963,Aarong Laban-500ml,1
ORD005963,China Animal Set-05/23,1
ORD005963,Naspati(kg),1
ORD005963,Papar (Dried Ethinic Snack)-100g,1
ORD027360,Gopal Ind Like Me Bra S-34 (4/23),1
ORD027360,Shipon Chain-071,1
ORD027360,Shipon Ear Tops -021,1
ORD027360,Taslima Towel-79,1
ORD033356,Bisk Club Potata Biscuit- 100g,1
ORD033356,Chocolate Digestive 145gm,1
ORD033367,Kodomo Baby Bath-100ml,1
ORD033367,Kodomo Baby Lotion-200ml,1
ORD033367,Kodomo Baby Shampoo-100ml All,1
ORD033367,Quality Premiun Paratha 20Pcs-1300g,1
ORD033367,Shrimp Fish Bagda,1
ORD033367,Wheel 2in1 Clean & Fresh Powder-1Kg,1
ORD033361,Akher Sugar -2kg,1
ORD033361,Clove Lobongo-50g,1
ORD033361,Easy Mix Roast Masala-35g,1
ORD033361,Oreo Chocolatey S. Biscuits-113.75g,1
ORD033361,Pistachion-50gm(Pasta Dana),1
ORD033361,Radhuni Falooda Mix Mango-250gm,1
ORD033361,Radhuni Falooda Mix Vanilla-250gm,1
ORD033361,Shan Biryani Masala-50gm,1
ORD033361,Star Masalla--50g,1
ORD033361,Teer Premium Lodized Salt- 1kg,1
ORD033361,White Kazu Badam(Special)-100gm,1
ORD025703,Horlicks Classic Malt-450gm,1
ORD025703,Julies LLW.Cube Cheesy Duo150g,1
ORD025703,Nestle Kit Kat 4Finger Chocolate- 36.5g,1
ORD033357,Chicken Samosa-250gm,1
ORD033357,Chicken Spring Roll - 250gm,1
ORD033357,Mr.Noodles Chi-8pcs-496gm,1
ORD033357,Quality Plain Paratha 10Pcs-600gm,1
ORD033947,"Cerelac Mixed Fruits & Wheat Fruits,Ble-400gm",1
ORD033947,Quality Plain Paratha 10Pcs-600gm,1
ORD033946,China Car Toy(05/23),1
ORD033946,China Toy(05/23),1
ORD033946,Musur Pulse Kangaroo -1Kg (sp),1
ORD035216,Dabur Chyawanprash-500g,1
ORD035216,Nocilla Cocoa Spread-190g(cho),1
ORD035216,Prince Bread-800g (Special),1
ORD035216,Zipbag Sandwich 165mmX150mm,1
ORD035214,G H. Premium Deshi Paratha-1300gm,1
ORD035214,Lassa Special Semai-500g(Pkt),1
ORD035214,Polar Ice Cream Mango-1Ltr(Tub),1
ORD035214,RFL Tray 11.5,1
ORD035214,Roti Chapati 20Pcs-1000g,1
ORD035214,Seylon Pyramid Tea Bag-100gm,1
ORD035214,Sprite-1.25 Lt(Pet),1
ORD035218,Beef Bone Full,1
ORD035218,BTC Birthday Cap KomDami-51,1
ORD035218,Ch. Water Pot-1000ml(05/23),1
ORD035218,China Party Balloon-20pcs (4/23),1
ORD035218,Farlin Silicon Nipple in Jar Size-L,1
ORD035218,FE B.Day Heart Candle -001,1
ORD035218,Monia Lock Rtg Container 1450ml-917828,1
ORD035218,P.D Pixie Toothbrush,1
ORD035218,RFL Lock & Like Cont 1100ml-917830,1
ORD035218,RFL Trim Square Container 200ml- Trans,1
ORD035218,RFLMonia Lock Cont Rtg-825ml,1
ORD028165,Mr. Potato 160g(Org),1
ORD028165,"Opal Bowl Set 6""-B1",1
ORD029588,Chicken Sausage-350gm,1
ORD029588,Glow&Lovely Advanced M.V-80g,1
ORD029588,Lotus Sun Block SPF-40 100gm,1
ORD029588,Prince Bread(Special)-400g,1
ORD029588,Quality Smoked Sausage-350g,1
ORD036009,Bashundhara Atta-2kg,1
ORD036009,Bashundhara Paper Napkin-100p,1
ORD036009,Buter Halua-300g,1
ORD036009,China Hair Punch Clip-(5/23),1
ORD036009,Complan Chocolate - 350gm Box,1
ORD036009,FCD Castor Oil B.P-70ml,1
ORD036009,Kodomo Baby Shampoo-100ml All,1
ORD036009,Meril Nail /P Remover-40ml,1
ORD036009,Nescafe Original Can-240ml,1
ORD036009,Pangas Fish Small (River),1
ORD036009,Parachute Advanced Oil-275ml,1
ORD036009,PC Studio Nails-11.5ml,1
ORD036009,Revive SunBlock-100ml,1
ORD036009,Savlon Freedom -8Pads,1
ORD036009,Sunsilk Thick & Long Shampoo-330ml,1
ORD036011,AD Osaka PVC Tape--61,1
ORD036011,Cumin-100g,1
ORD036011,Kachki Fish (THR),1
ORD036011,Lilac Brightening Face Wash- 120ml,1
ORD036011,Nut Meg 50g(Joy Fall),1
ORD036011,Prince Bread(Special)-400g,1
ORD036011,Sharpner -22,1
ORD036012,Amul Kool Kesar FLV-150ml,1
ORD036012,B.Paper Napkin (Perfumed)-80Pcs,1
ORD036012,Bele Fish Small,1
ORD036012,Chicken (B-Skin),1
ORD036012,Foli Fish,1
ORD036012,Laitta Fish,1
ORD036012,Mmeory Salt Monekka Pkt-200g,1
ORD036012,Piali Fish(Pachmishali),1
ORD036012,Ramisa-Nakshi Pitha Box-4 Pcs,1
ORD036012,Ready Koi Fish Deshi Medium,1
ORD036012,Usta(kg),1
ORD036004,Aarong Ghee 200g,1
ORD036004,Apple(Gala),1
ORD036004,Bata Fish(Small),1
ORD036004,Brinjal Long (Thin)-kg,1
ORD036004,Cock Roast (Deshi)-PC,1
ORD036004,Dettol HW.170ml buy 2 Get Tiffin Box Free,1
ORD036004,Funtastic Ore Cream Biscuit-43gm,1
ORD036004,Grape Black,1
ORD036004,Grape White Small (IIndian),1
ORD036004,Isubgool Pack-50g,1
ORD036004,Kinley Club Soda -600ml,1
ORD036004,Olympic Energy Plus Malai Bis-45gm,1
ORD036004,Parachute Coconut Oil-350ml,1
ORD036004,Parachute Just For Baby Powder 200gm,1
ORD036004,Pesta Nut-50g,1
ORD036004,Special Sugarcan Molasses,1
ORD036004,Tibet Prickly Heat Powder-100gm,1
ORD036004,Tokmadana-100gm,1
ORD036004,Vaja Maskali Pulse-1kg,1
ORD036005,Beef Kima,1
ORD036005,Chia Seed (Dana) New-100g,1
ORD036005,Chicken (Deshi),1
ORD036005,Cow Lever-K,1
ORD036005,Farm Fresh Ghee 200gm,1
ORD036005,Fortune KG Mustard Oil- 250ml,1
ORD036005,Fresh Premium Tea-400gm,1
ORD036005,Lemon White Detergent Powder B3G1 -500Gm,1
ORD036005,Maggi 2min Masala-248g (Jumbo),1
ORD036005,Magur Fish (THR),1
ORD036005,Misti Sob-100gm,1
ORD036005,Mojo Cola Can 250ml,1
ORD036005,Mojo Naga Can 250ml,1
ORD036005,Pistachion-50gm(Pasta Dana),1
ORD036005,Pran Yogurt Sour Curd-500gm,1
ORD036005,Shrimp Fish Bagda,1
ORD036005,Teer Fortified Soyabean Oil 3Ltr,1
ORD036005,Tetley Green Tea Bag- 25 {Lemon&Honey},1
ORD036005,Vim Bar Lemon-125gm,1
ORD036013,AD Faber Castell Pencil HB/2B -1pis,1
ORD036013,C.N Chicken Nuggets-250gm,1
ORD036013,Capsicum Green,1
ORD036013,Ch.Pencil Bag (4/23),1
ORD036013,Chicken Deshi (Pakistani) Cock,1
ORD036013,Eye Of Arum(Tall) (Kachurmukhi)-kg,1
ORD036013,Greens(Data Shak)-Pc,1
ORD036013,H.Black Pepper Powder-30gm,1
ORD036013,IDC Pringles Original-134g,1
ORD036013,Ifad Muri Toast - 350gm,1
ORD036013,Kishwan Ghee Toast-200g,1
ORD036013,Kolson Macarony-200gm All Flv.,1
ORD036013,Lati Thik(Kg),1
ORD036013,Lusni 4Pcs Big,1
ORD036013,Marks Cookies & Cream Flavour - 200ml,1
ORD036013,Onion Deshi(New)-kg,1
ORD036013,Organikare Pink Hand Wash-250ml,1
ORD036013,Pran Chilli Powder-100gm,1
ORD036013,Prince Corn Flour-150gm,1
ORD036013,Spring Air Fershner Flora-300ml,1
ORD036013,Sunsilk conditioner Perfect Straight-80m,1
ORD036013,UHT Strawberry Milk-200ml,1
ORD036013,Universe Khata Spiral-200page,1
ORD036007,Batashi Fish (HB),1
ORD036007,Ch Water Pot M- (4/23),1
ORD036007,China Water Bottle (5/23),1
ORD036007,Cinnamon-100g (Daruchine),1
ORD036007,Jafran,1
ORD036007,Lamia Hot Wheels Car Toy- 551,1
ORD036007,Maggi Noodles Masala Taste-496g,1
ORD036007,Olympic Salcoti Elachi Cookies-80gm,1
ORD036007,Pusti Soyabean Oil-5Ltr,1
ORD036007,R.Chanachur Premium Mix-200g,1
ORD036007,Sajeeb Soft Drink Powder Orange -250gm,1
ORD036007,Snack Guard (Chichinga)-kg,1
ORD036007,Tal Misri (Sugar Candy)-200g,1
ORD036007,White Kazu Badam-50g,1
ORD036209,Dhakna,1
ORD036209,Jafran,1
ORD036209,Piller,1
ORD037140,Beef Without Bone Special,1
ORD037140,China Kitchen Scissors-HY-5003B-021(5/23),1
ORD037140,Godrej Hc Easy 5m Shampo Based 20ml N.Black,1
ORD037140,Golden Girl Nail Polish- 5ml,1
ORD037140,J.P ST Side Clip-JSC10,1
ORD037140,Jordana Lip Liner 0.85g,1
ORD037140,L.A Girl Pro. Conceal HD- 3pcs,1
ORD037140,Lakme Perfecting L Foundation-27ml,1
ORD037140,Lux Skin Detox Body Wash-245ml,1
ORD037140,Maybellin Colossal Kajal-0.35g,1
ORD037140,Miss & Mrs Kajal-.35g,1
ORD037140,Miss & Mrs. Velvely Matte Lipstick 2.8g,1
ORD037140,PC Mon Joli vernis-10ml,1
ORD037140,Pearl F Eyebrow Pencil -1.7g,1
ORD037140,Ponds Pure White FW-50g,1
ORD037140,Ponds White Beauty Skin Cream -50g,1
ORD037140,Prince Cone Mehedi,1
ORD037140,Sophia Astey Compact Powder- 12g,1
ORD037140,T.Laundry Soap-130g (Green),1
ORD037140,Treseme B Nourish & Rep. Shampoo-580ml,1
ORD037140,W7 Eyeliner-8ml,1
ORD037140,Wet n Wild Max Volume Mascara-8ml,1
ORD037139,Belleame Digestive Biscuit- 135g,1
ORD037139,CBL Munchee Chocolate Wafer-100g,1
ORD037139,Ch. Ice Tray(05/23),1
ORD037139,Chepa Shutki-100gm,1
ORD037139,Cocola Egg & Chicken Noodles - 500gn,1
ORD037139,Funtastic Ore Cream Biscuit-43gm,1
ORD037139,Funtastic Ore Cream Pineapple,1
ORD037139,Memory Sweet Pitha Box,1
ORD037139,Muslim Fish Papor-100g,1
ORD037139,Muslim Jhinuk-200g,1
ORD037139,Prince Vinegar-400ml,1
ORD037139,Spark Water Bottle- 700ml,1
ORD037139,Wave Air Freshner Lemon-300ml,1
ORD039075,Kwality Korian Handkerchief-KH,1
ORD039075,Polar Ice-Cream Kheer-1Ltr,1
ORD039075,Savoy Ice Cream-120ml ( Butter Scotch),1
ORD039720,Bashundhara Atta-2kg,1
ORD039720,Chicken Wings & Drumsticks- 500g,1
ORD039720,Dry Puti Shutki 100gm,1
ORD039720,Kit-Kat 2 Finger- Dubai-3 In 1,1
ORD039720,Musur Pulse Kangaroo -1Kg (sp),1
ORD039720,Sensitive Ex Pepsodent Toothpaste-80g,1
ORD039722,CBL Munchee Stix Choc.Wafer,1
ORD039722,Coca Cola-600ml(Pet),1
ORD039722,Dove Beauty Cream Bar- 90gm White,1
ORD039722,HRC Clone Tea-400gm Poly,1
ORD039722,Net Pumpkin (Jali Kumra)-Pc,1
ORD039722,Prince Bread(Special)-400g,1
ORD039722,Sensodyne Fresh Gel Toothpaste-40g,1
ORD039722,Snickers Chocolate-50gm,1
ORD039722,Teer Sugar-1Kg,1
ORD039723,Black Berry (Kalo Jam),1
ORD039723,Borboti(kg),1
ORD039723,Brinjal Long (Thin)-kg,1
ORD039723,Brinjal Oval ( Tal Begun ) -kg,1
ORD039723,Coca Cola-2.25Lt(Pet),1
ORD039723,Cock Roast (Deshi)-PC,1
ORD039723,CP Chicken Nugget-320g,1
ORD039723,Cucumber (Hybrid)-kg,1
ORD039723,Diploma Ins Milk Powder-400g,1
ORD039723,Green Chilli(kg),1
ORD039723,Green Papaya(kg),1
ORD039723,IDC Kelloggs Oats- 400g,1
ORD039723,Ladies Finger (Vendi)-kg,1
ORD039723,Motor Vaja-15g,1
ORD039723,Mr. Noodles Korean S Spicy- 248gm,1
ORD039723,Olay T.E.Regular Cream-20gm,1
ORD039723,Prince Lacha Samai-200g(Pkt),1
ORD039723,Quality Plain Paratha 10Pcs-600gm,1
ORD039723,Roja Shrimp Tempura- 224g,1
ORD039723,Savlon Aloe Vera Hand Wash- 200ml,1
ORD039723,Shipon Stone Ear Ring-051,1
ORD039723,Sweet Pumpkin(kg),1
ORD039723,Teer Soyabean Oil-1Ltr,1
ORD039723,Tomato L.C(kg),1
ORD039723,Vim Bar Lemon-125gm,1
ORD039723,Vim Dishwash Liquid- 250ml,1
ORD039719,Aarong Ghee 200g,1
ORD039719,Akher Sugar -1kg,1
ORD039719,Bashundhara Paper Napkin-100p,1
ORD039719,Cassia Leaf-100gm (Tespata),1
ORD039719,Freedom Heavy Flow Wings-16pads,1
ORD039719,Golden Raisin (Kismis)-200gm,1
ORD039719,Kath Badam-100g,1
ORD039719,Nido FCMP BIB-350g,1
ORD039719,Perfumed Facial Tissue - 200Sheet,1
ORD039719,Prince Dubli Pulse-1kg,1
ORD039719,Radhuni Chatpati Masala 50Gm,1
ORD039719,Rupchanda Soyabean-2Lt-PET,1
ORD039719,Sprite-1.25 Lt(Pet),1
ORD039719,Teer Atta 2kg,1
ORD039719,Universe Spiral Khata-300page,1
ORD039721,Bisk Club Salty Salted Biscuit - 95g,1
ORD039721,Ch. Tiffin Box(05/23),1
ORD039721,Fay Facial Tis-150Pcs 300Sheets,1
ORD039721,First Choice-100gm,1
ORD039721,KS Pearl Moti Mala-07,1
ORD039721,KW.S False Nails-LL,1
ORD039721,Madina VIP Morium Dates -Kg(Loose),1
ORD039721,Photo Fream-051,1
ORD039721,Prince Bread(Suger Free)-400g,1
ORD039721,Prince Fruits Cake(B),1
ORD039721,Prince Plain Cake(B),1
ORD039944,Beef Bone Full,1
ORD039944,Fresh Hand Towel- 250Pcs,1
ORD039944,Musur Pulse Deshi-1Kg,1
ORD039944,Onion Deshi(New)-kg,1
ORD039945,P.Drinko Float Lichi Drink-250ml,1
ORD039945,Pran Up 2Lt,1
ORD034678,Piller,1
ORD034678,Scissor,1
ORD034677,Dhakna,1
ORD034677,Hot Mug,1
ORD036010,Fresh Atta-2kg,1
ORD036010,Onion LC New,1
ORD036010,Pabda Fish (Small) (HB),1
ORD036010,Poa Fish Small-(Deshi),1
ORD037141,Beef Bone Full,1
ORD037141,Kaveri Mehendi Cone 2pcs -25g,1
ORD037141,Kolson Macarony-200gm All Flv.,1
ORD037141,Lassa Special Semai-500g(Pkt),1
ORD037141,Loreal Infallible Mattifying Base-30ml,1
ORD037141,Oregano Bottle-10gm,1
ORD037141,Prince Lacha Samai-200g(Pkt),1
ORD037228,Gillette Vector 6pcs,1
ORD037228,Kolson Vermicelli-200g,1
ORD037228,Mutton (Lever),1
ORD037228,Pran Lachcha Samai-200gm,1
ORD039076,BE Till Naru- 15Pcs,1
ORD039076,Fresh Healthy Choice S Biscuits-80g,1
ORD039076,Golap Pitha-5pcs Pkt,1
ORD039076,Hawlader Sunglass-09,1
ORD039076,Mixed Fruit Box - 250g,1
ORD039076,Shamuk Pitha-Pkt,1
ORD039068,Akher Sugar -1kg,1
ORD039068,Raisin Sesame Bread- 320g,1
ORD039278,Amul Milk Chocolate- 40gm,1
ORD039278,Cadbury Dairy Milk Silk Plain- 150gm,1
ORD039278,Fresh Soyabean Oil-1Lt.,1
ORD022548,Dhakna,1
ORD022548,Jafran,1
ORD024185,Queens Nun Bread- 250g,1
ORD024185,RD Coffee Cold Milk -200ml,1
ORD040168,Aarong Cheezarella Cheese-200gm,1
ORD040168,Aarong Sliced Cheese Pizza-204g,1
ORD040168,Chicken Burger Patty-240gm,1
ORD040168,Cute Water Bottle-400ml,1
ORD040168,Fry Pan Without Lid-22cm,1
ORD040168,Green Park Mushrooms Whole-425gm,1
ORD040168,Kazi French Fries-500g,1
ORD040168,Kurkure Chilli Chatka-80g,1
ORD040168,Pigeon-1PC,1
ORD040168,Queens Burger Bread (BUN)- 250g,1
ORD040168,Reenpark Sweet Corn-425g,1
ORD040168,Rupchanda Fish,1
ORD040168,Telapia Fish Big (THR),1
ORD040168,Ultra Fruitn Yogurt Strawberry-75ml,1
ORD040363,Akher Sugar -2kg,1
ORD040363,Foster Clarks Orange-250g,1
ORD040363,Fresh Refined Sugar-1000gm,1
ORD040363,Kings Sunflower Oil-1Ltr,1
ORD040363,Prince Lacha Samai-200g(Pkt),1
ORD040363,Seylon Family Blend Tea-200g,1
ORD040363,Special Chinigura Rice-1Kg,1
ORD040761,Bashun Paper Towel 1Ply- 250Pcs,1
ORD040761,Boot Pulse(Broken)1Kg,1
ORD040761,Chaka Advanced Ball Soap-125gm,1
ORD040761,China Jhilmil Majuni (4/23),1
ORD040761,Chira-500g,1
ORD040761,Dream Lollipop- 1pcs,1
ORD040761,Garlic China Big-(kg),1
ORD040761,Green Chilli(kg),1
ORD040761,K.S Kemei Hair Trimmer-KM236,1
ORD040761,Marks Milk Shake AS-125,1
ORD040761,Meril Milk & Rose Soap 100gm,1
ORD040761,Mola Fish (THR),1
ORD040761,Mug Pulse (Sona)-1kg,1
ORD040761,Odomos Mosquito Cream-100g,1
ORD040761,Onion LC New,1
ORD040761,Pepsodent Gremichek+ Toothpaste-100gm,1
ORD040761,RD Chocolate Milk -200ml,1
ORD040761,Saad Sweet Chilli Sauce-340gm,1
ORD040761,Sensodyne Toothbrush Soft,1
ORD040761,Teer Sugar-1Kg,1
ORD040761,Vim Liquid Dish Wash-500ml,1
ORD040761,Wheel 2in1 Clean & Fresh Powder-1Kg,1
ORD040826,ACI Pure Halim Mix B2 G1-100g,1
ORD040826,ACI Pure Kabab Masala B2 G1-50g,1
ORD040826,Akher Sugar -2kg,1
ORD040826,Austogram Mozzarella Cheese-250gm,1
ORD040826,Chicken Sausage-350gm,1
ORD040826,Corn Flakes Real Honey- 300,1
ORD040826,Dolphin Nata Drinks-(All Flv.)350ml,1
ORD040826,Fresh Ins. Noodles Masala (B2G1)-496gm,1
ORD040826,Hat Elbow Pasta- 500gm,1
ORD040826,IDC Kelloggs Chocos 250g,1
ORD040826,Jhok Mok Dish Wash Bar 100g B3 G1,1
ORD040826,Kaveri Mehendi Cone 2pcs -25g,1
ORD040826,Kolson Vermicelli-200g,1
ORD040826,Mama Tomyum Cup Noodles-62g,1
ORD040826,Milk Vita IFCMP Milk Powder-500gm,1
ORD040826,Mixed Fruit Box - 250g,1
ORD040826,Muslim Muruli -200g,1
ORD040826,Muslim Till Naru-1 Box,1
ORD040826,P Thai Noodles Oriental B3G1-150g,1
ORD040826,Palletoss Gol Gappa 500gm,1
ORD040826,Partex Cleen Kitchen Towel-1Roll,1
ORD040826,Pran Jhotpot Chicken Lollipop- 400gm,1
ORD040826,Prince Borhani-1.5Ltr,1
ORD040826,Radhuni Garam Masala-40gm,1
ORD040826,Radhuni Mejbani Beef masala-68g,1
ORD040826,Remia Garlic (All)-250ml,1
ORD040826,Rok Bleaching Powder(500g),1
ORD040826,Rooh Afza -750ml,1
ORD040826,Safe Hand wash (Purpel) 300ml,1
ORD040826,Shezan Tomato Ketchup-1Kg,1
ORD040826,Snickers Minis-333g,1
ORD040826,Sun Chips Tomato Tango-75gm,1
ORD040826,Surf Excel Alov Vera Wash -1000g,1
ORD040826,T.Twister Orange F Drink- 1.5L,1
ORD040826,Toi Moi Vanilla C Wafer Biscuits-18pcs,1
ORD040826,Yowe Oyster Sauce -510gm,1
ORD040828,Dettol Soap B3 Get 30tk Off- 75 gm,1
ORD040828,Dragon Fruits (B),1
ORD040828,Erko Mallow World- 150g Pkt,1
ORD040828,Flormar Nail P. Remover 125ml (All),1
ORD040828,Funtastic Cake Cranival Box-363gm,1
ORD040828,Haiko Tasting Salt-100gm,1
ORD040828,Haribo Peaches Candy- 80g,1
ORD040828,Himalaya Glow Rose F/W-100ml,1
ORD040828,Iko S.F Digestive Biscuts-178g,1
ORD040828,Julies LLW.Cube Choc Hazelnut150g,1
ORD040828,Kelloggs Chocos-1.15 Kg,1
ORD040828,Maggi Soup Thai- 35g 4Pcs Combo,1
ORD040828,Muslim Chira Vaza-200g,1
ORD040828,Nag Fruits-kg,1
ORD040828,NAJ salted Biscuits -400gm,1
ORD040828,Patersons Shortbread Fingers-300gm,1
ORD040828,Plain Paratha 20Pcs - 1300gm,1
ORD040828,Spaghetti Pasta Hat - 400gm B1G1,1
ORD040828,Trix Lemon Soap - 300g,1
ORD040828,White Mustard-200gm,1
ORD040824,AG Chicken Spicy Nuggets-250g,1
ORD040824,Beef Mini Samusa 250gm (Prem),1
ORD040824,Bit Salt Powder- 80g Bottle,1
ORD040824,Brooke Bond Taaza Tea- 400gm,1
ORD040824,C.N Chicken Breaded Crispy Strips -250gm,1
ORD040824,CBL Munchee Nice Biscuit-230g (Premium),1
ORD040824,Chicken Spring Roll - 250gm,1
ORD040824,Coca Cola (Rasa Asli) 320ml,1
ORD040824,Cocola Wafer Roll Jar-325gm,1
ORD040824,Farmland FCMP 500g,1
ORD040824,H&S Black Bourbon Biscuts-100g,1
ORD040824,Hat Tortolino Macaroni -500gm,1
ORD040824,Hazrat Mozzarella Cheese- 250gm,1
ORD040824,Ifad Eggy Inst. Noodles B2G1,1
ORD040824,Knorr Soup-24gm,1
ORD040824,Maggi Healthy Soup Veg(4pcs combo),1
ORD040824,Mama Hot & Spicy Cup Noodles-62g,1
ORD040824,Meril Milk Beli Soap-150gm,1
ORD040824,Minister Bright Wash Detergent-1000gm,1
ORD040824,Mirzapore Best Leaf Tea-400g,1
ORD040824,Muslim Fry Chick Peas-200g,1
ORD040824,Prince Egg Noodles 300gm,1
ORD040824,Prince Lacha Samai-200g(Pkt),1
ORD040824,Puck Cream - 160gm,1
ORD040824,Radhuni Falooda Mix Vanilla-250gm,1
ORD040824,Radhuni Kabab Masla-50gm,1
ORD040824,Sagu-250g,1
ORD040824,Sakura Plum Dry-115g,1
ORD040824,Sammi Mix Fruit -330ml,1
ORD040824,Sensodyne Repair&Protect Toothpaste-100g,1
ORD040824,Surf Excel W Aloe Vera-1kg,1
ORD040824,Sweet Green Mango,1
ORD040824,Swetened Condensed Milk-No.1,1
ORD040824,Vegetable Spring Roll,1
ORD040824,Vermicelli Samai-200gm,1
ORD040824,Vim Dishwashing Liquid- 500ml,1
ORD040824,Vinyt Red Grape Juice Can-240ml,1
ORD040825,ACI Aerosol 475ml,1
ORD040825,Dettol Skincare Soap-125gm,1
ORD040825,Dove Intense Repair Shampoo-170ml,1
ORD040825,Good Knight Advance Cartridge,1
ORD040825,Johnsons Baby Cream Milk-100ml,1
ORD040825,Lux Soft Skin Body Wash-245ml,1
ORD040825,Mouse Glue Trap,1
ORD040825,Odonil Air Freshner B2 G1-75g,1
ORD040825,Salted Cashews-(B1G1free)50gm,1
ORD040825,SDGD LED Flash Light SD-8670,1
ORD040825,Sensodyne Fresh Gel Toothpaste-40g,1
ORD040825,Sk Red Grape Juice-1L,1
ORD040825,Sun Chips Mix Masala-35gm,1
ORD040825,Sunsilk conditioner Perfect Straight-80m,1
ORD040825,Surf Exel 1KG Bye2 Get Vim 250ml Free,1
ORD040825,Vaseline Cocoa Glow Lotion- 400ml,1
ORD040821,"10"" Double Color Coup Plate",1
ORD040821,Gelatine Powder-50gm,1
ORD040821,"Italiano 10"" Coup Plate",1
ORD040821,KSF Mozzarella Cheese - 250gm,1
ORD040821,Marshmallow-100gm,1
ORD040821,Prince Borhani-2Ltr,1
ORD040821,Radhuni Chatpati Masala 50Gm,1
ORD040821,RD Milk Mango-200ml,1
ORD040821,Royal Garden,1
ORD040821,Saad Monosodium G Foil Pack- 100g,1
ORD040821,Shammi Mango Juice-1L,1
ORD040821,Snickers Chocolate-50gm,1
ORD040827,Aaram Orange Juice- 1L,1
ORD040827,Bio Active Goat Milk Soap-70g,1
ORD040827,CBL Munchee Cream Chocolate Wafer-200g,1
ORD040827,China Small Rabbit Toy (06/23),1
ORD040827,Islam Water Filter-5,1
ORD040827,Lemon White Detergent Powder B3G1 -500Gm,1
ORD040827,Mirzapore BOP-500gm,1
ORD040827,Mug Pulse (Sona)-1kg,1
ORD040827,Musur Pulse Deshi-1Kg,1
ORD040827,Pepsodent Crcol & L Toothpowder-100g,1
ORD040827,Prabhuji Soan Papdi -200g,1
ORD040827,Prince Khesari Pulse-1Kg,1
ORD040827,Pusti HT Noodles M-220gm B2G1,1
ORD040827,Ramisa Papar-10Pcs,1
ORD040827,Roseberry Plum Dry-115g,1
ORD040823,Sammam Fruits -Kg,1
ORD040823,Special Sugarcan Molasses,1
ORD040823,Watermelon Banglalink - Kg,1
ORD040822,Dove Hair Fall Shampoo-650ml,1
ORD040822,Organikare Miracle Face Wash - 100gm,1
ORD040822,Prince Sour Curd-1kg,1
ORD040822,Pringles Cheesy Cheese-134g IDC,1
ORD040822,Quality Premiun Paratha 20Pcs-1300g,1
ORD040822,Ramisa Fri Chick Peas-200gm,1
ORD040822,Ramisa-Jhal Nimki Pkt-200gm,1
ORD040822,Roja Fish Sticks 10Pcs- 240g,1
ORD040822,Shammi Juice Drink (All)-250ml,1
ORD040822,Vinut Red Grape Juice 250ml,1
ORD041446,Baby Corn(Fesh),1
ORD041446,Bele Fish Small,1
ORD041446,Brinjal Oval ( Tal Begun ) -kg,1
ORD041446,Capsicum Green,1
ORD041446,Cauliflower(B)-Pc,1
ORD041446,Coriander Leaf PCS,1
ORD041446,Green Chilli(kg),1
ORD041446,Rupchada Chinigura Rice 1kg,1
ORD041443,Apple(Gala),1
ORD041443,Bomby Chilli-5Pcs,1
ORD041443,Bottle Guard Big(Lau)-Pc,1
ORD041443,Ch. Green Majuni 5Pcs Set (05/23),1
ORD041443,China Cake Mould-(11/21),1
ORD041443,China Foam Majuni (4/23),1
ORD041443,China Lunch Box 6556 (5/23),1
ORD041443,China Tawa 30cm(5/23),1
ORD041443,Faysal Note Book -56,1
ORD041443,Faysal Sharpner-51,1
ORD041443,Faysal Wooden Puzzle -092,1
ORD041443,Grape White Small (IIndian),1
ORD041443,Kachki Fish (THR),1
ORD041443,Koral Fish(Big),1
ORD041443,Laitta Fish,1
ORD041443,Malta (Yellow)-kg,1
ORD041443,Pangas Fish Small (River),1
ORD041443,Piali Fish(Pachmishali),1
ORD041443,Potato Sweet-(kg),1
ORD041443,Savlon Baby Wipes 80Pcs,1
ORD041443,Savlon Liquid-1Ltr,1
ORD041443,Sharpner -03,1
ORD041443,Sharpner -22,1
ORD041443,Shokti Mango Yogurt-320gm (4pcs Combo),1
ORD041443,Shokti Vanilla Delight (4pcs Combo)-320g (Adult),1
ORD041443,Strawberry Kids (4pcs Combo)- 320g,1
ORD041443,Super Refined Naphthalene +/- 50P,1
ORD041445,Grapes (Red),1
ORD041445,Khaleque Pudding Bati-031,1
ORD041445,Savlon Baby Wipes 80Pcs,1
ORD041445,Shakti Plain Yogurt -320g (4pcs Combo),1
ORD041445,Shokti Mango Delight(4pcs Combo)- 320g (Kids),1
ORD041445,Shokti Strawberry Yogurt -320g (4pcs Combo),1
ORD042741,ACI Pure Salt-1Kg,1
ORD042741,Akher Sugar -1kg,1
ORD042741,Beef Without Bone Special,1
ORD042741,Chola Pulse-1kg,1
ORD042741,Cow Lever-K,1
ORD042741,Cucumber Deshi (kg),1
ORD042741,Katol Fish Big,1
ORD042741,Madina VIP Morium Dates -Kg(Loose),1
ORD042741,Prince Lacha Samai-200g(Pkt),1
ORD042744,Gambit Body Spary-200ml,1
ORD042744,Golden Raisin (Kismis)-200gm,1
ORD042744,Green Chilli(kg),1
ORD042744,Methi Powder 100gm,1
ORD042744,Methi-100Gm,1
ORD042744,Morium Special Dates-Kg(Loose),1
ORD042744,Rupchanda(Small) (THR),1
ORD042744,Shrimp Fish Bagda,1
ORD043515,ACI Pure Salt-1Kg,1
ORD043515,Baby Cherie Cotton Buds-100pcs,1
ORD043515,Clinic Plus Shampoo-340ml,1
ORD043515,Cocola Champion Biscuits-65g Choco,1
ORD043515,Freedom Heavy Flow Wings-16pads,1
ORD043515,Jhok Mok Dish Wash Bar 100g B3 G1,1
ORD043515,Monia Lock RTG Cont 200ml-917837,1
ORD043515,Olympic Nutty Biscuits 80g,1
ORD043515,Orna House Hijab-013,1
ORD043515,Quaker Oats- 450g Pkt,1
ORD043515,Teer Suji 500gm,1
ORD043520,Arla Sandwich Slice- 200gm,1
ORD043520,Capsicum Green,1
ORD043520,Chocolate Digestive 145gm,1
ORD043520,Fresh Deshi Primium Mosur Dal-1kg,1
ORD043520,G H. Premium Deshi Paratha-1300gm,1
ORD043520,IGLOO 1Ltr (Strawberry Sparkle),1
ORD043520,Milk Marie Biscuit- 210g,1
ORD043520,Olympic Marie Gold Biscuits-190gm,1
ORD043520,Olympic Saltes Classic Biscuits-50g,1
ORD043520,Pomegranate (Mitulla)-B,1
ORD043520,Pran Mango Bar-10Pcs,1
ORD043520,Ramisa Nut(Oil)-200gm,1
ORD043520,RFL Diamond Jar-2.5L,1
ORD043520,Yeast-100gm,1
ORD043517,Aarong Sliced Cheese Classic- 204g,1
ORD043517,Aquafina Drinking Water-1Ltr,1
ORD043517,Azoa Dates-500gm,1
ORD043517,China Lunch Box 8539(5/23),1
ORD043517,Gluco Max D- 200gm,1
ORD043517,Horlicks -400gm,1
ORD043517,Mango Himsagor (Special)-kg,1
ORD043517,UHT Chocolate Milk Drink-125ml,1
ORD043522,Bashundhara Khata P-M-SPI-204 Pages,1
ORD043522,Ch. Pencil Box (4/23),1
ORD043522,GG Ball Pen Matal-54,1
ORD043522,GG Sticky Notes-03,1
ORD043522,Good Luck Fast Gel Pen-pcs,1
ORD043522,UHT Mango Milk-200ml,1
ORD043522,Universe Khata Spiral-200page,1
ORD043516,Black Fighter Max 10pis b,1
ORD043516,China Foam Majuni (4/23),1
ORD043516,Cosco Soap-80gm,1
ORD043516,G H. Chicken Shami Kabab - 250gm,1
ORD043516,Jimmy Chocolate - 80gm,1
ORD043516,Lifebuoy Liquid Total Hand Wash-170ml,1
ORD043516,Milk Soft Candy- 50g,1
ORD043516,Muslim Masala Badam-100g,1
ORD043516,Muslim Moogdal Vaza-200g,1
ORD043516,N.W. Roasted Salted Peanut- 50gm,1
ORD043516,Pran Frooto Mango Juice-1Lt,1
ORD043518,Amra(kg),1
ORD043518,Dollys Mango Pickle-200g,1
ORD043518,Garnier Bright Complete Serum Cream-45g,1
ORD043518,Madina VIP Morium Dates-500gm,1
ORD043518,Mango Rupali (Special)-kg,1
ORD043518,Mixed Vegetable (Kg),1
ORD043518,Pran Vermicelli Samai-200gm,1
ORD043514,Sajeeb Soft Drink Powder Mango-500gm,1
ORD043514,Tal Misri (Sugar Candy)-200g,1
ORD043519,Cake Topper-07,1
ORD043519,China Party Balloon-20pcs (4/23),1
ORD043519,Faysal Back Drop-08,1
ORD043519,Faysal Birthday Cap-05,1
ORD043519,Faysal Fringe Curtain-08,1
ORD043519,Faysal LED Candle-52,1
ORD043519,Faysal Musical Iuminous Candle-051,1
ORD043519,Faysal Party Spray-06,1
ORD043519,Lamia Color Ribbon-03 (4/23),1
ORD043519,Lamia Number Candle-53 (4/23),1
ORD043519,Monty Ballon 100p-021,1
ORD043519,Pumper-57,1
ORD043519,Snickers Chocolate-50gm,1
ORD043519,Swiss Roll Strawberry Cake-375gm,1
ORD043521,Aarong Pasturized FC Milk 1000ml,1
ORD043521,Belleame Digestive Biscuit- 135g,1
ORD043521,Coca Cola-600ml(Pet),1
ORD043521,Coffee Maker- 011,1
ORD043521,KurKure Chili Chatka 37gm,1
ORD043521,Prince Lacha Samai-200g(Pkt),1
ORD043521,R.Chanachur Classic 100 gm,1
ORD043521,RFL Globe Jar -200ml,1
ORD033350,Chicken Deshi (Pakistani) Cock,1
ORD033350,Sunsilk Hijab Refresh Shampoo-330ml,1
ORD033945,Alam Baby Dress-031,1
ORD033945,Bashundhara Atta-2kg,1
ORD033945,China Baby Football-(5/23),1
ORD033945,Coke Org /250 ml,1
ORD033945,Doodles Stick Noodles-300gm,1
ORD044505,Kazi Aloo Puri-450,1
ORD044505,Kazi Chicken Samosa-250g,1
ORD044508,Farmland Brown Atta-1kg,1
ORD044536,Apple(Gala),1
ORD044536,Clear Anti Hairfall Shampoo- 330ml,1
ORD044536,Dragon Durable Coil Lemon Flavour-10Pcs,1
ORD044536,Funtastic Milk.M Biscuit-225gm(B3G1),1
ORD044536,Godrej No.1 Sandal Soap-100g,1
ORD044536,Shezan Corn Flakes-275gm,1
ORD044536,Sunsilk conditioner Perfect Straight-80m,1
ORD044536,Sunsilk Shampoo Thick & Long-650ml,1
ORD044538,Amloki,1
ORD044538,Banana Green Small-kg,1
ORD044538,Kishwan Lexus Biscuit-216g (B2G1),1
ORD044538,Maggi Masala Noodles 12Pcs-744g,1
ORD044538,Mrigel Fish M,1
ORD044538,Orange (China) Net-kg,1
ORD044538,Special Sugarcan Molasses,1
ORD044538,Tamarind Sora Special Wrapping,1
ORD044538,Usta(kg),1
ORD044674,Akher Sugar -1kg,1
ORD044674,Garlic China Big-(kg),1
ORD044674,Pabda Fish (Big),1
ORD044674,Tomato L.C(kg),1
ORD044812,Aarong Laban-500ml,1
ORD044812,Aer Spray Cool- 270ml,1
ORD044812,Barley For Eating-200gm,1
ORD044812,Bashu Facial Tissue 240Sheet,1
ORD044812,Bashundhara Atta-2kg,1
ORD044812,Foxs CC Fruits Chocolate 90g,1
ORD044812,Harpic Power Plus Toilet Cliner-1000ml,1
ORD044812,Odonil Air Freshner-50g Combo (40 OFF),1
ORD044812,Pastavilla Penne Rigate Pasta- 500g,1
ORD044812,Pepsodent Orange Toothpaste-45g,1
ORD044812,Premio Diamond Mug - 2L All,1
ORD044812,Prince Bread(Special)-400g,1
ORD044812,Prince Sour Curd-1kg,1
ORD044812,Pusti Soyabean Oil-1Ltr Poly,1
ORD044812,Radhuni Kachchi Biriyani Masala-40g,1
ORD044812,Radhuni Mustard Oil-500ml,1
ORD044812,Spring Air Fershner Flora-300ml,1
ORD044812,Starship Mango Fruit Drink- 125ml,1
ORD044813,Akher Sugar -1kg,1
ORD044813,Alfa Mayonnaise-473ml,1
ORD044813,CBL Munchee Stix Choc.Wafer,1
ORD044813,Chicken (B-Skin Less),1
ORD044813,Dettol Alovera Soap Bar-125gm,1
ORD044813,Eon Vegetable Singara- 400gm,1
ORD044813,Hubba Bubba Mega Gum-56gm,1
ORD044813,Ifad B2 Nutri Bites G1 Cheesy Bites-180g,1
ORD044813,Mr.Noodles easy instant 16pkt 62gm,1
ORD044813,Nocilla Cocoa Spread-190g(cho),1
ORD044813,Polar Cake - 1Ltr,1
ORD044813,Puti Fish (Deshi) (HB),1
ORD044813,Queens Egg Bread- 125g,1
ORD044813,Radhuni Vermicili Semai -200g,1
ORD044813,Sun Chips Tomato Tango-75gm,1
ORD044813,Yokozona Twisty Goodness Crackers-60g,1
ORD044817,Aarong Pasturized FC Milk 1000ml,1
ORD044817,Angelic Fresh 300ml(Orchid Breeze),1
ORD044817,Bragg Apple Cider Vinegar-473ml,1
ORD044817,Chicken Samosa-250gm,1
ORD044817,Dettol Lqd HW-170ml Original (Refil),1
ORD044817,Jhatpat Deshi Paratha (20P)-1300g,1
ORD044817,Madhuban Oval Paan Masla,1
ORD044817,Madina VIP Morium Dates-500gm,1
ORD044817,Orange (Sa) Kg,1
ORD044817,Pepsodent Crcol & L Toothpowder-100g,1
ORD044817,Prince Coconut-(pcs),1
ORD044817,Prince Ovaltin Cake(B),1
ORD044817,Red Chira -500gm,1
ORD044817,Tamarind Sora Special Wrapping,1
ORD044817,Vim Dishwashing Liquid- 500ml,1
ORD044814,7 in One Hair Oil Almond-200ml,1
ORD044814,Ayir Fish (Small)-(HB),1
ORD044814,Big Babol Gum-20gm,1
ORD044814,Fay Facial Tis-150Pcs 300Sheets,1
ORD044814,Fresh Atta-2kg,1
ORD044814,Fresh Soyabean Oil-1Lt.,1
ORD044814,Katol Fish Big,1
ORD044814,Lifebuoy Liquid Total Hand Wash-170ml,1
ORD044814,Mango Langra,1
ORD044814,Nescafe Classic Jar-25gm,1
ORD044814,Vim Liquid Dish Wash-500ml,1
ORD046571,ACI Pure Salt-1Kg,1
ORD046571,Akher Sugar -1kg,1
ORD046571,B Toilet Tissue Extra Saving Pack 4Rolls,1
ORD046571,Black Cumin (Kalijira)-100gm,1
ORD046571,Blender Choice Tea 100gm,1
ORD046571,Chashi Aromatic Chinigura Rice-1Kg,1
ORD046571,Cinnamon-100g (Daruchine),1
ORD046571,Clean & Clear (Aqua Splash)-50ml,1
ORD046571,Cumin-400gm,1
ORD046571,Dettol Cool Soap -125gm,1
ORD046571,Diploma Milk Powder-500g,1
ORD046571,Milk Vita (Ghee)-200g,1
ORD046571,Poppers Corn-Coco Chips-25gm,1
ORD046571,Prince Bread(Special)-400g,1
ORD046571,Puck Cream - 160gm,1
ORD046571,Radhuni Chilli Powder -200gm,1
ORD046571,Rin Advanced-500gm,1
ORD046571,S.Lemon Burst Antiseptic Handwash-180ml,1
ORD046571,Savlon Wet Wipes 10Pcs,1
ORD046571,Trix Lemon Soap - 300g,1
ORD046571,Vim Bar 300g (Lemon),1
ORD046571,Wheel Laundry Soap 125g,1
ORD047110,Doodles Stick Noodles-300gm,1
ORD047110,Fresh Insta Full cream Milk Powder-500gm,1
ORD047110,Horlicks lite Jar-400g,1
ORD047110,Shrimp Fish Small (THR),1
ORD047384,Apple Fuji,1
ORD047384,Calender Pineapple,1
ORD047384,Grape White Small (IIndian),1
ORD047384,Horlicks Womens Plus 400g Jar,1
ORD047384,Prince Cream Bread Bon,1
ORD047384,Thai Guava,1
ORD047384,Thai Papaya Ripe Red Lady,1
ORD047412,Chola Pulse-1kg,1
ORD047412,Haiko Agar Agar-30g,1
ORD047412,Haiko Baking Soda-40gm,1
ORD047412,P.Frooto Mango Juice-250ml,1
ORD047412,Poppers Corn-Coco Chips-25gm,1
ORD047412,Prince Khesari Pulse-1Kg,1
ORD047412,Sagu-250g,1
ORD047418,Chaka Washing Powder-1000g,1
ORD047418,Garlic Powder-100g,1
ORD047418,Ginger Powder 100g,1
ORD047418,Haiko Mace Powder-20g,1
ORD047418,Mustard Powder-50gm,1
ORD047418,Nutmeg Powder-20g,1
ORD047418,R.Spices(Chilli)-100g,1
ORD047418,UHT Chocolate Milk-200ml,1
ORD047414,Bashundhara F Soyabean Oil-5L,1
ORD047414,Brinjal Oval ( Tal Begun ) -kg,1
ORD047414,Cucumber (Hybrid)-kg,1
ORD047414,Dettol Cool HW-170ml(Refil),1
ORD047414,Fay Toilet tissue White-180Sheets,1
ORD047414,Lifeboy Liquid Hand Wash(Lemon F)-170ml,1
ORD047414,Mama Shrimp Flavour Noodles-248g,1
ORD047414,Marks FCMP-500gm(F. Pack),1
ORD047414,Olympic C.Marie Biscuits-240gm,1
ORD047414,Partex Cleen Toilet Tissue Super Soft,1
ORD047414,Shrimp Fish Bagda,1
ORD047419,Ladies Finger (Vendi)-kg,1
ORD047419,Maggi 2min Masala-248g (Jumbo),1
ORD047419,Milk Marie-285gm,1
ORD047419,Onion LC New,1
ORD047419,Potato Deshi New-1kg,1
ORD047419,Radhuni Spices Cumin-100gm,1
ORD047419,Senora Confidence-15Pads,1
ORD047419,Sweet Pumpkin(kg),1
ORD047419,Thai Papaya Ripe Red Lady,1
ORD047419,Zerocal 25-Sachets,1
ORD047420,Borboti(kg),1
ORD047420,Godrej Hc Easy 5m Shampo Based 20ml,1
ORD047420,Telapia Fish Big (THR),1
ORD047745,Akher Sugar -1kg,1
ORD047745,Banana Mocha-Pc,1
ORD047745,Cabbage-Pc,1
ORD047745,Capsicum Green,1
ORD047745,Coriander Leaf Pcs-100gm,1
ORD047745,Cucumber Deshi (kg),1
ORD047745,R. Flavouring Essence Vanilla-28ml,1
ORD047745,Tulardandy Fish Big-(MNK),1
ORD047745,Wichy Organic E Virgin Coconut Oil-300ml,1
ORD048315,ACI Freedom Sanitary Napkin-15pads,1
ORD048315,Bas. Kitchen Towels 1Roll,1
ORD048315,China Hook (05/23),1
ORD048315,Maggi Saad -E -Magic S Mix-48g,1
ORD048315,Noodles Masala-35g,1
ORD048315,Radhuni Beef Curry Masala- 100gm,1
ORD048315,Radhuni Chicken Masala-100gm,1
ORD048315,Radhuni Fish Cury Masla-100g,1
ORD049132,Boot Pulse(Broken)1Kg,1
ORD049132,Brooke Bond Taaza Black Tea-200g,1
ORD049132,China Toilet Brush (4/23),1
ORD049132,Cumin Powder-100gm,1
ORD049132,Dust Black Pepper(Chili)-50g,1
ORD049132,Fresh Coriander Power-100gm,1
ORD049132,Fresh Premium Tea Bag-50pcs,1
ORD049132,Harpoon Toilet Cleaner- 750ml,1
ORD049132,Lifebuoy Liquid Total Hand Wash-170ml,1
ORD049132,Maggi Masala Noodles Family Pack-992gm,1
ORD049132,Mediplus DS Toothpest-90g,1
ORD049132,Mirzapur Tea Bag-100gm,1
ORD049132,Mixed Powder Masalla-100gm,1
ORD049132,Mug Pulse (Sona)-1kg,1
ORD049132,Musur Pulse Deshi-1Kg,1
ORD049132,Onion Powder 100g,1
ORD049132,R.Spices(Chilli)-100g,1
ORD049132,Radhuni Biriyani Masala-40g,1
ORD049132,Radhuni Chatpati Masala 50Gm,1
ORD049132,Radhuni Spices Cumin-100gm,1
ORD049132,Rin Advanced-1000gm,1
ORD049132,Rin Advanced-500gm,1
ORD049132,Ruchi Mango Pickle-400g,1
ORD049132,Ruchi Olive Pickle-400g,1
ORD049132,Ruichi Garlic Pickel-200gm,1
ORD049132,Savlon Hand Wash Ocean Blue- 200ml,1
ORD049132,Savory Roast Masala- 35g,1
ORD049132,Seylon Gold Bland Tea Bag- 100g,1
ORD049132,Shakti Strawberry Doi-320g (4pcs Combo),1
ORD049132,Taza Black Tea Bag-100g,1
ORD049132,Teer Haleem Mix-200gm,1
ORD049132,Teer Soyabean Oil-1Ltr,1
ORD049132,Vim Dishwash Liquid- 250ml,1
ORD049129,7 Up-1Ltr(Pet),1
ORD049129,Doughtnut Sugar Bread-200gm,1
ORD049129,Mars Chocolate -51g,1
ORD049129,Nestle Kitkat Chocolate- 41.5g,1
ORD049129,Plain Sugar Bread-150gm,1
ORD049129,Queens Burger Bread (BUN)- 250g,1
ORD049129,Sun Chips Wasabi-35g,1
ORD049128,Akher Sugar -1kg,1
ORD049128,China Cloth Clip with Rope(05/23),1
ORD049128,Cotton Buds-200pcs,1
ORD049128,Dove Nourishing Secrets Shampoo- 340ml,1
ORD049128,Dove Shea Butter Soap-100g,1
ORD049128,Faber Castel Eraser 1pcs-51,1
ORD049128,Fresh Toilet Value Pack 4 Pcs,1
ORD049128,Himalaya Neem Face Wash-50ml,1
ORD049128,J.B.Hair Oil-100ml (India),1
ORD049128,Khondoker Sholar Jharu-02,1
ORD049128,Lux Velvent Glow Jasmine Soap-100gm,1
ORD049128,Matador i-teen Pen-6pcs,1
ORD049128,Mini Burger Bread-4pcs 160gm,1
ORD049128,Mountain Dew-600ml Pet,1
ORD049128,Mr.Energy Biscuits-85gm,1
ORD049128,Muslim Jhal Nimki-200g,1
ORD049128,Muslim Muri Moya-12Pcs,1
ORD049128,Muslim Soft Nimki-200g,1
ORD049128,Pepsodent Gremichek+ Toothpaste-100gm,1
ORD049128,Prince Noli Toast-250g,1
ORD049128,Savlon Active Hand Wash-250ml,1
ORD049128,Trisa Fresh Super C Brush-90006,1
ORD049133,ACI Pure Salt-1Kg,1
ORD049133,Bashu. Toilet Tissue (White),1
ORD049133,Chira-500g,1
ORD049133,Cocola Champion Biscuits-65g Choco,1
ORD049133,Colgate Herbal Toothpaste-100gm,1
ORD049133,Dan Cake-Chocolate Dry Cake-300gm,1
ORD049133,Dano Instant -500g Pack,1
ORD049133,Farm Fresh Butter-200gm,1
ORD049133,Fresh Paper Napkin 100pcs,1
ORD049133,Garlic Powder-100g,1
ORD049133,Ladies Finger (Vendi)-kg,1
ORD049133,Lati Thik(Kg),1
ORD049133,Lifeboy Liquid Hand Wash(Lemon F)-170ml,1
ORD049133,Lux Soft Skin Body Wash-245ml,1
ORD049133,Madina VIP Morium Dates-500gm,1
ORD049133,Maggi Healthy Thai Soup-35g,1
ORD049133,Mr. Noodles Korean S Spicy- 248gm,1
ORD049133,Olympic Tim Tim Pineapple Cream Bis-272g,1
ORD049133,Pran Aromatic Rice-2kg,1
ORD049133,Pran Dhaka Cheese-200gm,1
ORD049133,Prince Special Chanachur-150gm,1
ORD049133,Queens Nun Bread- 250g,1
ORD049133,Real Chocolate Wafer Roll-50gm,1
ORD049133,Schick 2 Exacta Women-5+2,1
ORD049133,Trix Lemon Soap - 300g,1
ORD049133,Usta(kg),1
ORD049133,Vermicelli Samai-200gm,1
ORD049133,Wheel 2in1 Clean & Fresh Powder-1Kg,1
ORD049126,Morium Super Dates- Kg(Loose),1
ORD049126,Pusti Atta -2kg,1
ORD049218,Beef Bone Full,1
ORD049218,Marks FCMP-1Kg(F.Pack),1
ORD049218,Milk Vita Sour Curd-500gm,1
ORD049218,Mutton(1),1
ORD049219,Capsicum Green,1
ORD049219,Fresh Maida-2kg,1
ORD049219,Muslim Fuljhuri Pitha,1
ORD049219,P. Chicken Breast,1
ORD049219,Potato Bogura-1kg,1
ORD049219,Ramisa Papar-10Pcs,1
ORD049219,RD Coffee Milk B2 G1-200ml,1
ORD049644,Bashundhara Paper Napkin-100p,1
ORD049644,China Toilet Brush (4/23),1
ORD049644,Maggi Noodles Masala Taste-496g,1
ORD049644,Prince Ovaltin Cake(B),1
ORD049644,Quality Premiun Paratha 20Pcs-1300g,1
ORD049644,Sagu-250g,1
ORD050154,Amon Rice -Kg (Lose),1
ORD050154,Borboti(kg),1
ORD050154,Lemon Elachi-Pc,1
ORD050154,Mola Shutki-100gm,1
ORD050154,Rui Fish (S1)-(MNK),1
ORD050154,Usta(kg),1
ORD050292,CBL Munchee Choco-Mo White Chocolate100g,1
ORD050292,Kazi Chicken Nuggets Original-250g,1
ORD050292,Kazi Spicy Chicken Meat Balls-250g,1
ORD050288,Aarong Pasturized FC Milk 1000ml,1
ORD050288,C.N Plain Paratha 20pcs-1300gm,1
ORD050288,Prince Borhani-1000ml,1
ORD050476,Chicken (Deshi),1
ORD050476,Milk Vita Liquid Milk-1Ltr,1
ORD050476,Prince Lacha Samai-200g(Pkt),1
ORD050476,Sensitive Ex Pepsodent Toothpaste-80g,1
ORD050940,Akher Sugar -1kg,1
ORD050940,Cosco Soap 30gm,1
ORD050940,Fast Wash Detergent Powder-1000g,1
ORD050940,First Choice Salted Biscuits-180g,1
ORD050940,Green Mango(kg),1
ORD050940,HRC Clone Tea-400gm Poly,1
ORD050940,K Grisbi Biscuit-250gm,1
ORD050940,Kolson Vermicelli-200g,1
ORD050940,Master Hair Band -021,1
ORD050940,Muslim Jhal Monekka-200g,1
ORD050940,Muslim Soft Monekka-200g,1
ORD050940,Olympic Biscoti Cookies-80gm,1
ORD050940,Olympic Marie Gold Biscuits-190gm,1
ORD050940,Prince Lacha Samai-200g(Pkt),1
ORD050940,Prince Ovaltin Cake(B),1
ORD050940,Sajna(kg),1
ORD050940,Tomato L.C(kg),1
ORD050940,Usta(kg),1
ORD051152,AG French Fries-500g,1
ORD051152,AG Mini Chicken Spring Roll-250g,1
ORD051152,Chicken (B-Skin Less),1
ORD051152,Chicken (Deshi),1
ORD051152,Prince Bread(Special)-400g,1
ORD051152,Rin Advanced-500gm,1
ORD051152,Teer Atta 2kg,1
ORD051152,Teer Maida-2kg,1
ORD051152,Vatika Enriched Coconut Hair Oil-150ml,1
ORD051150,Ahmed Tomato Hot Sauce-340g,1
ORD051150,B.B Tazza Black Tea -400g,1
ORD051150,Boot Pulse(Broken)1Kg,1
ORD051150,Chicken Deshi (Pakistani) Cock,1
ORD051150,Chira-500g,1
ORD051150,Eye Of Arum(Tall) (Kachurmukhi)-kg,1
ORD051150,G H. Premium Deshi Paratha-1300gm,1
ORD051150,Garlic China Big-(kg),1
ORD051150,Haiko Mace Powder-20g,1
ORD051150,kalibaush Fish-Big (HB),1
ORD051150,Laita Shutki-200g,1
ORD051150,Laitta Fish,1
ORD051150,Net Pumpkin (Jali Kumra)-Pc,1
ORD051150,Nutmeg Powder-20g,1
ORD051150,Pigeon-1PC,1
ORD051150,Poa Fish Small-(Deshi),1
ORD051150,Prince Tiffin Bon,1
ORD051150,Queens Nun Bread- 250g,1
ORD051150,Ramisa Dal Vaja-200g,1
ORD051150,Ramisa Jhal Munakka-200gm,1
ORD051150,Ramisa Mug Dal Vaja-200g,1
ORD051150,Rupchanda(Big)-(THR),1
ORD051150,Vim Bar Lemon-125gm,1
ORD051150,Wheel 2in1 Clean & Fresh Powder-1Kg,1
ORD029587,Nescafe Original Coffee-200g,1
ORD029587,Prince Square Toast-250gm,1
ORD029587,R.Chanachur Premium Mix-200g,1
ORD039947,Ladies Finger (Vendi)-kg,1
ORD039947,Parboil (Potol)-kg,1
ORD039947,Snack Guard (Chichinga)-kg,1
ORD039947,Sweet Pumpkin(kg),1
ORD039947,Teer Sugar-1Kg,1
ORD039077,Chia Seed (Dana) New-100g,1
ORD039077,China Body Majuni (05/23),1
ORD039077,Johnsons Baby Lotion- 100ml,1
ORD039077,Johnsons Milk Rice Baby Lotion- 100ml,1
ORD039077,Marks Cookies & Cream Flavour - 200ml,1
ORD039077,Savlon Antiseptic Liquid 56ml,1
ORD039073,H&S A D Shampoo Smooth & Silky- 180ml,1
ORD039073,Omuda Silver Nailcutter-3061,1
ORD039072,Sweet Pumpkin(kg),1
ORD039072,Usta(kg),1
ORD039071,Funtastic Toni Toast- 210g,1
ORD039071,Motor Vaja-15g,1
ORD039071,Peanut Butter Sandwich 125g,1
ORD039071,Prince Noli Toast-250g,1
ORD051239,Cassia Leaf-100gm (Tespata),1
ORD051239,China Jhilmil Majuni (4/23),1
ORD051239,Diamond Allu Foil Paper- 46.7Cm,1
ORD051239,Pabda Fish (Small) (HB),1
ORD051239,Parachute Skin Pure Olive Oil-200ml (2 in 1),1
ORD051239,Pusti Atta -2kg,1
ORD051239,Radhuni Biriyani Masala-40g,1
ORD051239,Teer Soya Oil 2Lt(Bottle),1
ORD051234,Ch Balloon-20pcs pkt (5/23),1
ORD051234,Chicken Meat Ball-250gm,1
ORD051234,Haiko Baking Powder- 150g,1
ORD051234,Harpic D Shurokkha Offer- 20tk Off,1
ORD051234,Mug Pulse (Sona)-1kg,1
ORD051234,Pran Aromatic Rice-2kg,1
ORD051234,Pusti Maida -2Kg,1
ORD051234,Trix Lqd 250ml D W(Lemon),1
ORD051233,7Up 2Ltr,1
ORD051233,Akher Sugar -1kg,1
ORD051233,Arla Dano Daily Pushti-200gm Pack,1
ORD051233,B Toilet Tissue Extra Saving Pack 4Rolls,1
ORD051233,BD Kheer Mix-150g,1
ORD051233,Buter Halua-300g,1
ORD051233,Chicken Tikka Kabab-10Pcs,1
ORD051233,Dreem Jelly Straw-70gm,1
ORD051233,Jafran,1
ORD051233,Pesta Nut-50g,1
ORD051233,Pran Chatpati Masala(50g),1
ORD051233,Prince Borhani-2Ltr,1
ORD051233,Prince Dubli Pulse-1kg,1
ORD051233,Ramdhoni-50gm,1
ORD051233,Safety Plus Glass Cleaner Refil-350ml,1
ORD051233,Savlon Liquid-500ml,1
ORD051233,Starship Cond. Milk 397g,1
ORD051233,Zipbag Sandwich 165mmX150mm,1
ORD051242,Chashi Aroma.Chinigura Rice-2kg,1
ORD051242,China Steel Majuni Single-(4/23),1
ORD051242,CloseUp Toothpaste-100g,1
ORD051242,Diploma Milk Powder-500g,1
ORD051242,Fresh Refined Sugar-1000gm,1
ORD051242,Fresh Soyabean Oil-1Lt.,1
ORD051242,Fresh Toilet Value Pack 4 Pcs,1
ORD051242,G.Aer Car Freshner Sea Breeze-10gm(B3G1Free0,1
ORD051242,Garnier Bright C Serum Mask- 28g,1
ORD051242,Haiko Baking Soda-40gm,1
ORD051242,Lux Gardenia Blossom Soap- 170g,1
ORD051242,Naspati(kg),1
ORD051242,Prince Tiffin Bon,1
ORD051242,Q Omega 3 Enriched Egg (1 Dozen),1
ORD051242,Rin Advanced-1000gm,1
ORD051242,Sanjida Wash Net-54,1
ORD051242,Teer Atta 2kg,1
ORD051242,Teer Soyabean Oil-1Ltr,1
ORD051242,Trix Lemon Soap - 125g,1
ORD051242,Vim Bar Lemon-125gm,1
ORD051242,Vim Dishwash Liquid- 250ml,1
ORD051242,Vim Dishwashing Powder-500Gm,1
ORD051237,Batashi Fish (HB),1
ORD051237,Mango Himsagor-kg,1
ORD051237,Vegetable Spring Roll,1
ORD051235,Eye Of Arum(Tall) (Kachurmukhi)-kg,1
ORD051235,Mango Gobindo Vog,1
ORD051235,Tomato Sour Deshi-B (kg),1
ORD051240,Amra(kg),1
ORD051240,Bele Fish Small,1
ORD051240,Gulsha Fish(Small)-(HB),1
ORD051240,Mola Fish (THR),1
ORD051240,Odonil Air Freshner Lavender Meadows- 48gm,1
ORD051240,Shrimp Fish Bagda,1
ORD051240,Zipbag 20Bag 260mmX280mm,1
ORD051236,Ch. P. Hanger (4/23),1
ORD051236,China PVC Ball (5/23),1
ORD051290,Aarong Liquid Milk-1/2Ltr,1
ORD051290,ACI Pure Salt-1Kg,1
ORD051290,Bashundhara Atta-2kg,1
ORD051290,Cardmom-50gm(Alachi),1
ORD051290,Carrot (China)-kg,1
ORD051290,Cinnamon-200g (Daruchine),1
ORD051290,Cow Stomach-K,1
ORD051290,Mug Pulse (Sona)-1kg,1
ORD051290,Musur Pulse Kangaroo -1Kg (sp),1
ORD051290,Radhuni Kheer Mix 150gm,1
ORD051290,Radhuni Spices (Corinder)-100gm,1
ORD051290,Special Chinigura Rice-1Kg,1
ORD051301,Beef Bone Full,1
ORD051301,Binimoy Cartoon File -022,1
ORD051301,Binimoy Cartoon File -051,1
ORD051301,Brooke Bond Taaza Black Tea-200g,1
ORD051301,Ch.Vegetable/Fruits Peeler (5/23),1
ORD051301,China Baby Stiker (4/23),1
ORD051301,F Clarks Ess 28ml(Vanilla),1
ORD051301,G H Deshi Paratha(Family pack)-1300gm,1
ORD051301,GC Instant Shine Sponge-11ml,1
ORD051301,Haiko Agar Agar-30g,1
ORD051301,Kodomo Baby Bath-200g,1
ORD051301,Maggi Masala Noodles Family Pack-992gm,1
ORD051301,Maggi Vegetable Soup 4Pcs-25gm,1
ORD051301,Mixed Powder Masalla-100gm,1
ORD051301,Pran Puffedi Rice-250gm,1
ORD051301,Queens Egg Bread- 125g,1
ORD051301,Ramisa Diabetes Murali-200gm,1
ORD051301,Ramisa Mug Dal Vaja-200g,1
ORD051301,Special Chinigura Rice-1Kg,1
ORD051301,Sunsilk Black Shine Shampoo-330ml,1
ORD051301,Sunsilk Hijab Refresh Shampoo-330ml,1
ORD051301,Super Refined Naphthalene +/- 50P,1
ORD051301,Teer Premium Lodized Salt- 1kg,1
ORD051301,Teer Sugar-1Kg,1
ORD051301,Vim Bar Lemon-125gm,1
ORD051301,Wheel Laundry Soap 125g,1
ORD051301,White bread Small-300gm,1
ORD051304,Ch. Tawa-30cm(05/23),1
ORD051304,Hup Seng C Cracker - 225g,1
ORD051304,Kinder Joy Chocolate-20g (girls),1
ORD051304,Madina VIP Morium Dates-1kg,1
ORD051303,Beef Kima,1
ORD051303,Faysal Colour Balloon-04,1
ORD051303,Hilsha Fish Big-(MNK)-Pcs,1
ORD051303,Milk Vita (Ghee)-200g,1
ORD051303,Mutton (Head),1
ORD051303,Omega 3 Enriched Egg-12pcs-T03,1
ORD051303,Puck Cream - 160gm,1
ORD051303,Quality Brown Box Egg-1Dzn,1
ORD051302,Aarong Laban-250ml,1
ORD051302,Aluminium Foil Container 12pcs-510ml,1
ORD051302,Ch Water Pot-500ml (4/23),1
ORD051302,Fanta Orange Drink-250ml,1
ORD051302,Prince Bread(Special)-400g,1
ORD051302,Prince Special Saltest(400g)Bk,1
ORD051302,Sensodyne Fresh Mint Toothpaste-75g,1
ORD051453,Akrut--50g,1
ORD051453,Kath Badam-50gm,1
ORD051453,Linseed (Tishi)-250g,1
ORD051453,White Kazu Badam-50g,1
ORD051547,Akher Sugar -1kg,1
ORD051547,Apple Green,1
ORD051547,Bashundhara F Soyabean Oil-5L,1
ORD051547,Belleame Coconaoir-240gm,1
ORD051547,Cassia Leaf-100gm (Tespata),1
ORD051547,Champignons Mushrooms Whole-400gm,1
ORD051547,Cinnamon-100g (Daruchine),1
ORD051547,Confidence Salt-1Kg,1
ORD051547,Dabur Herbal.P Toothpaste-160gm,1
ORD051547,Deshi Paratha-1600g(Mega Family Pack),1
ORD051547,Dettol Cool Soap -125gm,1
ORD051547,Dettol Fresh Odour protection Lemon-125g,1
ORD051547,Diamond Foil Paper-200/60 SQ,1
ORD051547,Dove Beauty Bar Pampering-90gm,1
ORD051547,Dust Rice(Atob)-1KG,1
ORD051547,Everest Chhole masala-50gm,1
ORD051547,EverestGaram Masala-50gm,1
ORD051547,Farm Fresh UHT -200ml,1
ORD051547,Finlay E. Breakfast Tea-62.5g,1
ORD051547,Golda Fish XL,1
ORD051547,Hilsha Fish(Small)-Pcs(Sajah),1
ORD051547,Hilsha Fish-Medium-Pcs,1
ORD051547,Imperial Leather Soap-115g,1
ORD051547,Lacys Aluminium Foil(45cmx7.6m)-37.5SFt,1
ORD051547,Mediplus Toothpast-70g,1
ORD051547,Milk Vita (Ghee)-200g,1
ORD051547,Mirzapore Best Leaf Tea-400g,1
ORD051547,Mola Fish (THR),1
ORD051547,Mug Cover-202A,1
ORD051547,Mug Cover-205A,1
ORD051547,Mug Pulse (Sona)-1kg,1
ORD051547,Musur Pulse Kangaroo -1Kg (sp),1
ORD051547,Pangas Fish Small (River),1
ORD051547,Parachute Coconut Hair Oil 100ml,1
ORD051547,Pusti Soyabean Oil-1Ltr Poly,1
ORD051547,Radhuni Chilli Flakes-40gm,1
ORD051547,Radhuni Fish Curry Masala-20g,1
ORD051547,Radhuni Kabab Masla-50gm,1
ORD051547,Radhuni Spices (Corinder)-100gm,1
ORD051547,RFL Fkat Lid,1
ORD051547,Rupchanda Soyabean-5Ltr,1
ORD051547,Sajeeb Pancake Mix-500gm,1
ORD051547,Select Plus Anti D Shampoo-75ml,1
ORD051547,Shamuk Pitha-Pkt,1
ORD051547,Shan Achar Gosht Masala-50g,1
ORD051547,Shole Fish Big (THR),1
ORD051547,Sun Chips Mix Masala-35gm,1
ORD051547,Thai Papaya Ripe Red Lady,1
ORD051547,Vim Bar Lemon-125gm,1
ORD051547,Vim Dishwash Liquid- 250ml,1
ORD051547,Yusera Hand Wash -170ml (Spain)Refill,1
ORD041444,Chicken (Deshi),1
ORD041444,Sweet Pumpkin(kg),1
ORD041442,Beef Bone Full,1
ORD041442,Beef Without Bone Special,1
ORD041442,Shrimp Fish Bagda,1
ORD041442,Teer Whole Wheat Atta 2Kg,1
ORD042742,Calender Pineapple,1
ORD042742,Chicken (B-Skin Less),1
ORD042742,Khondoker Sholar Jharu-02,1
ORD042742,Teer Premium Lodized Salt- 1kg,1
ORD051546,BD Chilli Powder (100gm),1
ORD051546,Coriander Powder(100gm),1
ORD051546,Cumin Powder(50gm),1
ORD051546,Lux Rose Soap-150gm,1
ORD051546,Milk Vita (Ghee)-200g,1
ORD051546,Mixed Masalla-100gm,1
ORD051546,Pabda Fish (Big),1
ORD051546,Pran Aromatic Rice-2kg,1
ORD051546,Pure it Micro Fiber Mesh,1
ORD051546,Turmeric Powder(100gm),1
ORD051546,Vermicelli Samai-200gm,1
ORD051546,Wood Apple Small (Bell),1
ORD051548,Hazrat Ali Cheese Bakorkhani-400gm,1
ORD051548,kalibaush Fish-Big (HB),1
ORD051548,Mango Himsagor-kg,1
ORD051548,Tengra Fish,1
ORD051552,Bele Fish (Big)-(MNK),1
ORD051552,Coca Cola-600ml(Pet),1
ORD051552,Korolla(Big)-kg,1
ORD051552,Radhuni Mejbani Beef masala-68g,1
ORD051552,Rui Fish (S1)-(MNK),1
ORD051552,Rupchanda(Small) (THR),1
ORD051552,Shing Fish-(THR),1
ORD051552,Shrimp Fish Golda(Medium)-(STR),1
ORD051773,Bakemans Lexus Biscuit-58gm,1
ORD051773,Cheesy Bites-40gm,1
ORD051773,Lux Soft Glow -35g (4pcs Combo),1
ORD051771,Belleame Cremo Biscuit- 90g,1
ORD051771,Ispahani Butterful Biscuit- 75g,1
ORD051771,Shero Cream Biscut - 85gm,1
ORD052020,ACI Nutrilife F.E Rice Bran Oil-5ltr,1
ORD052020,Barley For Eating-200gm,1
ORD052020,Dr Razes NA.E Oil Air F.Floral Oil-150g,1
ORD052020,Funtastic Hebby Energy Biscuits-200gm(B3G1),1
ORD052020,Harpoon Toilet Cleaner- 750ml,1
ORD052020,Ifad Choco Kaju Butr Fr Orng-820g,1
ORD052020,Musur Pulse Deshi-1Kg,1
ORD052020,Sajeeb Kolson Vermicelli Semai (B2G1),1
ORD052020,Sepnil Sanitizing HW-170ml (B3G1),1
ORD052020,Snickers Chocolate-50gm,1
ORD052021,Dolphin Nata de Coco Drink (All)-270gm,1
ORD052021,Oral-B Criss Cross Toothbrush- B2 G1,1
ORD052021,Stute Cranberry Juice-1.5L,1
ORD052022,Aarong Ghee 200g,1
ORD052022,BD Garam Masla-50gm,1
ORD052022,Capsicum Green,1
ORD052022,Dove Hair Fall Rescue Shampoo-330ml,1
ORD052022,Dove Hijab Natural Shampo-330ml,1
ORD052022,Dream Food Colour(Orange)-28ml,1
ORD052022,Ever Glow Men Intense White FW-100ml,1
ORD052022,Layerr Shot Red Stalion BS-135Ml,1
ORD052022,Tang orange Flavoured Instant Drink Powder 75gm,1
ORD039946,Apple(Gala),1
ORD039946,Grapes (Red),1
ORD040169,China Peanut-200gm Pkt,1
ORD040169,Hilsha Fish Big-(MNK)-Pcs,1
ORD040169,Maggi 2min Masala-248g (Jumbo),1
ORD040169,Oreo Mini Cup Biscuits-20.4g,1
ORD040362,Gluco Max D- 200gm,1
ORD040362,Prince Bread(Special)-400g,1
ORD040362,Prince Orange Jelly-250gm,1
ORD040362,Sajeed ChocoMoo Chocolet-135g,1
ORD041043,Diploma Milk Powder-500g,1
ORD041043,Nutella-180g,1
ORD041043,Ruchi Red Chilli Sauce-360gm,1
ORD041235,Katol Fish XL-(River),1
ORD041235,Maggi Masala Noodles 12Pcs-744g,1
ORD041235,Wheel 2in1 Clean & Fresh Powder-1Kg,1
ORD042103,Coca Cola-2.25Lt(Pet),1
ORD042103,Ma SS Glass -57,1
ORD042103,Rupchada Chinigura Rice 1kg,1
ORD042103,SKB Plate Both Side Mirror -24cm,1
ORD042103,Sprite-600ml (Pet),1
ORD033349,Chicken Deshi Cock (Live),1
ORD033349,Ginger Barmiz-(Kg),1
ORD033349,Hilsha Fish-M (Kg),1
ORD033349,Musur Pulse Kangaroo -1Kg (sp),1
ORD044504,Chola Pulse-1kg,1
ORD044504,Rin Advanced-2kg,1
ORD044507,Aer Spray Fresh- 270ml,1
ORD044507,Milk Vita Butter-200g,1
ORD044507,Prince Bread(Special)-400g,1
ORD044507,Teer Whole Wheat Atta 2Kg,1
ORD044533,Cucumber Deshi (kg),1
ORD044533,Sajna(kg),1
ORD044815,AMA 3in1 Coffee-6Pcs (combo),1
ORD044815,BE Coffee Nut- 200gm,1
ORD044815,Fresh Oyster Mushroom - 150gm,1
ORD044815,Good Life Mozzarella Cheese-200gm,1
ORD044815,Loreal Hair Wax Hard-150ml,1
ORD044815,Motor Vaja-15g,1
ORD044815,Nescafe Creamy Latte- 6Pcs-18g,1
ORD044815,Quality Smoked Chicken Salami-200g,1
ORD044815,Ramisa Jamai Pitha - 150gm,1
ORD044815,Sun Papor Chips-18gm,1
ORD044815,Sun Prawn Crackers Chips - 20gm,1
ORD044815,Sunsilk conditioner Perfect Straight-80m,1
ORD045170,Beef Bone Full,1
ORD045170,Magur Fish (THR),1
ORD045170,Pran Nazirshail Rice -5Kg,1
ORD045170,Shole Fish Big (THR),1
ORD045170,Shrimp Fish Bagda,1
ORD045170,Teer Soya Oil 2Lt(Bottle),1
ORD045170,Teer Sugar-1Kg,1
ORD045170,Tip Biscuit Super Saver Pack-200gm,1
ORD042743,AD Plastic File Bag-012,1
ORD042743,Ch. Pencil Box (4/23),1
ORD042743,China Knife Set-(5/23),1
ORD042743,Starship Chocolate Milk-200ml,1
ORD042740,Milk Vita Liquid Milk-1Ltr,1
ORD042740,Prince Tiffin Bon,1
ORD042740,Teer Atta 2kg,1
ORD044534,Baby Corn(Fesh),1
ORD044534,Bottle Guard Big(Lau)-Pc,1
ORD044534,Carrot (China)-kg,1
ORD044534,Fresh Beet-Pc,1
ORD044534,Lati Thik(Kg),1
ORD044532,Frooto Mango Juice-500ml,1
ORD044532,KurKure Naughty Tomato 37gm,1
ORD044532,Wood Apple Big (Sorbot Bell),1
ORD037818,Beef Bone Full,1
ORD037818,C.N Plain Paratha 20pcs-1300gm,1
ORD039069,Muslim D Khurma-200g,1
ORD039069,Prince Sweet Toast Biscut-400gm,1
ORD039069,Ramisa-Murali Pkt-200gm,1
ORD039067,Chicken (B-Skin),1
ORD039067,Cock Roast (Deshi)-PC,1
ORD039067,Mutton (Special)-Kg,1
ORD039074,Assorted DSGN Scarf Pin-PSAP 1pcs,1
ORD039074,Bismillah Hair Comb (Chiruni)- 02,1
ORD052023,Bakemans Choco Boost-250gm,1
ORD052023,BD Dry Cake Biscuit-300g,1
ORD052023,BD Food Chanachur(280gm),1
ORD052023,Dan Cake-Dry Cake 300gm,1
ORD052023,Dry Cake 400gm(BK),1
ORD052023,Fit Biscuite -130gm,1
ORD052023,Ispahani Lexus Biscuit-150g,1
ORD052023,Mr. Energy Instant Biscuit-240gm,1
ORD052023,NAJ Special Toast Biscuits -300gm,1
ORD052023,Oreo Chocolatey S. Biscuits-113.75g,1
ORD052023,Quality Biscuts 400g Pot (Bk),1
ORD052024,Ma Steel Mug-031,1
ORD052024,SKB Mixed Bowl-30cm,1
ORD052024,SKB Plate Both Side Mirror -24cm,1
ORD052029,Belleame Chocolate Fondue-180gm,1
ORD052029,CBL Munchee Chocolate Wafer-100g,1
ORD052029,Chocolate Digestive 145gm,1
ORD052029,Digestive Plain Biscuits- 120gm,1
ORD052029,Funtastic Ore Cream Pineapple,1
ORD052032,Chicken (B-Skin Less),1
ORD052032,Jhok Mok Dishwash Bar 300gmB2 get 100gm Free,1
ORD052032,Musur Pulse Deshi-1Kg,1
ORD052032,Prince Plain Cake(B),1
ORD052032,Toi Moi Cho C Wafer Biscuits-1p,1
ORD052031,Meant Leaf (Pudina Leaf)- Pc,1
ORD052031,Pepsi-2Lt(Pet),1
ORD052033,Bacha Boot Pulse 1Kg,1
ORD052033,Belleame Golden Cremo Biscuit-90g,1
ORD052033,Butter Bite-100g,1
ORD052033,China Knife Set-(5/23),1
ORD052033,Dark Chocolate Digestive-130g,1
ORD052033,Fun Crack- 50g,1
ORD052033,Mr.Cookie- 39gm Small,1
ORD052033,Olympic Biscoti Cookies-80gm,1
ORD052033,Olympic Premium Toast Biscuits-275gm,1
ORD052033,Olympic Saltes Classic Biscuits-50g,1
ORD052033,Prince Bread(Special)-400g,1
ORD052033,Prince Special Ovaltine Biscuite-400g,1
ORD052033,R.Chanachur Bar-b-Q-500gm,1
ORD052036,Aarong Pasturized FC Milk 1000ml,1
ORD052036,ACI Pure Salt-1Kg,1
ORD052036,Adorsho Lipi Book- 02,1
ORD052036,Amra(kg),1
ORD052036,AS Baby Dropper Feeding Device,1
ORD052036,AS Breast Feeling Milk,1
ORD052036,AS PP Feeding Bottle-150ml,1
ORD052036,Bashundhara Atta-2kg,1
ORD052036,Bashundhara Suji-500g,1
ORD052036,Chicken Deshi Cock (Live),1
ORD052036,China Cloth Clip 16.P Set (5/23),1
ORD052036,China Magic Slate -(5/23),1
ORD052036,Crystal Bowl 2.6Ltr-72110,1
ORD052036,DR Ruchi mixed Fruit Jam 400gm,1
ORD052036,Freedom Heavy Flow Wings-16pads,1
ORD052036,Kamrul Fridge Cover-022,1
ORD052036,Kamrul Oven Cover-051,1
ORD052036,Koi Fish Big (HB),1
ORD052036,Laitta Fish,1
ORD052036,Meril Baby Lotion-100ml,1
ORD052036,Meril Baby Top To Toe Wash -200ml,1
ORD052036,Mirzapore Best Leaf Tea-400g,1
ORD052036,Mug Pulse (Sona)-1kg,1
ORD052036,Musur Pulse Kangaroo -1Kg (sp),1
ORD052036,Naspati(kg),1
ORD052036,Nescafe Creamy Latte- 6Pcs-18g,1
ORD052036,Onion LC New,1
ORD052036,Plastic Straws 4pcs- 59,1
ORD052036,Pomegranate (Mitulla)-B,1
ORD052036,Potato Deshi New-1kg,1
ORD052036,Prince Dubli Pulse-1kg,1
ORD052036,Sanjida Wooden Khunti-51,1
ORD052040,HP 750+LYS 500ml,1
ORD052040,Jhok Mok Dish Wash Bar 100g B3 G1,1
ORD052040,Laita Shutki-200g,1
ORD052040,Pozzy Wet Wipes-120Pcs,1
ORD052040,Vim Dishwash Liquid- 250ml,1
ORD052037,Bas. Kitchen Towels 1Roll,1
ORD052037,Diploma Milk Powder-500g,1
ORD052037,Dry Boroi-1kg,1
ORD052037,Harpic Power-500ml,1
ORD052037,Ladies Finger (Vendi)-kg,1
ORD052037,Laitta Fish,1
ORD052037,Potato Deshi New-1kg,1
ORD052037,R.Spices(Turmaric)-100g,1
ORD052037,Rin Liquid Detergent -800ml,1
ORD052037,Rok Liquid Dishwash-250ml(Buy2 Get1 Free),1
ORD052037,Safe Hand Liquid Hand Wash 180ml B2 G1,1
ORD052037,Sunshine Muri-500gm,1
ORD052037,Teer Fortified Soyabean Oil 3Ltr,1
ORD052037,Wheel 2in1 Clean & Fresh Powder-1Kg,1
ORD052041,Ayir Fish (Medium )-(HB),1
ORD052041,Bele Fish Small,1
ORD052041,Mola Fish (THR),1
ORD052041,Pomegranate (Mitulla)-B,1
ORD052041,Shole Fish Big (THR),1
ORD052041,Tengra Fish,1
ORD052041,Thai Guava,1
ORD052038,Akher Sugar -1kg,1
ORD052038,Queens Burger Bread (BUN)- 250g,1
ORD052043,ACI Pure Salt-1Kg,1
ORD052043,Cardmom-50gm(Alachi),1
ORD052043,Chicken Deshi Cock (Live),1
ORD052043,Cinnamon-100g (Daruchine),1
ORD052043,Cumin Powder-100gm,1
ORD052043,Grapes (Red),1
ORD052043,HIlsha Extra Small-Pcs,1
ORD052043,Morium Special Dates-Kg(Loose),1
ORD052043,Nestle Milo-400g,1
ORD052043,Nido FCMP BIB-700gm,1
ORD052043,Onion Deshi(New)-kg,1
ORD052042,Akher Sugar -2kg,1
ORD052042,Apple(Gala),1
ORD052042,Avonee Diaper XXL (14-25Kg)-4pcs,1
ORD052042,Boot Pulse(Broken)1Kg,1
ORD052042,Mutton (Special)-Kg,1
ORD052042,Pusti Deshi Red Lentils(Mushur Dal) -1Kg,1
ORD052042,Sajeeb Kolson Vermicelli Semai (B2G1),1
ORD052044,Air Wick Citrus Splash-50gm,1
ORD052044,Golden Raisin (Kismis)-200gm,1
ORD052044,Sammam Fruits -Kg,1
ORD052044,Sepnil Hand Sanitizer Pump-40ml,1
ORD052045,G H. Chicken Shami Kabab - 250gm,1
ORD052050,Chocolate Rice Cake Dec-50g,1
ORD052050,D. Chocolate Food Colour,1
ORD052050,Dust Black Pepper(Chili)-50g,1
ORD052050,F Clarks Ess 28ml(Blue),1
ORD052050,Mixed Herbs- 10g,1
ORD052050,Oregano Bottle-10gm,1
ORD052050,Pusti Maida -2Kg,1
ORD052050,Saad Sweet Chilli Sauce-340gm,1
ORD052050,Suree Fish Sauce-150ml,1
ORD052049,Borboti(kg),1
ORD052049,Carrot (China)-kg,1
ORD052049,Lati Thik(Kg),1
ORD052049,Prince Tiffin Bon,1
ORD052049,Sajeed ChocoMoo Chocolet-135g,1
ORD052049,Shrimp Fish Bagda,1
ORD052051,ACI Pure Salt-1Kg,1
ORD052051,Akher Sugar -2kg,1
ORD052051,B Toilet Tissue Extra Saving Pack 4Rolls,1
ORD052051,Bas. Kitchen Towels 1Roll,1
ORD052051,Bashun Paper Towel 1Ply- 250Pcs,1
ORD052051,Cardmom Big-50gm(Alachi),1
ORD052051,Cardmom-50gm(Alachi),1
ORD052051,Chia Seed (Dana) New-100g,1
ORD052051,Dabur Gulabari Rose Water-120ml,1
ORD052051,Dragon Fruits (B),1
ORD052051,Fresh Ins. Noodles Masala (B2G1)-496gm,1
ORD052051,Golden Raisin (Kismis)-200gm,1
ORD052051,Isubgool Pack-50g,1
ORD052051,Maggi Hot Cup Instant Soup 4Pcs Combo,1
ORD052051,Mango Hari Vanga-Kg,1
ORD052051,Pop Corn(Khai Bhutta)-500gm,1
ORD052051,Prince Cone Mehedi,1
ORD052051,Radhuni Biriyani Masala-40g,1
ORD052051,Radhuni Garam Masala-40gm,1
ORD052051,Radhuni Spices Cumin-100gm,1
ORD052051,Starship Cond. Milk 397g,1
ORD052051,Vermicelli Samai-200gm,1
ORD039078,Marks Cookies & Cream Flavour - 200ml,1
ORD039078,Mohaz Head Phone C-100-061,1
ORD039078,Taaqa Apple Juice-160ml,1
ORD039070,Kodomo Head To Toe Wash-100ml,1
ORD039070,Meril Baby T.Paste+Brush 45gm,1
ORD052057,Bonjour Strawberry Jam-450g,1
ORD052057,Brooke Bond Taaza Tea- 400gm,1
ORD052057,Diploma Ins Milk Powder-1kg,1
ORD052057,Muslim Chirar Moya-20Pcs,1
ORD052057,Nocilla Cocoa Spread-190g(cho),1
ORD052057,Pusti Soyabean Oil-5Ltr,1
ORD052058,Borboti(kg),1
ORD052058,Brinjal (Oval) Big-kg,1
ORD052058,Capsicum Green,1
ORD052058,Carrot (China)-kg,1
ORD052058,CBL Munchee Nice Biscuit-230g (Premium),1
ORD052058,Cocola Champion Biscuits-65g Choco,1
ORD052058,Lemon Elachi-Pc,1
ORD052058,Mini Burger Bread-4pcs 160gm,1
ORD052058,Parboil (Potol)-kg,1
ORD052058,Pringles All-149g,1
ORD052058,Real Strawberry Wafer Roll-50gm,1
ORD052058,Snack Guard (Chichinga)-kg,1
ORD052058,Sweet Pumpkin(kg),1
ORD052058,Toi Moi Cho C Wafer Biscuits-1p,1
ORD052058,Tomato L.C(kg),1
ORD052059,Chashi Aromatic Chinigura Rice-1Kg,1
ORD052059,Chicken Spring Roll - 250gm,1
ORD052059,Chira-500g,1
ORD052059,Quality Chicken Gizzard Singara,1
ORD052062,BD Chilli Sauce- (360gm),1
ORD052062,Double Milk Baby Powder- 180g,1
ORD052062,Hand Fan,1
ORD052062,Lati Thik(Kg),1
ORD052062,Pandan Kaya Bread- 225g,1
ORD052062,Pepsodent Baby ToothPast-50gm All,1
ORD052062,Roja Shrimp Tempura- 224g,1
ORD052062,Royal Club Soda-500ml,1
ORD052062,Rui Fish (S1)-(MNK),1
ORD052062,Saad Hot Tomato Sauce-500gm,1
ORD052062,Usta(kg),1
ORD052064,Binimoy Eraser-8,1
ORD052064,CBL Munchee Choco-Mo White Chocolate100g,1
ORD052064,Ch. Water Pot-1000ml(05/23),1
ORD052064,China Burger Set-05/23,1
ORD052064,China Measurement Cup 500ml(5/23),1
ORD052064,Comfort-2Ltr,1
ORD052064,Kinley Club Soda -600ml,1
ORD052064,Lamia Oil Pastel 12Colors-011,1
ORD052064,Milk Pan (Bakelite)-16cm,1
ORD052064,Milk Vita Liquid Milk-1Ltr,1
ORD052064,Mothercare Baby Top To Toe Wash - 300ml,1
ORD052064,Nocilla Cocoa Spread-190g(cho),1
ORD052064,Pillow Chocolate Chips,1
ORD052064,Pinch Melamine Bowl,1
ORD052064,SKB Mug -08cm,1
ORD052064,Strawberry Yogurt Drink UHT-125ml,1
ORD052063,Dan Cake-Chocolate Muffin 50gm,1
ORD052063,Food Container 930ml,1
ORD052063,Fun Vannilla cake,1
ORD052063,Marks Milk Shake AS-125,1
ORD052063,Pringles Original-40g,1
ORD052070,Apple(Gala),1
ORD052070,Calender Pineapple,1
ORD052070,Ladies Finger (Vendi)-kg,1
ORD052075,Chicken (Deshi),1
ORD052075,Prince Bread-800g (Big),1
ORD052080,Bacha Boot Pulse 1Kg,1
ORD052080,G H. Premium Deshi Paratha-1300gm,1
ORD052080,Good Life Mozzarella Cheese-200gm,1
ORD052080,Kazi Chicken Sausages Plain-340gm,1
ORD052080,Kolson Vermicelli-200g,1
ORD052080,Mrigel Fish XL-(River),1
ORD052080,Musur Pulse Kangaroo -1Kg (sp),1
ORD052080,Net Pumpkin (Jali Kumra)-Pc,1
ORD052080,Parachute N Anti Hair Fall Shampoo-340ml,1
ORD052080,Queens Butter Bun- 100g,1
ORD052080,Rupchada Chinigura Rice 1kg,1
ORD052080,Teer Sugar-1Kg,1
ORD052080,Teer Whole Wheat Atta 2Kg,1
ORD052080,Tomato L.C(kg),1
ORD052078,Apple Green,1
ORD052078,Mutton (Special)-Kg,1
ORD052078,Quality Premiun Paratha 20Pcs-1300g,1
ORD052081,All Time Milk Bread- 300gm,1
ORD052081,Black Berry (Kalo Jam),1
ORD052081,Brinjal (Oval) Big-kg,1
ORD052081,CBL Munchee Lemon Wafer-100g,1
ORD052081,Green Pumpkin-pc,1
ORD052081,Pusti Atta -2kg,1
ORD052087,China Knife Set-(5/23),1
ORD052087,Parboil (Potol)-kg,1
ORD052087,Pran UHT Milk-200ml,1
ORD052087,Prince Coconut-(pcs),1
ORD052087,Wheel 2in1 Clean & Fresh Powder-1Kg,1
ORD035215,Mama Vagina Gamsa-701,1
ORD052086,Bashundhara SoftToilet Tissue,1
ORD052086,Green Chilli(kg),1
ORD052086,Snack Guard (Chichinga)-kg,1
ORD052091,10 Bowl,1
ORD052091,Ch. Scissors F-312-241(6/23),1
ORD052091,Ch.Vacuum Cup-KL140(4/23),1
ORD052091,China Air Bou Toy(05/23),1
ORD052091,China Animals Toy- (4/23),1
ORD052091,China Car Toy(05/23),1
ORD052091,China Duck Car Toy(05/23),1
ORD052091,China Flower (4/23),1
ORD052091,China Fox Toy- (4/23),1
ORD052091,China Spoon 6pcs Set(05/23),1
ORD052091,Crazy Premium Coup Spoon,1
ORD052091,Ma Steel Bowl -56,1
ORD052091,Mun Lexus Biscuits Cho Cream-225g,1
ORD052091,Munchys Lexus Cho Biscuit - 200g,1
ORD052091,NAJ Special Toast Biscuits -300gm,1
ORD052091,"RFL 12"" Rice Bowl-919862",1
ORD052091,SKB Rice Spoon 01,1
ORD052103,Cotton Buds-200pcs,1
ORD052103,Gillette Blue-II Razor,1
ORD052103,Puffed Puffed Rice-250gm,1
ORD052103,Qyality Egg Red (1 Dozen),1
ORD052103,Vaja Maskali Pulse-1kg,1
ORD052098,Aarong Pasturized Liquid Milk-1Ltr Reg.,1
ORD052098,Akher Sugar -1kg,1
ORD052098,Golden Raisin (Kismis)-200gm,1
ORD052098,Lassa Special Semai-500g(Pkt),1
ORD052098,Milk Vita Matha-250ml,1
ORD052098,Musur Pulse Kangaroo -1Kg (sp),1
ORD052098,Prince Borhani-1000ml,1
ORD052098,Radhuni Vermicili Semai -200g,1
ORD052098,Sensodyne ToothPaste Fresh Min-130g GSK,1
ORD052098,Sprite-2.25Lt(Pet),1
ORD052102,Black Cumin (Kalijira)-100gm,1
ORD052102,Confidence Salt-1Kg,1
ORD052102,Fresh Facial Tissue 120p-240Sheet,1
ORD052102,Omega 3 Vitamin-E Egg-12pcs-T27,1
ORD052102,Parboil (Potol)-kg,1
ORD052102,Pran Turmeric Powder-200g,1
ORD052102,R.Chanachur Classic 100 gm,1
ORD052102,Radhuni Chilli Powder -200gm,1
ORD052102,Telapia Fish Big (THR),1
ORD052102,Tengra Fish,1
ORD052102,Vim Bar 300g (Lemon),1
ORD052108,Amra(kg),1
ORD052108,Apple Green,1
ORD052108,Arong Milk Powder IFCMP-500gm,1
ORD052108,Ayir Fish (Small)-(HB),1
ORD052108,Dried Chilli-200gPkt,1
ORD052108,Dust Rice(Atob)-1KG,1
ORD052108,Grapes (Red),1
ORD052108,Gulsha Fish(Small)-(HB),1
ORD052108,Mug Pulse (Sona)-500gm,1
ORD052108,Perfumed Facial Tissue - 200Sheet,1
ORD052108,Prince Dubli Pulse-1kg,1
ORD052108,Sunsilk Black Shine Shampoo-330ml,1
ORD052108,Teer Sugar-1Kg,1
ORD052108,Tomato L.C(kg),1
ORD052110,Apple(Gala),1
ORD052110,Cucumber (Hybrid)-kg,1
ORD052110,Fresh Beet-Kg,1
ORD052110,Green Chilli(kg),1
ORD052110,Jhinga(kg),1
ORD052110,Jumbura Medium,1
ORD052110,Mrigel Fish M,1
ORD052110,Onion With Leaves (Kg),1
ORD052110,Orange (China) Net-kg,1
ORD052110,Owl Kanchu,1
ORD052097,Beef Bone Full,1
ORD052097,Boal Fish Medium (HB),1
ORD052097,Chitol Fish Medium-(MNK),1
ORD052097,Fanta orange-1L,1
ORD052097,Polar Ice Cream Chocolate-1Ltr(Tub),1
ORD052097,Polar Ice Cream Vanilla-1Ltr(Tub),1
ORD052097,R.Spices(Turmeric)200gm,1
ORD052097,Radhuni Spices (Corinder)-100gm,1
ORD052097,Savlon Lavender Hand Wash 1L,1
ORD052107,Aarong Pasturized FC Milk 1000ml,1
ORD052107,B Toilet Tissue Extra Saving Pack 4Rolls,1
ORD052107,Banana Green Small-kg,1
ORD052107,Brinjal Long (Thin)-kg,1
ORD052107,Champion Toothbrush,1
ORD052107,Dragon Fruits (B),1
ORD052107,Shing Fish-(THR),1
ORD052101,Amon Rice -Kg (Lose),1
ORD052101,Calender Pineapple,1
ORD052101,Dragon Fruits (B),1
ORD052101,Green Jack Fruit,1
ORD052101,Hilsha Fish Big-(MNK)-Pcs,1
ORD052101,Hilsha Fish-XL-(MNK)-Pcs,1
ORD052101,Kazi & Kazi Green Tea-60gm,1
ORD052101,Mirzapur Tea Bag-100gm,1
ORD052101,Prince Vinegar(600ml),1
ORD052101,Radhuni Mustard Oil-500ml,1
ORD052101,Shole Fish Big (THR),1
ORD052101,Topashi Fish-(MNK),1
ORD032329,Nutella-180g,1
ORD032839,ACI Pure Salt-1Kg,1
ORD032839,Fresh Salt Premium-1kg,1
ORD032948,Alupuri,1
ORD033364,K Grisbi Biscuit-250gm,1
ORD033364,Kishwan Chocolate Cookies-250gm,1
ORD040364,Cocola Champion Biscuits-65g Choco,1
ORD040364,Diploma Ins Milk Powder-400g,1
ORD040364,Malta (Yellow)-kg,1
ORD040364,Orange (China) Net-kg,1
ORD040364,Pran UHT Milk-200ml,1
ORD040364,Prince Square Toast-250gm,1
ORD052112,All Time Sandwich Bread- 600gm,1
ORD052112,First Choice Salted Biscuits-180g,1
ORD052112,G. Naturals Bargundy-20ml,1
ORD052112,GH French Fries-500gm,1
ORD052112,Memory Jhinuk Pitha Pkt-200gm,1
ORD052112,MP Hijab Pin -61,1
ORD052112,Nescafe 3in1-6Pcs-15g,1
ORD052112,Nutkao D S Cocoa & Hazelnuts-200g,1
ORD052112,Olympic Saltes Biscuits-200gm,1
ORD052112,Pran Chilli Sauce-340g,1
ORD052112,Prince Ovaltin Cake(B),1
ORD052112,Pusti HT Aloo Vhujia -20g,1
ORD052116,Aarong Sliced Cheese Classic- 204g,1
ORD052116,AG Chicken Spicy Nuggets-250g,1
ORD052116,AG Mini Chicken Spring Roll-250g,1
ORD052116,AG Real Mayonnalse 473 ml,1
ORD052116,Aloe Vera Hair Oil 250ml,1
ORD052116,Aquafina Drinking Water- 500ml,1
ORD052116,Bacha Boot Pulse 1Kg,1
ORD052116,Barchun Oyster Sauce-350ml,1
ORD052116,Black Pepper(Chili)-50g,1
ORD052116,Brinjal Oval ( Tal Begun ) -kg,1
ORD052116,Carrot (China)-kg,1
ORD052116,Colgate Charcoal Clean Toothpaste-120g,1
ORD052116,Colgate Plax Com Care-250ml,1
ORD052116,CP Chicken Hot Sausage- 400g,1
ORD052116,Cucumber (Hybrid)-kg,1
ORD052116,Easy Mix Roast Masala-35g,1
ORD052116,Europe Chewing Gum-13gm,1
ORD052116,Flexible Toothbrush Super Tip,1
ORD052116,Frenchs Yellow Mustard 170gm,1
ORD052116,Garlic China Big-(kg),1
ORD052116,Gillette Blue II Plus Razor,1
ORD052116,Ginger Barmiz-(Kg),1
ORD052116,Green Chilli(kg),1
ORD052116,Green Papaya(kg),1
ORD052116,Harpic 1Ltr + Lizol 1Ltr -60TK Off,1
ORD052116,Maggi Cooking Sauce-200ml,1
ORD052116,Maggi Vegetable Soup 4Pcs-25gm,1
ORD052116,Mama Hot Noodles-496g,1
ORD052116,Mama Masala Noodles-496g,1
ORD052116,Man Kanchu(Deshi) 1Pc,1
ORD052116,Methi-100Gm,1
ORD052116,Mug Pulse (Sona)-1kg,1
ORD052116,Net Pumpkin (Jali Kumra)-Pc,1
ORD052116,Oat Krunch Dark Cho-208gm,1
ORD052116,Onion LC New,1
ORD052116,Panch Foron-100g,1
ORD052116,Parachute Advanced Oil-275ml,1
ORD052116,Pepsodent Gum Care-140g,1
ORD052116,Pran Aromatic Rice-2kg,1
ORD052116,Pran Jhotpot Chicken Lollipop- 400gm,1
ORD052116,Prince Vinegar(600ml),1
ORD052116,Radhuni Beef Curry Masala- 100gm,1
ORD052116,Radhuni Mustard Oil-500ml,1
ORD052116,Radhuni Tehari Masala-45g,1
ORD052116,Rin Power Bright- 2kg,1
ORD052116,Savoy Ice Cream- 100ml (Shahi Kheer),1
ORD052116,Sepnil FS Hand Wash Apple-180ml (Refill),1
ORD052116,Sepnil Hand Wash Refil-170ml Tea Oil,1
ORD052116,Surf Excel Alov Vera Wash -1000g,1
ORD052116,Teer Masur Dal 1kg,1
ORD052116,Whisper Ultra Nigts 15pcs,1
ORD052116,White Pepper(Chili)-50g,1
ORD052116,Zess Biscuits All FLV-127g,1
ORD052115,Aarong Low Fat Yoghurt-500gm,1
ORD052115,Aarong Probiotic Yogurt-500gm,1
ORD052115,Akher Sugar -1kg,1
ORD052115,Bashundhara F Soyabean Oil-5L,1
ORD052115,Bon Appetit Slice Cheese-170gm,1
ORD052115,Center Fresh 20g,1
ORD052115,Chia Seed (Dana) New-100g,1
ORD052115,CP Chicken Italian Chilli Bologna- 340g,1
ORD052115,Dettol Skincare HW-170ml(Refil),1
ORD052115,Fresh Kitchen Towel,1
ORD052115,Fresh Paper Napkin 100pcs,1
ORD052115,Gulsha Fish(Small)-(HB),1
ORD052115,Kamal Mushroom Whole-420g,1
ORD052115,Kolson Vermicelli-200g,1
ORD052115,Maggi Noodles Masala Taste-496g,1
ORD052115,Maggi Sauce-680ml,1
ORD052115,Milk Vita (Ghee)-200g,1
ORD052115,Musur Pulse Deshi-1Kg,1
ORD052115,Oat Krunch Nutty Cho-208gm,1
ORD052115,Pran Aromtic Rice-5kg,1
ORD052115,Prince Sour Curd-500gm,1
ORD052115,Prince Vinegar-400ml,1
ORD052115,Ruchi Tomato Sauce-1000gm,1
ORD052115,Shrimp Fish Bagda,1
ORD052115,Surf Exel 1KG Bye2 Get Vim 250ml Free,1
ORD052115,Teer Atta 2kg,1
ORD052115,Treseme Hair Fall Defense Shampoo -580ml,1
ORD052115,Vim Bar 300g (Lemon),1
ORD052115,Vim Dishwash Liquid- 1L,1
ORD052115,White Tone Face Powder-30g,1
ORD052115,Yardley Jasmine Perfumed.T-250g,1
ORD052114,Aarong Yogurt Sour Curd-500gm,1
ORD052114,Chicken Deshi (Pakistani) Cock,1
ORD052114,Ifad Tost 3pcs Combo (Save40),1
ORD052114,Kiam Press Cooker (Classic) -4.5L,1
ORD052114,Tengra Fish,1
ORD052121,ACI Salt Bottle-750g,1
ORD052121,GR. Lipliner Pencil,1
ORD052121,P.Drinko Float Lichi Drink-250ml,1
ORD052121,Super Refined Naphthalene +/- 200g,1
ORD052118,ACI Pure Salt-1Kg,1
ORD052118,Banana Green Small-kg,1
ORD052118,Beef Without Bone Special,1
ORD052118,Bomby Chilli-5Pcs,1
ORD052118,Coca Cola-2.25Lt(Pet),1
ORD052118,Dust Boot (Bason)-500gm,1
ORD052118,Fortune KG Mustard Oil- 250ml,1
ORD052118,Korolla(Big)-kg,1
ORD052118,Meant Leaf (Pudina Leaf)- Pc,1
ORD052118,Mirzapore Best Leaf-200gm,1
ORD052118,Ossum Perfumed Body Mist-115ml (Romance),1
ORD052118,Tomato L.C(kg),1
ORD052118,ZeroCal 75s Box,1
ORD052123,Cabbage-Pc,1
ORD052123,Green Chilli(kg),1
ORD052123,Kachki Fish (THR),1
ORD052123,Korolla(Big)-kg,1
ORD052123,Ladies Finger (Vendi)-kg,1
ORD052123,Naspati(kg),1
ORD052123,Ramisa Papar-10Pcs,1
ORD052123,Shrimp Fish (River)kg,1
ORD052123,Teer Atta 2kg,1
ORD052123,Teer Suji 500gm,1
ORD052123,Vim Dishwashing Powder-500Gm,1
ORD044816,Cake Gummy-9gm,1
ORD044816,Gahona Stone Hair Band-011,1
ORD044816,GS Velvet Matte Lipstick-3.5g,1
ORD044816,Trident S.Gum Aritical.F 14 Sticks,1
ORD047328,Cock Roast (Deshi)-PC,1
ORD047328,Sunshine Atta -2kg,1
ORD047413,Lemon Elachi-Pc,1
ORD047413,Musur Pulse Deshi-1Kg,1
ORD047413,Sajeeb Soft Drink Powder Orange -250gm,1
ORD047413,Sprite-600ml (Pet),1
ORD047413,Tomato Sour Deshi-B (kg),1
ORD047417,Chicken (B-Skin Less),1
ORD047417,Coriander Leaf Pcs-100gm,1
ORD047417,Harpic Manik Jor 750+500ml,1
ORD047417,Korolla(Big)-kg,1
ORD047417,Lemon(Colombo)-Pc,1
ORD047417,Milk Vita Liquid Milk-1Ltr,1
ORD047417,Ponds Super Light Gel -49g,1
ORD047417,RD Banana milk B2 G1-200ml,1
ORD047417,Vim Bar Lemon-125gm,1
ORD047416,KurKure Naughty Tomato 37gm,1
ORD047416,Prince Bread-800g (Special),1
ORD047747,Green Chilli(kg),1
ORD047747,Rui Fish-M-(MNK),1
ORD048715,Baby Corn(Fesh),1
ORD048715,Capsicum Green,1
ORD048715,Glass 160 ML 50 Pcs Set,1
ORD048716,Ch Vacuum Cup- (4/23),1
ORD048716,China Coffee Mug-(4/23),1
ORD048716,D Korean Ramen 3X Spicy Noodles-248gm,1
ORD052122,Bit Salt Powder- 80g Bottle,1
ORD052122,Deshi Paratha Mini-650gm Family,1
ORD052122,Kolson Macarony-200gm All Flv.,1
ORD052122,Maggi Noodles Masala Taste-496g,1
ORD052124,BE Peanut White- 200g,1
ORD052124,Kishwan Continental Cookies Tin-900gm,1
ORD052124,Memory Juri Vaja Packet-200gm,1
ORD052124,Mr. Noodles Magic Masala- 28pcs,1
ORD052124,Muslim Jhal Monekka-200g,1
ORD052124,Ramisa Diabetes Murali-200gm,1
ORD052124,Ramisa-Chirar Laddu Pkt-20 Pcs,1
ORD052125,Austrogram Cheese,1
ORD052125,Beef Kima,1
ORD052125,Burger Bread 2pcs Pack,1
ORD052125,Chicken Boneless-Kg,1
ORD052125,Clear Men Cool Menthol-170Ml,1
ORD052125,Colgate Max Fresh B Gel -150g,1
ORD052125,Fresh F. Tissue Perfumed 150Pcs 300Sheet,1
ORD052125,Fresh Facial Tissue 120p-240Sheet,1
ORD052125,Jodi Chicken Frankfurter-300g,1
ORD052125,Nivea Men Roll On FA-50ml,1
ORD052125,Orange (Sa) Kg,1
ORD052128,Buldak Noodles (All),1
ORD052128,China Hair Clip-(5/23),1
ORD052128,Colgate Charcoal Clean Toothpaste-120g,1
ORD052128,Laita Shutki-200g,1
ORD052128,Mixed Pulse-500gm,1
ORD052128,MP Thai Hair Kakra -03,1
ORD052128,Pro-Dental Floss Pick(36Pcs),1
ORD052128,Revival Karak Masala Chai -200g,1
ORD052128,Rin Advanced-2kg,1
ORD052128,Shipon Ear Tops-09,1
ORD052128,Sunsilk conditioner Perfect Straight-80m,1
ORD052128,Sunsilk Hair Fall Solution Shampoo-170ml,1
ORD052128,Sunsilk Perfect Straight Sampoo-340ml,1
ORD052128,Swan Brand Coconut Oil-350ml,1
ORD052132,Beef Tikka Kabab-10pcs,1
ORD052132,Belleame Cremo Biscuit- 90g,1
ORD052132,Jhatpat Paratha Low Fat-10Pcs,1
ORD052132,Polar Ice Cream Chocolate-1Ltr(Tub),1
ORD052132,Poppers Corn-Coco Chips-25gm,1
ORD052133,Chicken Nuggets-250g (Box & Poly),1
ORD052133,Chicken Spring Roll,1
ORD052133,CIF Floor Cleaner-950ml,1
ORD052133,Cow Lever-K,1
ORD052133,Cow Stomach-K,1
ORD052133,Cumin-100g,1
ORD052133,Gulsha Fish(Small)-(HB),1
ORD052133,Lux Jasmine & Vitamin E Soap-150g,1
ORD052133,Mrigel Fish Big-(MNK),1
ORD052133,Musur Pulse Deshi-1Kg,1
ORD052133,Musur Pulse Kangaroo -1Kg (sp),1
ORD052133,Roja Shrimp Sticks- 240g,1
ORD052133,Rupchanda Soyabean-5Ltr,1
ORD052133,Senora S.Nap(Panty)-10s Pad,1
ORD052137,ACI Aerosol 475ml,1
ORD052137,Angelic Fresh 300ml(Citrus),1
ORD052137,Aquafina Drinking Water- 500ml,1
ORD052137,B Toilet Tissue Extra Saving Pack 4Rolls,1
ORD052137,Baoma Mosquito Coil (Lemon),1
ORD052137,Bashundhara Atta-2kg,1
ORD052137,BD Food Hot/Jhal Chanacur-300gm,1
ORD052137,Chicken Tikia Kabab,1
ORD052137,China Jhilmil Majuni (4/23),1
ORD052137,Close-Up Menthol Fresh-160g,1
ORD052137,Dabur Herbal.P Toothpaste-B1G1,1
ORD052137,Floor Cleaner Rajanigandha-900ml,1
ORD052137,Green Chilli(kg),1
ORD052137,H&S Shampoo & Conditioner 2 In 1-340ml,1
ORD052137,Kaikka River-Kg,1
ORD052137,Kazi Chicken Nuggets Original-250g,1
ORD052137,Maggi Masala Noodles 12Pcs-744g,1
ORD052137,Memory Chingri Monekka- 200gm Pkt,1
ORD052137,Mrigel Fish M,1
ORD052137,Quality Biscuts 400g Pot (Bk),1
ORD052137,Rupchanda Soyabean-2Lt-PET,1
ORD052137,Shrimp Fish Small (THR),1
ORD052137,Teer Masur Dal 1kg,1
ORD052137,Tengra Fish,1
ORD052137,Wheel 2in1 Clean & Fresh Powder-1Kg,1
ORD052139,Al- Ans Safavi Sp Dates-500gm,1
ORD052139,Apple(Gala),1
ORD052139,B.B Tazza Black Tea -400g,1
ORD052139,Bashun Paper Towel 1Ply- 250Pcs,1
ORD052139,Cardmom-50gm(Alachi),1
ORD052139,Chia Seed (Dana) New-100g,1
ORD052139,Chicken Samosa 25Pcs - 250gm,1
ORD052139,Cinnamon-100g (Daruchine),1
ORD052139,Confidence Salt-1Kg,1
ORD052139,Cumin-200gm,1
ORD052139,Fresh Toilet Value Pack 4 Pcs,1
ORD052139,Grass Curp Fish-kg,1
ORD052139,H.Purifying Neem F/W-150ml,1
ORD052139,Improved Jet- 200gm Poly Pack,1
ORD052139,Jui Coconut Oil Tin-200ml,1
ORD052139,Lux Velvent Glow Jasmine Soap-100gm,1
ORD052139,Mola Fish (THR),1
ORD052139,Pabda Fish (Small) (HB),1
ORD052139,Ready Koi Fish Deshi Medium,1
ORD052139,Rin Advanced-1000gm,1
ORD052139,Roja Deshi Classic Paratha 10Pcs-650g,1
ORD052139,Rui Fish-M-(MNK),1
ORD052139,Safe Hand Liquid Hand Wash 180ml B2 G1,1
ORD052139,Sensodyne Deep Clean Toothbrush {B2G1},1
ORD052139,Shinex Floor Cleaner Citrus-1000ml,1
ORD052139,Tatkini Fish River(HB),1
ORD052139,Teer Atta 2kg,1
ORD052139,Vim Bar 300g (Lemon),1
ORD052138,ACI Pure Salt-1Kg,1
ORD052138,Diploma Milk Powder-500g,1
ORD052138,Piali Fish(Pachmishali),1
ORD052138,Puti Fish (Deshi) (HB),1
ORD052138,Teer Sugar-1Kg,1
ORD052134,Akher Sugar -1kg,1
ORD052134,Boal Fish (Big),1
ORD052134,Chicken Spring Roll 10pcs,1
ORD052134,Dr R Lav. Hand Wash-300ml Pack,1
ORD052134,Grape White Small (IIndian),1
ORD052134,Kachki Fish (THR),1
ORD052134,Kaikka Fish (Sea),1
ORD052134,Katol Fish big-(MNK),1
ORD052134,Kazi & Kazi Green Tea-60gm,1
ORD052134,Lux Velvet Glow Soap-100g,1
ORD052134,Magur Fish Process (kg),1
ORD052134,Prince Ovaltin Cake(B),1
ORD052134,Pusti Maida -2Kg,1
ORD052134,Sunsilk shampoo black shine-170ml,1
ORD052141,Cassia Leaf-100gm (Tespata),1
ORD052141,F.C. Whipped Topping Mix-72gm,1
ORD052141,Kaveri Mehendi Cone 2pcs -25g,1
ORD052141,Knorr Chicken Hot & Sour Soup- 28g,1
ORD052141,Lux Jasmine & Vitamin E Soap-150g,1
ORD052141,Prince Egg Noodles 300gm,1
ORD052141,Prince Lacha Samai-200g(Pkt),1
ORD052141,Prince Sour Curd-1kg,1
ORD049127,KurKure Cream & Onion 37gm,1
ORD049127,KurKure Masala Manch 37gm,1
ORD049127,Kurkure Style Spicy Chicken-80gm,1
ORD049127,Kwality Q. Make Up Puff,1
ORD049127,Miss & Mrs. Velvely Matte Lipstick 2.8g,1
ORD049127,Oreo Original Biscuits- 46.3/50gm,1
ORD049127,Qiamlili Makeup Puff- 8438,1
ORD049127,Rahad Make Up Brush Set -003,1
ORD049127,Trisa Flexible White Toothbrush -90010,1
ORD050291,Baby Plate- UMC002,1
ORD050291,Cadbury Celebration-132g,1
ORD050291,China Knife Set-(5/23),1
ORD050291,GG Taj-35,1
ORD050291,Kaalar Steam Basmati Rice -1kg,1
ORD050291,Koko Krunch-300gm,1
ORD050291,Microwave Cover - 09,1
ORD050291,Mutton (Special)-Kg,1
ORD050893,Apple(Gala),1
ORD050893,Chicken (B-Skin Less),1
ORD050893,Faysal Colour Balloon-04,1
ORD050893,Grapes (Red),1
ORD050893,Himalaya Face Wash (Peash)- 100ml,1
ORD050893,Moha Shole-(XXL),1
ORD050893,Shrimp Fish Bagda,1
ORD050894,Akher Sugar -2kg,1
ORD050894,Buter Halua-300g,1
ORD050894,Mirzapore Best Leaf Tea-400g,1
ORD050894,Pop Corn(Khai Bhutta)-500gm,1
ORD050894,Tata Tea Gold-400gm,1
ORD052143,Cow Lever-K,1
ORD052143,Isubgool Pack-50g,1
ORD052143,Safe Hand Liquid Hand Wash 180ml B2 G1,1
ORD052143,SKB Milk Pan With Handle-16cm,1
ORD052151,Fresh Beet-Kg,1
ORD052151,Fry Pan Without Lid-16cm,1
ORD052151,Sprite Org /250 ml,1
ORD052159,ACI Pure Salt-1Kg,1
ORD052159,ACI Salt Bottle-750g,1
ORD052159,Bashun Paper Towel 1Ply- 250Pcs,1
ORD052159,Fresh Refined Sugar-1000gm,1
ORD052153,China Firni Set-6Pcs(4/23),1
ORD052153,China Floor Brush (4/23),1
ORD052153,Dettol Aloe Vera Soap-75ml,1
ORD052153,Knorr Classic Thai Soup-12g,1
ORD052153,Knorr Soup-24gm,1
ORD052153,Lifebuoy Health Soap Total-100g,1
ORD052153,Ponds Mineral Clay Face Wash-90g,1
ORD052153,Pran hot Tomato Sauce-1000gm Jar,1
ORD052153,Prince Peanut-500gm Pack,1
ORD052155,Cocola Egg Noodles-170g,1
ORD052155,Maggi Soup 4Pcs Combo {All},1
ORD052155,Sun Chips Tomato Tango-75gm,1
ORD052155,Treseme Hair Fall Conditionar -190ml,1
ORD052157,Akher Sugar -1kg,1
ORD052157,Bashundhara F Soyabean Oil-5L,1
ORD052157,Doodles Stick Noodles-300gm,1
ORD052157,Ifad Eggy Inst. Noodles B2G1,1
ORD052157,Maskalai Pulse-1Kg,1
ORD052157,Mug Pulse (Sona)-1kg,1
ORD052157,Prince Tanduri chick. Noodles-180gm,1
ORD052157,Safety Plus hand Wash polly (B2G1)-200ml,1
ORD052164,Amra(kg),1
ORD052164,Ch.Spoon Set 6 Pcs-(5/23),1
ORD052164,Fay Air Freshner Lime-300ml,1
ORD052164,Korolla(Big)-kg,1
ORD052164,Shokti Misti Doi- 80g,1
ORD052164,Ultra Probiotic Yogurt Drink Mango-200ml,1
ORD052160,Alovera,1
ORD052160,Eggy Masala Noodles B2G1-400g,1
ORD052160,Prince Dragon Egg Noodles - 300gm,1
ORD052160,Prince Egg Noodles 300gm,1
ORD052160,S.Tanduri Chicken Noodles-180g,1
ORD052160,Sajeeb Bar-B-Q Noodles-180gm,1
ORD052160,Vanilla Kids (4pcs Combo)- 320g,1
ORD052163,Bari-4 Mango,1
ORD052163,Eye Of Arum(Tall) (Kachurmukhi)-kg,1
ORD052163,Fresh F. Tissue White 150Pcs 300Sheet,1
ORD052163,Ladies Finger (Vendi)-kg,1
ORD052163,Sepnil Hand Wash Refil-170ml Tea Oil,1
ORD052163,Surf Exel 1KG Bye2 Get Vim 250ml Free,1
ORD052163,Sweet Pumpkin(kg),1
ORD052163,Thai Guava,1
ORD052168,Akher Sugar -2kg,1
ORD052168,Apple Fuji,1
ORD052168,Asli Almol Kali Mehndi,1
ORD052168,Bas. Kitchen Towels 1Roll,1
ORD052168,Bashundhara F/W Facial Tissue- 240Sheet,1
ORD052168,Beef Italian Sausage 280gm,1
ORD052168,Buldak Noodles (All),1
ORD052168,China Paposh (4/23),1
ORD052168,Diploma Ins Milk Powder-1kg,1
ORD052168,Dr R ORC. Hand Wash-300ml Pack,1
ORD052168,Grape White Small (IIndian),1
ORD052168,Grapes (Red),1
ORD052168,Lemon Bright Dish Wash 250ml B2 G1,1
ORD052168,Mama Hot Noodles-496g,1
ORD052168,Pomegranate (Mitulla)-B,1
ORD052168,Pran Aromtic Rice-5kg,1
ORD052168,Pran Premium Ghee(200g),1
ORD052168,Prince Soya Sauce(500ml),1
ORD052168,Prince Vinegar(600ml),1
ORD052168,Radhini MeatCury Masala-20g,1
ORD052168,Radhuni Beef masala-25gm,1
ORD052168,Radhuni Falooda Mix Vanilla-250gm,1
ORD052168,Radhuni Kabab Masla-50gm,1
ORD052168,Radhuni Kheer Mix 150gm,1
ORD052168,Reenpark Green Peas-425gm,1
ORD052168,Ruchi Tomato Sauce-1000gm,1
ORD052168,Sun Chips Tomato Tango-75gm,1
ORD052168,Zerocal-150gm,1
ORD052172,Ch.Coffee Mug-(4/23),1
ORD052172,IDC Pringles Original-134g,1
ORD052172,Prince Bread(Special)-400g,1
ORD052172,UHT Chocolate Milk-200ml,1
ORD052172,Vita Orange Juice 1l,1
ORD052175,Lux Velvent Glow Jasmine Soap-100gm,1
ORD052175,Mango Rupali (Special)-kg,1
ORD052175,Rin Advanced-1000gm,1
ORD052175,Surf Excel With Aloe Vera wash-500g,1
ORD052175,Tibet Ball Soap-130g,1
ORD052176,Chicken Deshi (Pakistani) Cock,1
ORD052176,Kazi Chicken Shami Kabab - 200gm,1
ORD052176,Milk Vita Liquid Milk-1Ltr,1
ORD052176,Prince Bread(Special)-400g,1
ORD052176,Rupchanda(Small) (THR),1
ORD052177,Belleame Cremo Biscuit- 90g,1
ORD052177,Belleame Golden Cremo Biscuit-90g,1
ORD052177,KurKure Cream & Onion 37gm,1
ORD052177,Marks FCMP-500gm(F. Pack),1
ORD052177,Shero Cream Biscut - 85gm,1
ORD052177,White bread Small-300gm,1
ORD052182,ACI Pure Salt-1Kg,1
ORD052182,Agar- Agar -25gm,1
ORD052182,Aloe Vera Hair Oil 250ml,1
ORD052182,CBL Munchee Cream Chocolate Wafer-200g,1
ORD052182,Chashi Aroma.Chinigura Rice-2kg,1
ORD052182,Chashi Aromatic Chinigura Rice-1Kg,1
ORD052182,Fresh Fun Fill (Chocolate) Biscuits-44g,1
ORD052182,Funtastic Ore Cream Biscuit-43gm,1
ORD052182,Horlicks Classic Malt-500gm BIB,1
ORD052182,Ispahani Butterful Biscuit- 75g,1
ORD052182,Kolson Vermicelli-200g,1
ORD052182,Mediplus Gel Paste-100gm,1
ORD052182,Muslim Jhinuk-200g,1
ORD052182,Pran hot Tomato Sauce-1000gm Jar,1
ORD052182,Prince Cone Mehedi,1
ORD052182,R.Chanachur Premium Mix-200g,1
ORD052182,Radhuni Panchforon-50g,1
ORD052182,Shrimp Fish Small (THR),1
ORD052182,Yeast-100gm,1
ORD052179,Cocola Butter Delight Biscuits- 250g,1
ORD052179,Cocola Egg Noodles-170g,1
ORD052179,Lux Rose Soap-150gm,1
ORD052179,Mirzapore Best Leaf-200gm,1
ORD052179,Polar Ice-Cream Zafran Malai-1Ltr,1
ORD052179,Prince Special Chanachur-150gm,1
ORD052179,Usta(kg),1
ORD052179,Vim Bar 300g (Lemon),1
ORD052181,Chicken Meat Ball-250gm,1
ORD052181,Chicken Spring Roll - 250gm,1
ORD052181,CP Chicken Nugget Chili-320g,1
ORD052181,Dust Boot (Bason)-500gm,1
ORD052181,Polar Ice-Cream Mango Mellow-1Ltr,1
ORD052180,Apple Fuji,1
ORD052180,Chicken (B-Skin Less),1
ORD052180,Poppers Corn-Coco Chips-25gm,1
ORD052180,Zess Chocolate S Biscuits-264gm,1
ORD052178,Casse Role With GL Lid-26cm,1
ORD052178,Golden Raising-100gm(Kismis),1
ORD052178,Lassa Special Semai-500g(Pkt),1
ORD052178,Pran Premium Ghee(200g),1
ORD052178,Rupchanda Soyabean-5Ltr,1
ORD052178,Star Masalla--50g,1
ORD052184,Bottle Guard Big(Lau)-Pc,1
ORD052184,Good K Adv Power Active+Combi pac-45ml,1
ORD052184,Parboil (Potol)-kg,1
ORD052184,Prince Fresh Eggs Red (12Pcs Box),1
ORD052185,Bangi Small- Kg,1
ORD052185,Brinjal (Oval) Small Red-kg,1
ORD052185,Easy Mix Roast Masala-35g,1
ORD052185,Fresh Beet-Pc,1
ORD052185,Kakrol(kg),1
ORD052185,Prince Lacha Samai-200g(Pkt),1
ORD052185,Radhuni Spices (Corinder)-100gm,1
ORD052185,Savory Haleem Mix-200gm,1
ORD036210,Hot Mug,1
ORD036210,Tawa,1
ORD052191,Akher Sugar -1kg,1
ORD052191,BD Chilli Sauce- 1000g,1
ORD052191,Dan Cake-Fruit Cake 220gm,1
ORD052191,Fresh Facial Tissue 120p-240Sheet,1
ORD052191,Fresh Toilet Value Pack 4 Pcs,1
ORD052191,Harpoon Toilet Cleaner- 750ml,1
ORD052191,Mr. White Detergent Powder- 2kg,1
ORD052191,Mr.Energy Biscuits-85gm,1
ORD052191,Mrigel Fish XL-(River),1
ORD052191,Parachute Coconut Hair Oil-200ml Jar,1
ORD052191,Shrimp Fish Bagda,1
ORD052191,Vim Bar 300g (Lemon),1
ORD052194,Cheesy Bites-40gm,1
ORD052194,Fresh Refined Sugar-1000gm,1
ORD052194,Ginger Barmiz-(Kg),1
ORD052194,Mediplus T/P -140gm DS,1
ORD052194,Milk Vita FC Milk Powder-1kg,1
ORD052194,Ruchi Tomato Sauce-1000gm,1
ORD052194,Sunfeast Bounce Biscuits-32g,1
ORD052195,Fresh Energy Cookies Biscuits-80g,1
ORD052195,Funtastic Hebby Energy Biscuits- 44 gm,1
ORD052195,Latina Orange Juice-1L,1
ORD052195,Oreo Original Biscuits- 46.3/50gm,1
ORD052195,Queens Kaya Bread- 90g,1
ORD052200,Angelic Air Fresh-300ml G/V,1
ORD052200,Apple Green,1
ORD052200,Chicken (Deshi),1
ORD052200,Coca Cola-2.25Lt(Pet),1
ORD052200,Easy Mix Roast Masala-35g,1
ORD052200,Funtastic Glucoz Biscuit-45gm,1
ORD052200,Hilsha Fish Big-(MNK)-Pcs,1
ORD052200,Jafran,1
ORD052200,Lachchha Shemai-200gm,1
ORD052200,Lassa Special Semai-500g(Pkt),1
ORD052200,Muslim Dal Vaza-200g,1
ORD052200,Pomegranate (Mitulla)-B,1
ORD052200,Ramisa Nut(White)-200gm,1
ORD052200,Savory Chatpati Masala-50gm,1
ORD052200,Vermicelli Samai-200gm,1
ORD052216,ACI Pure Chinigura Rice-1Kg,1
ORD052216,ACI Pure Minicate Rice-5kg,1
ORD052216,Bottle Guard Big(Lau)-Pc,1
ORD052216,Chaad Febrick Brightener-50ml,1
ORD052216,CloseUp Toothpaste-100g,1
ORD052216,CP Spicy Chicken Ball-500g,1
ORD052216,Dove Healthy Ritual.G Shampoo-170ml,1
ORD052216,Face Powder Puff-FPP,1
ORD052216,Haribo Happy Cola Candy- 160g,1
ORD052216,Lifebuoy Liquid Total Handwash -170ml,1
ORD052216,Maltova BIB Pack 400gm,1
ORD052216,Mr.Energy Biscuits-85gm,1
ORD052216,Rui Fish-M-(MNK),1
ORD052216,Rupchanda Soyabean-8Lt,1
ORD052216,Saad Hot Tomato Sauce-500gm,1
ORD052216,Teer Sugar-1Kg,1
ORD052209,Kit Kat B3 Get Tk 5 Off-17.7g,1
ORD052209,Musroom Whole-425gm,1
ORD052209,RD Chocolate Milk -200ml,1
ORD052208,Black Fighter Max 10pis b,1
ORD052208,Dove intense repair Conditioner-170ml,1
ORD052208,Dove Nourishing Secrets Shampoo- 340ml,1
ORD052208,GH Chicken Meat Ball 400g,1
ORD052208,GH French Fries-500gm,1
ORD052208,SKB Mug-10cm,1
ORD052208,Sufia Comb-06,1
ORD052208,Vixol Bathroom Cleaner -900ml (All),1
ORD052202,Bashundhara SoftToilet Tissue,1
ORD052202,Bisk Club Potata Biscuit- 100g,1
ORD052202,Ch Balloon-20pcs pkt (5/23),1
ORD052202,Harpoon Toilet Cleaner- 750ml,1
ORD052202,Jui Coconut Oil(Plastic)350ml,1
ORD052202,Lifeboy Liquid Hand Wash(Lemon F)-170ml,1
ORD052202,NAJ Special Toast Biscuits -300gm,1
ORD052202,Prince Mixed Pulse-1Kg,1
ORD052202,Radhuni Kasundi-285ml,1
ORD052202,Ruchi Chanachur Hot-150gm,1
ORD052202,Sepnil FS Hand Wash Apple-180ml (Refill),1
ORD052202,Super Clay Foam-031,1
ORD052212,China Rain Coat R100(4/23),1
ORD052212,Memory Jhinuk Pitha Pkt-200gm,1
ORD052212,Muslim White Peanut-100g,1
ORD052212,Nescafe Classic Jar-25gm,1
ORD052212,Oreo Chocolate Creme-133g,1
ORD052215,Green Chilli(kg),1
ORD052215,Hilsha Fish(Small)-Pcs(Sajah),1
ORD052215,Parachute Skin Pure Aloe Vera Gel- 100ml,1
ORD052211,China Punch Clip(05/23),1
ORD052211,Cumin-200gm,1
ORD052211,Dried Chilli-200gPkt,1
ORD052211,Fresh Beet-Kg,1
ORD052211,Fresh Hand Towel- 250Pcs,1
ORD052211,Haribo Happy Grapes Candy- 80g,1
ORD052211,Kolson Macarony-200gm All Flv.,1
ORD052211,Kolson Special Lascha-200g,1
ORD052211,Pran Aromatic Rice-2kg,1
ORD052211,Rin Advanced-2kg,1
ORD052211,Wheel Laundry Soap 125g,1
ORD052206,Kishwan Toast-250gm,1
ORD052198,Dolphin Nata de Coco Drink (All)-270gm,1
ORD052198,Yupi Gummi Pizza-56,1
ORD052210,Haribo Starmix Candy- 80g,1
ORD052210,Mama Chicken Flavour Noodles-248gm,1
ORD052210,Milky Bar Moould B-3(10 Tk off) -12.5g,1
ORD052210,Savoy Ice Cream 1L (Chocolate),1
ORD052218,Shing Fish-(THR),1
ORD052218,Wood Apple Big (Sorbot Bell),1
ORD052219,Danish Florida Orange Biscuits-70g,1
ORD052219,Fanta Soft Drink- 600ml,1
ORD052219,Grape White Small (IIndian),1
ORD052219,Korolla(Big)-kg,1
ORD052225,Bashundhara Paper Napkin-100p,1
ORD052225,Dettol Lqd HW-170ml Original (Refil),1
ORD052225,Lux Soft Glow Soap-100g,1
ORD052225,Teer Atta 2kg,1
ORD052225,Vim Bar 300g (Lemon),1
ORD052223,Belleame Digestive Biscuit- 135g,1
ORD052223,Colgate Max Fresh Toothpaste- 100ml All,1
ORD052223,Fit Biscuite -130gm,1
ORD052228,Aer Spray Morning - 220ml,1
ORD052228,Foster Clark Lemon-750g,1
ORD052228,Garlic China Big-(kg),1
ORD052228,Savoy Ice Cream-120ml ( Butter Scotch),1
ORD052228,Savoy Ice Cream-120ml {Kheer Malai},1
ORD052228,Vaseline Health White-400ml,1
ORD052228,Vim Bar Lemon-125gm,1
ORD052227,Banana(Sagor),1
ORD052227,Memory Muruli PKT-200gm,1
ORD052227,Plain Paratha 20Pcs - 1300gm,1
ORD052227,Ramisa Fri Chick Peas-200gm,1
ORD052227,Ramisa Labango Pitha Box-6 Pcs,1
ORD052229,Akrut--50g,1
ORD052229,Bitter Stick-50g(Cherota),1
ORD052229,Olympic Digestive Biscuits-110g,1
ORD052221,Polar Raffinato Mocha Ice Cream- 1L,1
ORD052230,Beef Bone Full,1
ORD052230,Mutton (Special)-Kg,1
ORD052231,Aarong Pasturized Liquid Milk-1Ltr Reg.,1
ORD052231,AD University Khata-160page,1
ORD052231,Kath Badam-100g,1
ORD052240,Milk Vita Liquid Milk-1Ltr,1
ORD052240,Parboil (Potol)-kg,1
ORD052240,Prince Lacha Samai-200g(Pkt),1
ORD052240,R.Spices(Chilli)-100g,1
ORD052240,Telapia Fish Big (THR),1
ORD052240,Usta(kg),1
ORD052240,Vermicelli Samai-200gm,1
ORD051151,Bath Sponge (Dhundul)-kg,1
ORD051151,Bottle Guard Big(Lau)-Pc,1
ORD051151,Capsicum Red/Yellow(kg),1
ORD051151,Cucumber (Hybrid)-kg,1
ORD051151,G Gatorade Sports Drink-500ml,1
ORD051151,Gatorade Drink - 600ml All,1
ORD051151,Green Papaya(kg),1
ORD051151,Orange (China) Net-kg,1
ORD051151,Parboil (Potol)-kg,1
ORD051151,Snack Guard (Chichinga)-kg,1
ORD051241,China Stell Majuni - 4 pcs set (4/23),1
ORD051241,Hilsha Fish-Medium-Pcs,1
ORD051241,RFL Globe Jar -450ml,1
ORD051241,Shohel Freeze Hand Cover-09,1
ORD051241,Thai Papaya Ripe Red Lady,1
ORD051238,AG Vegetable Spring Roll-400g,1
ORD051238,Brooke Bond Taaza Black Tea-200g,1
ORD051238,Cabbage-Pc,1
ORD051238,Carrot (China)-kg,1
ORD051238,Cauliflower(B)-Pc,1
ORD051238,Coriander Leaf Pcs-100gm,1
ORD051238,Cucumber Deshi (kg),1
ORD051238,Green Papaya(kg),1
ORD051238,Katol Fish Big,1
ORD051238,Kazi & Kazi Black Tea-80gm,1
ORD051238,Koral Fish(Big),1
ORD051238,Meant Leaf (Pudina Leaf)- Pc,1
ORD051551,Bele Fish Small,1
ORD051551,Green Pumpkin-pc,1
ORD051551,Katol Fish XXL (Kata),1
ORD051551,Misti Sob-100gm,1
ORD051551,Prince Betel Spice 100gm,1
ORD051551,Rui Fish-M-(MNK),1
ORD051551,Shrimp Fish Bagda,1
ORD051551,Teer Atta 2kg,1
ORD051832,Best Line Multi Plug -HT0034 021,1
ORD051832,Fanta Orange Drink-250ml,1
ORD051832,Musur Pulse Deshi-1Kg,1
ORD051832,Potato Deshi New-1kg,1
ORD051832,Pusti Mustard Oil-250ml,1
ORD051832,RD Mango Milk (IPI)-200ml,1
ORD051996,Mango(Gopal Bhog),1
ORD051996,Pusti Soyabean Oil-5Ltr,1
ORD052019,Akher Sugar -1kg,1
ORD052019,Mr. Energy Instant Biscuit-240gm,1
ORD052019,Olympic Salcoti Elachi Cookies-80gm,1
ORD052034,Dry Cake 400gm(BK),1
ORD052034,Green Chilli(kg),1
ORD052034,Onion LC New,1
ORD052034,Super Refined Naphthalene +/- 50P,1
ORD052034,Teer Premium Lodized Salt- 1kg,1
ORD052035,Cocola Wafer Roll Jar-325gm,1
ORD052035,Olympic Daily Toast Biscuits-210gm,1
ORD052039,Aarong Yogurt Sour Curd-500gm,1
ORD052039,Aci Pure Aromatic Rice 2kg,1
ORD052039,Azoa Dates-kg(Loose),1
ORD052039,Chat Masala-40gm,1
ORD052039,Grapes (American)-kg,1
ORD052039,Prince Bread-800g (Special),1
ORD052046,Amul Cool Kesar Flavour 180ml,1
ORD052046,Apple Fuji Big,1
ORD052046,Aquafina Drinking Water- 500ml,1
ORD052046,Camel Pistachis 40gm,1
ORD052046,Dragon Fruits (B),1
ORD052046,Mango Himsagor-kg,1
ORD052046,Nut Walker C Nuts R Salted -120g,1
ORD052046,Pomegranate (Mitulla)-B,1
ORD052046,Shammi Juice Drink (All)-250ml,1
ORD052046,Thai Papaya Ripe Red Lady,1
ORD052239,Fun Crack- 50g,1
ORD052239,Naspati(kg),1
ORD052239,Pabda Fish (Small) (HB),1
ORD052239,Parboil (Potol)-kg,1
ORD052239,Shrimp Fish Bagda,1
ORD052234,Brinjal Oval ( Tal Begun ) -kg,1
ORD052234,Chicken (B-Skin Less),1
ORD052234,Coriander Leaf Pcs-100gm,1
ORD052232,Akher Sugar -1kg,1
ORD052232,Aquafina Drinking Water- 500ml,1
ORD052232,Green Jack Fruit,1
ORD052232,Himalaya Face Wash (Blueberry)- 100ml,1
ORD052235,Bomby Mixed Misty Masala,1
ORD052235,Kishwan Chocolate Cookies-250gm,1
ORD052256,Mentos Rainbow -37.8g,1
ORD052256,Sun Chips Tomato Tango 38g,1
ORD052255,Jafran,1
ORD052255,Kinley Club Soda -600ml,1
ORD052255,RC-Jeera Pani-250ml,1
ORD052242,AG Chicken Sausage Plain-340gn,1
ORD052242,C.N Chicken Garlic Meatball-250gm,1
ORD052242,Yupi Fruit Cocltails -30gm,1
ORD052243,Chicken (B-Skin Less),1
ORD052243,Chicken Soup (Deshi),1
ORD052243,Magur Fish (THR),1
ORD052243,Potato Sweet-(kg),1
ORD052250,Green Papaya(kg),1
ORD052246,Amon Rice -Kg (Lose),1
ORD052246,Kurkure Style Spicy Chicken-80gm,1
ORD052246,Shrimp Fish Bagda,1
ORD052252,Gahana Baby Clip-72,1
ORD052252,Gahana Kakra Hair Clip-5,1
ORD052252,MP Baby Hair Clip -63,1
ORD052252,MP Thai Kakra Clip-022,1
ORD052259,Khaleque Chocolate Mold-07,1
ORD052264,Ruchi Orange Jam-480gm,1
ORD052262,Borboti(kg),1
ORD052262,Ifad Muri Toast - 350gm,1
ORD052262,Pusti Soyabean Oil-5Ltr,1
ORD052261,Beef Bone Full,1
ORD052265,Ambition Tooth brush,1
ORD052265,Buldak Noodles (All),1
ORD052265,Foster Clark Mango-450g,1
ORD052265,Fry Pan Without Lid-22cm,1
ORD052265,Himalaya Anti-Dandruff S&M Shampoo-375ml,1
ORD052265,Palmolive Soap-170g,1
ORD052265,PC Cleansing Gel All Skin-150ml,1
ORD052265,Sajeeb Tomato Ketchup(340G),1
ORD052265,Septex Everyday anti.170ml,1
ORD052265,Suree Sweet Chilli Sauce-295ml,1
ORD052265,Yokozona Twisty Goodness Crackers-60g,1
ORD052052,AD Plastic File Bag-012,1
ORD052052,Cadbury Celebration-132g,1
ORD052052,China Carpet Brush (4/23),1
ORD052052,Funtastic Pineapple-200g+Cho-167g(B3G1),1
ORD052052,GG Acrylic Color 12pcs- 022,1
ORD052052,GG Exam Board -58,1
ORD052052,GG Tully Set 6Brush-591,1
ORD052052,Lafz Ocean Crest Deodorant-50ml,1
ORD052052,Milk Bread Small-300gm,1
ORD052052,Nescafe Classic Jar-25gm,1
ORD052052,Ramisa Chicken Chips-125g,1
ORD052054,Arla Dano Daily Pushti-500gm,1
ORD052054,Chicken Boneless-Kg,1
ORD052054,Cumin-200gm,1
ORD052054,Lafz Musky Calm Deodorant-50ml,1
ORD052054,Lemon White Detergent Powder-1kg,1
ORD052054,Maggi Vegetable Soup 25g(B3G1),1
ORD052054,Prince Chicken Leg,1
ORD052054,Sajeeb Mr. Chocoz-200gm,1
ORD052056,Belleame Dry Cake Biscuit-325gm,1
ORD052056,Lux Soft Glow -35g (4pcs Combo),1
ORD052056,Milk Vita Liquid Milk-1Ltr,1
ORD052056,Pran Orange Jelly-500g,1
ORD052056,Quaker Oats-450gm Jar,1
ORD052056,Roja Deshi Classic Paratha-1300gm,1
ORD052056,Tibet Ball Soap-130g,1
ORD052056,Vermicelli Samai-200gm,1
ORD052056,Vim Bar Lemon-125gm,1
ORD052056,Vim Dishwash Liquid- 250ml,1
ORD052056,Wheel 2in1 Clean & Fresh Powder-1Kg,1
ORD052065,Dosa Tawa -26cm,1
ORD052065,Oat Krunch Strawberry&Black -208gm,1
ORD052067,Beef Bone Full,1
ORD052067,Grape White Small (IIndian),1
ORD052067,Hand Fan,1
ORD052067,KurKure Cream & Onion 37gm,1
ORD052067,Prince Plain Cake(B),1
ORD052067,"UM Baby Plate 9.25"" UM-426",1
ORD052067,UM Spoon-303 1pis,1
ORD052068,Cow Stomach-K,1
ORD052068,Mutton (Special)-Kg,1
ORD052073,CBL Munchee Nice Biscuit-230g (Premium),1
ORD052073,CBL Munchee P.Nice Biscuits 124g,1
ORD052073,China Flower (4/23),1
ORD052073,Knorr Chicken Hot & Sour Soup- 28g,1
ORD052073,Knorr Thai Soup- 28g,1
ORD052071,Coconut Craze-250gm,1
ORD052071,Roja Fish Kievs 12Pcs- 240g,1
ORD052266,Cabbage-Pc,1
ORD052266,Cardmom-100gm(Alachi),1
ORD052266,Cauliflower(B)-Pc,1
ORD052266,Cock Roast (Deshi)-PC,1
ORD052266,CP Chicken Stick-250g,1
ORD052266,Cucumber (Hybrid)-kg,1
ORD052266,Sweet Pumpkin(kg),1
ORD052267,China Knife Sharpner (05/23),1
ORD052267,China Knife(5/23),1
ORD052267,Hilsha Fish Big-(MNK)-Pcs,1
ORD052267,Poa Fish Small-(Deshi),1
ORD052268,Arla Full Cream Milk 3.5%-1Ltr,1
ORD052268,Plain Paratha 20Pcs - 1300gm,1
ORD052269,Burger Bread 2pcs Pack,1
ORD052269,D Korean Ramen 3X Spicy Noodles-248gm,1
ORD052269,Easy Mix Roast Masala-35g,1
ORD052269,Naples Mayonnaise-170ml,1
ORD052269,Radhuni Biriyani Masala-40g,1
ORD052269,Starship Cond. Milk 397g,1
ORD052269,Tang orange Flavoured Instant Drink Powder 75gm,1
ORD052269,Vermicelli Samai-200gm,1
ORD052270,Flame Box Match-1Dozen,1
ORD052270,Odonil Air Freshner Lavender Meadows- 48gm,1
ORD052270,Saad Hot Tomato Sauce-500gm,1
ORD052270,Snickers Chocolate-50gm,1
ORD052270,Sun Hairfall Solution Shampoo-170ml,1
ORD052277,Chui Pitha-200gm,1
ORD052277,Close Up Cool Mint Toothpaste-145g,1
ORD052277,Fresh Salt Premium-1kg,1
ORD052277,Isubgool Pack-100g,1
ORD052277,Koko Krunch-70gm,1
ORD052277,Maggi Healthy Soup-25g,1
ORD052277,Premio Queen Soap Case,1
ORD052274,Brinjal Long (Thin)-kg,1
ORD052274,Topashi Fish-(MNK),1
ORD052275,Ch. City BusToy (Pata)-793(6/23),1
ORD052275,Fay Facial Tis-150Pcs 300Sheets,1
ORD052275,MP Baby Hair Clip -52,1
ORD052282,Dettol HW.170ml buy 2 Get Tiffin Box Free,1
ORD052282,Eagle Max Hit Jumbo Mosquito Coil,1
ORD052282,Ifad Eggy Inst. Mas Noodles-400g B2G1,1
ORD052282,Imperial Leather Soap-200g,1
ORD046414,Maggi Saad -E -Magic S Mix-48g,1
ORD046414,Mr. N Chow Mein Stick Noodles B2 G1,1
ORD052079,Aarong Liquid Milk-1/2Ltr,1
ORD052079,Aarong Pasturized Liquid Milk-1Ltr Reg.,1
ORD052079,Mirzapore Best Leaf Tea-400g,1
ORD052079,Potato Deshi New-1kg,1
ORD052079,Prince Bread(Special)-400g,1
ORD052079,Usta(kg),1
ORD052085,Deshi Paratha-1600g(Mega Family Pack),1
ORD052085,Pepsi (Diet) 600ml,1
ORD052085,Prince Cream Bread Bon,1
ORD052077,Aci Pure Atta 2kg,1
ORD052077,Colgate Active Salt Paste-200g,1
ORD052077,Milk Vita Liquid Milk-1Ltr,1
ORD052077,Pusti Atta -2kg,1
ORD052092,Cauliflower(B)-Pc,1
ORD052092,Green Papaya(kg),1
ORD052092,Parboil (Potol)-kg,1
ORD052092,Rui Fish-M-(MNK),1
ORD052092,Snack Guard (Chichinga)-kg,1
ORD052092,Sweet Pumpkin(kg),1
ORD052095,Prince Bread-800g (Special),1
ORD052095,Prince Tiffin Bon,1
ORD052105,Cinnamon-100g (Daruchine),1
ORD052105,Fresh F. Tissue Perfumed 150Pcs 300Sheet,1
ORD052105,Pink Salt-200g,1
ORD052105,Pran Aromatic Rice-2kg,1
ORD052105,Pran Puffed Rice-500gm,1
ORD052105,Pran Toast-250g,1
ORD052105,Sunshine Maida -2kg,1
ORD052105,Tomato Sour Deshi-B (kg),1
ORD042432,Fashion Asia 3Pcs-086,1
ORD044506,Farm Fresh Butter-200gm Box (50X4pcs),1
ORD052285,Akher Sugar -1kg,1
ORD052285,Bakemans Ovaltine Biscuit-80gm,1
ORD052285,Belleame Choco Little Biscuit-45gm,1
ORD052285,Malta (Yellow)-kg,1
ORD052285,Vegetable Spring Roll- 300g,1
ORD052287,Kaveri Mehendi Cone 2pcs -25g,1
ORD052288,Roja Fish Sticks 10Pcs- 240g,1
ORD052289,Capsicum Green,1
ORD052289,CP Spicy Chicken Ball-500g,1
ORD052289,Cucumber (Hybrid)-kg,1
ORD052289,DR Ruchi mixed Fruit Jam 400gm,1
ORD052289,Eye Of Arum(Tall) (Kachurmukhi)-kg,1
ORD052289,Mutton (Special)-Kg,1
ORD052292,Dove Beauty Bar Soap-135g (All),1
ORD052292,Funtastic Ore Cream Pineapple,1
ORD052292,Nutty Biscuits- 250g,1
ORD052292,Oreo Choco Creme Biscuits-43.75g,1
ORD052292,Vim Bar 300g (Lemon),1
ORD052295,Brown Bread-300gm,1
ORD052295,Milk Vita Liquid Milk-1Ltr,1
ORD052294,Chaka Washing Powder-1000g,1
ORD052294,Laitta Fish,1
ORD052294,Vim Bar Lemon-125gm,1
ORD052309,Act II Butter Delite-70g,1
ORD052309,Cosco Soap-80gm,1
ORD052309,Danish Dry Cake Biscuits-350gm,1
ORD052309,Mirzapore Best Leaf-200gm,1
ORD052309,Mr.Cookie- 39gm Small,1
ORD052309,Poa Fish Small-(Deshi),1
ORD052309,Rupchanda(Small) (THR),1
ORD052317,Golda Fish XL,1
ORD052317,Tibet Ball Soap-130g,1
ORD052308,Clear Complete Active Care Shampoo-330ml,1
ORD052308,Starship Chocolate Milk-200ml,1
ORD052303,Red Chira -500gm,1
ORD052303,THL Nano Tooth Brush,1
ORD052310,Olivs Oils Land E Virgin Olive Oil-250ml,1
ORD052299,Golap Jam,1
ORD052299,Poa Fish Small-(MNK),1
ORD052299,Tulardandy Fish Big-(MNK),1
ORD052306,Atlas BMW Long Umbrella-083,1
ORD052318,ACI Salt Bottle-750g,1
ORD052318,CBL Munchee Cream Chocolate Wafer-200g,1
ORD052318,Chepa Shutki-100gm,1
ORD052318,Funtastic Milk.M Biscuit-225gm(B3G1),1
ORD052318,Grapes (Red),1
ORD052318,Prince Bread(Special)-400g,1
ORD052318,Vim Bar Lemon-125gm,1
ORD052318,Wheel Laundry Soap 125g,1
ORD052319,Buldak Noodles (All),1
ORD052319,Chocolate Rice Cake Dec-50g,1
ORD052319,Malta (Yellow)-kg,1
ORD052319,Mr Noodles Cup -40gm,1
ORD052320,ACI Pure Biryani Masala B2 G1-40g,1
ORD052320,Alu Bukhra-100g,1
ORD052320,Cardmom-50gm(Alachi),1
ORD052320,Cocola Egg&Chicken Noodles-Family Pack,1
ORD052320,Dry Shrimp Shutki Small-100gm,1
ORD052320,Fair&Lovely Ayurvedic Care Cream-50g,1
ORD052320,Green Chilli(kg),1
ORD052320,Pran Haleem Mix 200g - B2G1,1
ORD052320,Radish (White)-kg,1
ORD052320,Sagu-250g,1
ORD052320,Vaseline Healthy White Lotion-300ml,1
ORD050290,Classic Toothbrush,1
ORD050290,Closeup Green-100gm,1
ORD044539,Aarong Sweet Yogurt-500gm,1
ORD044539,Green Papaya(kg),1
ORD044539,Ifad Kaju+Cho+D-220g B3 G1 Orange Free,1
ORD047746,Prince Cream Bread Bon,1
ORD047746,Snickers -50gm(Buy 2 Get 1 Free),1
ORD047746,White bread Small-300gm,1
ORD050477,Chicken (B-Skin),1
ORD050477,Explorer Toothbrush,1
ORD050477,Lemon Kagoji-Pc,1
ORD050477,Rok Liquid Dishwash-250ml(Buy2 Get1 Free),1
ORD051045,Beef Without Bone Special,1
ORD051045,Boot Pulse(Broken)1Kg,1
ORD051045,Cadbury Celebration-132g,1
ORD051045,Good Life Mozarella Cheese-370gm,1
ORD051045,Mr.Cookie- 39gm Small,1
ORD051045,Olympic Digestive Biscuits-110g,1
ORD051045,Teer Sugar-1Kg,1
ORD051045,White Chocolate Digestive-125g,1
ORD049131,Onion LC New,1
ORD049131,Rupchanda Soyabean-2Lt-PET,1
ORD049130,Lassa Special Semai-500g(Pkt),1
ORD050289,Prince Borhani-1.5Ltr,1
ORD044676,Chicken (B-Skin Less),1
ORD051777,Akher Sugar -2kg,1
ORD051777,Cock Roast (Deshi)-PC,1
ORD052030,Gluco Max D- 400g,1
ORD052331,Apple Green,1
ORD052331,Mug Pulse (Sona)-1kg,1
ORD052331,Teer Atta 2kg,1
ORD052331,Veet Cream 100g (Normal Skin),1
ORD052331,Vim Dishwash Liquid- 1L,1
ORD052325,BD Roast Masala - 35gm,1
ORD052325,Harpic Power T.Clen-750ml (Original),1
ORD052325,Harpic Total Powder-400gm,1
ORD052325,Mediplus Advanced Gum Care Tooth Brush,1
ORD052325,Memory Narikel Chira-100gm,1
ORD052325,Onion Deshi(New)-kg,1
ORD052325,Radhuni Mustard Oil-500ml,1
ORD052325,Vim Dishwashing Liquid- 500ml,1
ORD052326,Bashundhara Suji-500g,1
ORD052326,China Body Majuni (05/23),1
ORD052326,Pepsodent Gremichek+ Toothpaste-100gm,1
ORD052326,Polar Butterscotch Ice Cream,1
ORD052326,Savlon Soap 3Pcs 15Tk Save-100g All,1
ORD052324,Gillette Series Gel-195g (Moisturizing),1
ORD052324,Memory Til Papri-40gm,1
ORD052327,Garlic China Big-(kg),1
ORD052338,Arla Dano Daily Pushti-1kg,1
ORD052338,Lux Jasmine & Vitamin E Soap-150g,1
ORD052338,Musur Pulse Kangaroo -1Kg (sp),1
ORD052338,Nivea Lemon Shower Gel-250ml,1
ORD052338,Prince Vinegar(600ml),1
ORD052338,Teer Atta 2kg,1
ORD052335,Carrot (China)-kg,1
ORD052335,Sajna(kg),1
ORD052335,Tomato L.C(kg),1
ORD052340,Green Chilli(kg),1
ORD052340,Green Papaya(kg),1
ORD052340,Mango Bari-4-kg,1
ORD052340,Potato Bogura-1kg,1
ORD052339,Bottle Guard Big(Lau)-Pc,1
ORD052339,Eye Of Arum(Tall) (Kachurmukhi)-kg,1
ORD052339,Snickers Chocolate-50gm,1
ORD052334,Farm Fresh Standard Milk-1L,1
ORD052337,Black Berry (Kalo Jam),1
ORD052341,Foster Mixed Fruit Jam-450g,1
ORD052341,Milk Merry Biscuits-240gm,1
ORD051831,Farm Fresh Pasteurized Milk-1L,1
ORD051831,Prince Bread(Special)-400g,1
ORD051831,Prince Cream Bread Bon,1
ORD052345,Naspati(kg),1
ORD052345,Slim Soft Toothbrush,1
ORD052345,Tomato L.C(kg),1
ORD052344,Banana Mocha-Pc,1
ORD052344,Bottle Guard Big(Lau)-Pc,1
ORD052346,Haiko Ice Cream Powder-160gm,1
ORD052350,Bata Fish(Small),1
ORD052350,Radhuni Garam Masala-40gm,1
ORD052350,Shan Malay Chicken Biryani-60g,1
ORD052351,Coriander Leaf Pcs-100gm,1
ORD052351,Meant Leaf (Pudina Leaf)- Pc,1
ORD052351,Shrimp Fish Bagda,1
ORD052353,Shrimp Fish Small (THR),1
ORD052353,Yupi Twin Burger-53,1
ORD052356,Cucumber Deshi (kg),1
ORD052356,Fair & Lovely BB Cream-18g,1
ORD052356,Pran Mango Bar-10Pcs,1
ORD052356,Rin Advanced-500gm,1
ORD052355,Beef Samusa,1
ORD052355,Black Pepper(Chili)-50g,1
ORD052355,Carrot (Deshi) kg,1
ORD052355,Lemon Elachi-Pc,1
ORD052355,Lux Fragrant Skin Body Wash-245ml,1
ORD052355,Mace (Jotric) -50g,1
ORD052355,Prince Bread(Suger Free)-400g,1
ORD052355,Prince Dubli Pulse-1kg,1
ORD052355,Prince Plain Cake(B),1
ORD052355,Radhuni Jorda Mix-400gm,1
ORD052355,Radhuni Kala Bhuna Masala 80gm,1
ORD052355,Remia Salad Dressing- 250ml All,1
ORD052355,Shrimp Fish( Galda)-(TR),1
ORD052360,Belleame Digestive Biscuit- 135g,1
ORD052360,Cardmom-50gm(Alachi),1
ORD052360,Delight Toast Hi Fiber-250g,1
ORD052360,RFL Merina Jar 2L,1
ORD052360,Ruchi Chanachur Hot-150gm,1
ORD052358,Barley Arrarot-400mg,1
ORD052358,Radhuni Mustard Oil-500ml,1
ORD052358,Surf Excel W Aloe Vera-1kg,1
ORD052364,Nut Walker C Nut Thai Lime & Chili -130g,1
ORD052364,Sunsilk Conditioner-300ml,1
ORD052362,Queens Egg Bread- 125g,1
ORD052362,Sofeda,1
ORD052369,AG Red Wheat Rooti-800g,1
ORD052369,Cauliflower(B)-Pc,1
ORD052369,Net Pumpkin (Jali Kumra)-Pc,1
ORD052369,Parboil (Potol)-kg,1
ORD052373,Legion Henna Powder-100gm Box,1
ORD052375,Chicken Strips-250gm,1
ORD052375,HIT Cockroaches Aerosol 400ml,1
ORD052375,Zipbag Sandwich 165mmX150mm,1
ORD052383,Mixed Masalla-100gm,1
ORD052383,Musur Pulse Kangaroo -1Kg (sp),1
ORD052383,Pran Aromatic Rice-2kg,1
ORD052383,Special Quality Cream Biscuit-400g(Bk),1
ORD052386,I S Ladies Taies- 051,1
ORD052386,Snickers Chocolate-50gm,1
ORD052385,Cadbury Dairy Milk Silk Plain- 150gm,1
ORD052385,Pusti Soyabean Oil-5Ltr,1
ORD052384,CP Spicy Chicken Ball-500g,1
ORD052379,Fanta orange-1L,1
ORD052379,Hilsha Fish Big-(MNK)-Pcs,1
ORD052060,Chia Seed (Dana) New-100g,1
ORD052060,Natural Loofah Sponge M -533,1
ORD052060,Prince Lacha Samai-200g(Pkt),1
ORD052066,G H. Premium Deshi Paratha-1300gm,1
ORD052066,Latkon Fruits,1
ORD052066,Maggi Noodles Masala Blast-504g 8 Pack,1
ORD052382,Miyako Rice Cooker MRC-918,1
ORD052391,Tibet Ball Soap-130g,1
ORD052393,Shrimp Fish Bagda,1
ORD052395,Shrimp Fish Small (THR),1
ORD052402,Fresh Paper Napkin 100pcs,1
ORD052402,Improved Jet- 200gm Poly Pack,1
ORD052402,Wheel 2in1 Clean & Fresh Powder-1Kg,1
ORD052399,Sensodyne Daily Care Toothbrush,1
ORD052399,T.Laundry Soap-130g (Green),1
ORD052403,GS Matte Liquid Lipstick--7ml,1
ORD052401,Asif Bicycle Towel-24x48,1
ORD052405,Hubba Bubba Bubble Gum -35g,1
ORD052415,Raisin Sesame Bread- 320g,1
ORD052412,Chicken Spring Roll 10pcs,1
ORD052412,Nescafe 3in1-6Pcs-15g,1
ORD052410,Morium Speacial Date-1kg,1
ORD052407,Polar Ice Cream Vanilla-1Ltr(Tub),1
ORD052406,Tip Biscuit Super Saver Pack-200gm,1
ORD052027,Akher Sugar -1kg,1
ORD052027,Mr. White Detergent Powder 500g B3 G1,1
ORD052076,Apple Fuji,1
ORD052076,Apple Green,1
ORD052076,China Relax Bait- 50gm,1
ORD052076,Dragon Fruits (B),1
ORD052076,No-Kroach -8gm,1
ORD052069,Milk Vita Labang-250ml,1
ORD052069,Mutton(1),1
ORD052083,Cosco Soap-80gm,1
ORD052083,Lux Jasmine & Vitamin E Soap-150g,1
ORD052083,Lux Soft Glow -35g (4pcs Combo),1
ORD052083,Lux Soft Glow Jasmine Soap-75gm,1
ORD052083,Rui Fish (S1)-(MNK),1
ORD052429,ACI Pure Salt-1Kg,1
ORD052429,Odonil Air Freshner-50g Combo (40 OFF),1
ORD052429,Prince Borhani-1.5Ltr,1
ORD052424,Meringue Marshmallow S Cookie - 65gm,1
ORD052430,Petra Resin Adhesive 50g,1
ORD052430,Potato Deshi New-1kg,1
ORD052430,Prince Bread(Special)-400g,1
ORD052428,BD Ispaghula-45gm,1
ORD052423,Brinjal Oval ( Tal Begun ) -kg,1
ORD052421,Milo Ball-330gm,1
ORD052427,Bashundhara Atta-2kg,1
ORD052427,Farm Fresh FC Milk Powder-1kg,1
ORD052425,Mens Glow & Handsome-100g,1
ORD052425,Prince Square Toast-250gm,1
ORD052422,RFL Bela Ruti Box Medium,1
ORD052426,Kishwan Fiore Cookies -300gm,1
ORD052433,Roma Arden Tender Bite Cookies -80gm,1
ORD052439,Hilsha Fish Big-(MNK)-Pcs,1
ORD052439,Wheel Laundry Soap 125g,1
ORD052446,Pusti Soyabean Oil-5Ltr,1
ORD052446,SC Biotin Shampoo With Onion Ex(B1G1free)-250ml,1
ORD052437,Sun Chips Mix Masala 80g,1
ORD052437,Tomato Sour Deshi-B (kg),1
ORD052440,Garlic China Big-(kg),1
ORD052440,Refill Pen Anytime-Black (6pcs),1
ORD052447,Chicken Boneless-Kg,1
ORD052447,CP Gangsters Bite Chili-250gm,1
ORD052438,Shing Fish-(THR),1
ORD052444,Mango Himsagor (Special)-kg,1
ORD052451,Alfa Mayonnaise-236.5ml,1
ORD052451,Poa Fish Small-(Deshi),1
ORD052451,Prince Orange Jelly-250gm,1
ORD052452,Black Cumin (Kalijira)-100gm,1
ORD052452,Cardmom-100gm(Alachi),1
ORD052452,Lemon Kagoji-Pc,1
ORD052454,AG Plain Paratha C.P -650g (10pcs),1
ORD052456,Laitta Fish,1
ORD052458,Ladies Finger (Vendi)-kg,1
ORD052457,Polar Premium Doi-1L,1
ORD052455,Bashu. Toilet Tissue (White),1
ORD052464,Nutrilife Cranberry Fruit Magic-1Ltr,1
ORD052464,Prince Bread(Special)-400g,1
ORD052464,Tomato Sour Deshi-B (kg),1
ORD052465,Milk Vita Liquid Milk-1Ltr,1
ORD052088,ACI Aerosol 350ml,1
ORD052088,ACI Aerosol-250ml,1
ORD052088,China Hair Clip-(5/23),1
ORD052088,Fresh Paper Napkin 100pcs,1
ORD052093,Almas Tupi-07,1
ORD052093,Prince Sour Curd-1kg,1
ORD052100,Dry Shrimp Shutki Small-100gm,1
ORD052100,Kakrol(kg),1
ORD052100,Ladies Finger (Vendi)-kg,1
ORD052100,Pabda Fish (Big),1
ORD052100,Puti Fish (Deshi) (HB),1
ORD052053,Chicken Kima-Kg,1
ORD052053,Prince Bread(Special)-400g,1
ORD052053,Sajeeb Soya Sauce-300ml,1
ORD052466,AG Vegetable Spring Roll-400g,1
ORD052478,Confidence Salt-1Kg,1
ORD052468,Aarong Cheese Cubes Classic-120g,1
ORD052468,Muslim Masala Badam-100g,1
ORD052468,Prince Special Chanachur-150gm,1
ORD052473,Beef Bone Full,1
ORD052473,Ch.Spoon Set 6 Pcs-(5/23),1
ORD052473,China Ceramic Mug T10(4/23),1
ORD052473,China Plate Stand-YZ-021A(05/23),1
ORD052473,Maggi Soup Thai- 35g 4Pcs Combo,1
ORD052469,Vermicelli Samai-200gm,1
ORD052476,Aarong Ghee 200g,1
ORD052472,Bashundhara Suji-500g,1
ORD052470,Coconut Craze-250gm,1
ORD052479,C.Peanut Butter Creamy-340g,1
ORD052482,Madina Azoa VIP Dates-kg(Loose),1
ORD052099,Coca Cola-2.25Lt(Pet),1
ORD052099,Lemon Elachi-Pc,1
ORD052099,NAJ Special Toast Biscuits -300gm,1
ORD052099,Partex Cleen Toilet Tissue Super Soft,1
ORD052099,Radhuni Spice Coriander-200g,1
ORD052099,Sprite-1.25 Lt(Pet),1
ORD052111,Chocolate Digestive 145gm,1
ORD052111,Cocola Champion Biscuits-65g Choco,1
ORD052111,Cocola Salty Salted Bscuits- 100g,1
ORD052111,KurKure Cream & Onion 37gm,1
ORD052111,KurKure Masala Manch 37gm,1
ORD052111,KurKure Naughty Tomato 37gm,1
ORD052111,Maggi Soup 4Pcs Combo {All},1
ORD052111,Maggi Soup Thai- 35g 4Pcs Combo,1
ORD052111,Mr.Cookie-Family Pack 275gm,1
ORD052111,Prince Bread(Suger Free)-400g,1
ORD052111,Prince Plain Cake(B),1
ORD052111,Savlon Freedom Heavy Flow-8Pads,1
ORD052113,China Soap Case(05/23),1
ORD052113,Muslim Muri Moya-12Pcs,1
ORD052113,Omuda Nailcutter-2014,1
ORD052119,Arla Dano Daily Pushti-500gm,1
ORD052119,Cucumber Deshi (kg),1
ORD052119,Deshi Paratha-1600g(Mega Family Pack),1
ORD052119,Garden Fresh Mango Drink-1L,1
ORD052119,Lassa Special Semai-500g(Pkt),1
ORD052119,Musur Pulse Kangaroo -1Kg (sp),1
ORD052119,Pran Aromatic Rice-2kg,1
ORD052119,Pran Jhotpot Tandoori Pizza- 210gm,1
ORD052119,Prince Betel Spice 100gm,1
ORD052119,Radhuni Kheer Mix 150gm,1
ORD052119,Rin Advanced-1000gm,1
ORD052481,Pringles Potato Crisps -158g (All),1
ORD052488,Baby Corn(Fesh),1
ORD052488,Capsicum Yellow(kg),1
ORD052488,Dust White Pepper(Chili)-50g,1
ORD052488,Oregano Leaves- 10g,1
ORD052488,Prince Bread(Special)-400g,1
ORD052486,Prince Soya Sauce(500ml),1
ORD052493,Milk Vita Liquid Milk-1Ltr,1
ORD052485,Prince Sour Curd-500gm,1
ORD052487,Kazi Chicken Spring Roll-250g,1
ORD052490,Quality Smoked Chicken Salami-200g,1
ORD052490,Tomato L.C(kg),1
ORD052491,Tatkini Fish River(HB),1
ORD052484,Dove Hair Fall Rescue Conditioner-170ml,1
ORD052500,Belleame Golden Cremo Biscuit-90g,1
ORD052503,Bakemans Glaze-200gm,1
ORD052510,Funtastic Ore Cream Biscuit-43gm,1
ORD052510,Funtastic Ore Cream Pineapple,1
ORD052512,Aer Spray Cool- 270ml,1
ORD052512,Q Omega 3 Enriched Egg (1 Dozen),1
ORD052514,Kinley Club Soda -600ml,1
ORD052514,Lemu 250ml Pet,1
ORD052515,Potato Jam,1
ORD052521,H&S Shampoo Anti Hair Fall 2in1 - 180ml,1
ORD052525,Al Shafi Natural Honey Jar-250g,1
ORD052525,Pepsodent Gremichek+ Toothpaste-100gm,1
ORD051772,Chaka Advanced Ball Soap-125gm,1
ORD052028,ACI Pure Salt-1Kg,1
ORD052028,Apple(Gala),1
ORD052028,Prince Khesari Pulse-1Kg,1
ORD052529,Ramisa- Til Papri Pkt-100gm,1
ORD052531,Nut Walker Pistachios Dry R Salted -240g,1
ORD052530,Grape White Small (IIndian),1
ORD052537,Aafi Mango Drink-1 Ltr Pet,1
ORD052545,Maggi Soup Thai- 35g 4Pcs Combo,1
ORD052549,China Car Toy(05/23),1
ORD052549,Prince Lacha Samai-200g(Pkt),1
ORD052549,Vim Dishwash Liquid- 250ml,1
ORD052104,Bashundhara Atta-2kg,1
ORD052104,Garlic China Big-(kg),1
ORD052104,Hilsha Fish XL-kg,1
ORD052104,Kachki Fish (THR),1
ORD052104,Mola Fish (THR),1
ORD052104,Prince Noli Toast-250g,1
ORD052106,Chitol Fish-(MNK),1
ORD052106,Katol River Fish XL-(Kata),1
ORD052106,Sunsilk conditioner Perfect Straight-80m,1
ORD052551,Grass Curp Fish-(MNK),1
ORD052550,Shrimp Fish Golda(Medium)-(STR),1
ORD052554,Pomegranate (Mitulla)-B,1
ORD052558,Biryani Scent-28ml,1
ORD052558,Buldak Noodles (All),1
ORD052558,F.C. Whipped Topping Mix-72gm,1
ORD052558,Latina Basli Seed Drink Cocktail (All Flv.)-290ml,1
ORD052559,MP Hair Clip-02,1
ORD052559,Sajeeb Hot Tomato Sauce-340g,1
ORD052559,Sajeed ChocoMoo Chocolet-135g,1
ORD052566,Bragg Apple Cider Vinegar-473ml,1
ORD052566,Cardmom Big-50gm(Alachi),1
ORD052566,Star Masalla--50g,1
ORD052566,Vivel Soap-100g,1
ORD052567,China Steel Majuni Single-(4/23),1
ORD052567,Mixed Vegetable (Kg),1
ORD052567,Queens Butter Bun- 100g,1
ORD052567,R.Spices(Chilli)-100g,1
ORD052567,Radhuni Biriyani Masala-40g,1
ORD052567,Radhuni Panchforon-50g,1
ORD052569,R.Chanachur Premium Mix-200g,1
ORD052571,Ifad Milk Biscuits,1
ORD052571,Pran Chicken Roast Masala-35g,1
ORD052571,Pran Yogurt Sour Curd-500gm,1
ORD052130,CBL Munchee Dark Chocolate Cookies-100gm,1
ORD052130,CP Chicken Hot Sausage- 400g,1
ORD052130,CP Chicken Nugget-320g,1
ORD052135,Aci Pure Atta 2kg,1
ORD052135,Fresh Hand Towel- 250Pcs,1
ORD052135,Himalaya Power Glow F/W-100ml,1
ORD052135,Magur Fish (THR),1
ORD052135,Quality Dal Puri 10Pcs-450gm,1
ORD052135,Shing Fish-(THR),1
ORD052147,Bottle Guard Big(Lau)-Pc,1
ORD052147,Green Pumpkin-pc,1
ORD052147,Lati Thik(Kg),1
ORD052147,Mango Fazli,1
ORD052147,Prince Bread(Special)-400g,1
ORD052147,Usta(kg),1
ORD052148,Aarong Pasturized FC Milk 1000ml,1
ORD052148,Ladies Finger (Vendi)-kg,1
ORD052148,Odomos Mosquito Cream-100g,1
ORD052165,Black Variety Of Salt-200gm,1
ORD052165,Egg & Chicken Masala Noodles FG (Egg),1
ORD052165,Kakrol(kg),1
ORD052165,Lati Thik(Kg),1
ORD052165,Mola Fish (THR),1
ORD052165,Organikare(Pink Hand Wash +Refil)Combo,1
ORD052165,Parboil (Potol)-kg,1
ORD052161,Cabbage-Pc,1
ORD052161,Cadbury Choclairs-196g,1
ORD052161,F. C. Corn Flour-400mg(Tin),1
ORD052161,Mango Banana,1
ORD052161,Mango Himsagor (Special)-kg,1
ORD052161,Marks Full Cream Milk Powder-1Kg Tin,1
ORD052161,Pran Up 2Lt,1
ORD052161,Pusti HT BBQ Chanachur -250g,1
ORD052161,Shrimp Fish Small (THR),1
ORD052161,Water Melon Black- Kg,1
ORD052161,Wheel 2in1 Clean & Fresh Powder-1Kg,1
ORD052120,Hilsha Fish-XL-(MNK)-Pcs,1
ORD052126,Melbourne S. Slices Cheese-200g,1
ORD052126,Milk Vita Liquid Milk-1Ltr,1
ORD052126,Miyako Sandwitch Maker SW-219M,1
ORD052126,Prince Bread(Suger Free)-400g,1
ORD052126,Prince Fresh Eggs Red (12Pcs Box),1
ORD052127,Aarong Butter Salted-100gm,1
ORD052127,Brinjal Oval ( Tal Begun ) -kg,1
ORD052127,Chicken Deshi Cock (Live),1
ORD052127,Easy Mix Roast Masala-35g,1
ORD052127,Kewra / Rose Water,1
ORD052127,Rose Water-180ml,1
ORD052127,Teer Soyabean Oil-1Ltr,1
ORD052084,Laitta Fish,1
ORD052084,Mrigel Fish M,1
ORD052090,Akher Sugar -1kg,1
ORD052090,Bit Salt Powder- 80g Bottle,1
ORD052090,Mum Drinking Water-5L,1
ORD052573,Poa Fish Small-(Deshi),1
ORD052573,Vaseline Mosquito Defence Lotion-100ml,1
ORD052572,Malta (Yellow)-kg,1
ORD052570,Polar Ice Cream Chocolate-1Ltr(Tub),1
ORD052574,Ragu Pizza Sauce-396g,1
ORD052576,ACI Aerosol 475ml,1
ORD052576,Ch.Ceramic Mug-Y11(4/23),1
ORD052577,Finis Insect Powder-40g,1
ORD052581,Mutton (Special)-Kg,1
ORD052582,Chia Seed (Dana) New-100g,1
ORD052582,SCL Rajkonna G. Booster Face Wash-100ml,1
ORD052591,Madina VIP Morium Dates-500gm,1
ORD052591,RFL Trim Square Container 200ml- Trans,1
ORD052599,Hilsha Fish Big-(MNK)-Pcs,1
ORD052593,Bele Fish (Big)-(MNK),1
ORD052593,Brinjal (Oval) Big-kg,1
ORD052597,Chicken Deshi (Pakistani) Cock,1
ORD052592,Lifebuoy Liquid Total Hand Wash-170ml,1
ORD052601,Beef Bone Full,1
ORD052607,Arong UHT FC Milk-200ml (Fino),1
ORD052607,Pusti Mustard Oil-250ml,1
ORD052609,Khondoker Sholar Jharu-02,1
ORD052609,Topashi Fish-(MNK),1
ORD052611,Green Pumpkin-pc,1
ORD052611,Greens(Data Shak)-Pc,1
ORD052613,Apple Green,1
ORD052610,Kishwan Sugar Free Cookies Bis-300gm,1
ORD052617,Chicken Boneless-Kg,1
ORD052617,Dust White Pepper(Chili)-50g,1
ORD052617,Lifebuoy Liquid Care Hand Wash-170ml,1
ORD052617,Lifebuoy Liquid Total Hand Wash-170ml,1
ORD052615,Nutmeg Powder-20g,1
ORD052618,Lafz Kav.Body Spray-100gm,1
ORD052622,Improved Jet- 200gm Pack,1
ORD052624,Austrogram Cheese,1
ORD052624,Ispahani Butterful Biscuit- 75g,1
ORD052627,Black Pepper(Chili)-50g,1
ORD052625,Dettol Soap B3 Get 30tk Off- 75 gm,1
ORD052625,Pran Ready Fuchka-200g,1
ORD052628,Dust Rice(Atob)-1KG,1
ORD052629,Alfa Mayonnaise-473ml,1
ORD052629,BD Food Hot/Jhal Chanacur-300gm,1
ORD052629,Prince Tiffin Bon,1
ORD052630,Rui Fish-M-(MNK),1
ORD052635,Bari-4 Mango,1
ORD052635,C.N Chicken Kids Nuggets-250gm,1
ORD052635,Chocolate Digestive 145gm,1
ORD052635,Silver Curp,1
ORD052631,Mutton (Head),1
ORD052631,Tengra Fish,1
ORD052636,IDC Kelloggs Chocos-385g,1
ORD052636,Jhinga(kg),1
ORD052636,Naspati(kg),1
ORD052638,Funtastic Nimok Halal Biscuit-86gm,1
ORD052638,Onion Deshi(New)-kg,1
ORD052642,Bashun Paper Towel 1Ply- 250Pcs,1
ORD052642,Kurmuure Classic Chanachur-300g,1
ORD052642,Net Pumpkin (Jali Kumra)-Pc,1
ORD052642,Ramisa-Jhal Nimki Pkt-200gm,1
ORD052639,Kakrol(kg),1
ORD052637,Apple Green,1
ORD052640,Lipton Green Tea 25 Bags- 35gm (Lemon),1
ORD052641,Bakemans Ovaltine Biscuts-250gm,1
ORD052641,Bakemans Saltice Biscuit-50gm,1
ORD052644,Bounce Choco Cream Biscuits-32gm,1
ORD052644,Gahana Bruj-22,1
ORD052644,MP Hair Kakra Band- 33,1
ORD052646,Green Chilli(kg),1
ORD052648,Sunshine Atta -2kg,1
ORD052645,Prince Noli Toast-250g,1
ORD052649,Harpic All in one Powder-400gm,1
ORD052650,Dark Chocolate Digestive-130g,1
ORD052650,Knorr Thai Soup- 28g,1
ORD052136,Apple Fuji,1
ORD052136,Dust Black Pepper(Chili)-50g,1
ORD052136,Kolson Macarony-200gm All Flv.,1
ORD052136,Maggi Noodles Masala Taste-496g,1
ORD052136,Malta (Yellow)-kg,1
ORD052136,MP Hair Kakra Clip -081,1
ORD052136,Savlon Wet Wipes 10Pcs,1
ORD052136,Sunsilk conditioner Perfect Straight-80m,1
ORD052136,Tibet Prickly Heat Powder-100gm,1
ORD052149,Brinjal (Oval) Big-kg,1
ORD052149,Onion Deshi(New)-kg,1
ORD052150,Borboti(kg),1
ORD052150,Coriander Leaf Pcs-100gm,1
ORD052150,Malta (Yellow)-kg,1
ORD052150,Potato Bogura-1kg,1
ORD052152,Belleame Choco Little Biscuit-45gm,1
ORD052152,Zess Cheese Cracker-153gm,1
ORD052154,Bashu. Toilet Tissue (White),1
ORD052154,Batashi Fish (HB),1
ORD052154,Cinthol Health+ Soap-100g(Buy 3 Get1 Free),1
ORD052154,Clariss Neem Face Wash-100ml,1
ORD052154,Lemon Bright Liquid Dishwash B2G1 -500Gm,1
ORD052154,Milk Soft Chewy Candy(B2-G1 Free)- 50g,1
ORD052154,Parachute Skin Pure Aloe Vera Gel- 100ml,1
ORD052154,Parachute Skin Pure Olive Oil-200ml (2 in 1),1
ORD052154,Prince Vinegar(600ml),1
ORD052154,Sunsilk Shampoo- 300ml All,1
ORD052657,Prince Bread(Special)-400g,1
ORD052656,China Carpet Brush (4/23),1
ORD052659,Vermicelli Samai-200gm,1
ORD052660,Savoy Ice Cream-120ml {Mawa Kulfi},1
ORD052665,Madhuban Oval Paan Masla,1
ORD052665,Mama Creamy Chocolate-110gm,1
ORD052662,Teer Sugar-1Kg,1
ORD052671,Apple(Gala),1
ORD052674,H.Purifying Neem F/W-150ml,1
ORD052672,Cauliflower(B)-Pc,1
ORD052672,Chicken Deshi Cock (Live),1
ORD052676,Camay Soap Classic-125gm,1
ORD052676,Mrigel Fish XL-(River),1
ORD052680,Cheese Puffs-18g,1
ORD052685,Butter Toast Biscuit-200gm,1
ORD052688,Bashundhara Paper Napkin-100p,1
ORD052688,Lafz Hair Shampoo-200ml,1
ORD052686,Mango Himsagor-kg,1
ORD051767,Bashundhara F Soyabean Oil-5L,1
ORD052167,Beef Bone Full,1
ORD052167,CBL Munchee Choco Kalo-100g,1
ORD052167,Cow Stomach-K,1
ORD052171,Cow Stomach-K,1
ORD052171,Qyality Egg Red (1 Dozen),1
ORD052171,Radhuni Mustard Oil-500ml,1
ORD052170,G. Naturals Bargundy-20ml,1
ORD052170,Pure it Micro Fiber Mesh,1
ORD052173,AG Plain Paratha F. P-1300g (20pcs),1
ORD052173,Cream Crackers Sug Free-125g,1
ORD052173,Mango Rupali (Special)-kg,1
ORD052173,Shammi Cranberry Juice-1L,1
ORD052689,Vaseline Aloe Soothe Lotion-400ml,1
ORD052692,Mug Pulse (Sona)-1kg,1
ORD052694,Bele Fish (Big)-(MNK),1
ORD052694,Bomby Chilli-5Pcs,1
ORD052694,Mixed Vegetable (Kg),1
ORD052694,Pabda Fish (Small) (HB),1
ORD052697,Cow Stomach-K,1
ORD052697,Lifebuoy Germ Protection Carer -150gm,1
ORD052701,Custard Bread- 275g,1
ORD052701,Fresh Salt Premium-1kg,1
ORD052701,R.Chanachur Classic 100 gm,1
ORD052700,Queens Custard Bread- 90g,1
ORD052702,China Jhilmil Majuni (4/23),1
ORD052706,Madina VIP Morium Dates -Kg(Loose),1
ORD052709,Piali Fish(Pachmishali),1
ORD052716,China Flower (4/23),1
ORD052716,Prince Fruits Cake(B),1
ORD052716,Rupchada Chinigura Rice 1kg,1
ORD052717,Bashundhara F Soyabean Oil-5L,1
ORD052717,Teer Sugar-1Kg,1
ORD052718,Beef Tikia Kabab,1
ORD052719,Tomato L.C(kg),1
ORD052713,Carrot (China)-kg,1
ORD052727,Sovory Molasses Brown Sugar -454g,1
ORD052174,Apple(Gala),1
ORD052174,Capsicum Red/Yellow(kg),1
ORD052174,Ch. Water Pot-1000ml(05/23),1
ORD052174,Chicken (B-Skin Less),1
ORD052174,Eel Fish (Baim Star)-Small,1
ORD052174,Rupchanda(Small) (THR),1
ORD052174,Shrimp Fish Golda(Medium)-(STR),1
ORD052186,Laitta Fish,1
ORD052186,Lemon(Colombo)-Pc,1
ORD052186,Meant Leaf (Pudina Leaf)- Pc,1
ORD052186,Net Pumpkin (Jali Kumra)-Pc,1
ORD052186,Snack Guard (Chichinga)-kg,1
ORD052186,Usta(kg),1
ORD052187,Brinjal Long (Thin)-kg,1
ORD052187,Cucumber Deshi (kg),1
ORD052187,Ladies Finger (Vendi)-kg,1
ORD052190,Balachaw Hot & Spicy Fry Shrimp- 250g,1
ORD052205,BD Butter Toast Biscuit- 250gm,1
ORD052205,Kit-Kat 2 Finger- Dubai-3 In 1,1
ORD052205,Net Pumpkin (Jali Kumra)-Pc,1
ORD052205,Shipon Ornaments-071,1
ORD052205,Vaseline Petrolium Jelly-100ml,1
ORD052204,Wichy Organic E Virgin Coconut Oil-300ml,1
ORD052214,Buldak Noodles (All),1
ORD052214,Ginger Barmiz-(Kg),1
ORD052214,Onion Deshi(New)-kg,1
ORD052199,Prince Betel Spice 100gm,1
ORD052192,Beef Bone Full,1
ORD052192,Funtastic Milk Mate Biscuit- 45gm,1
ORD052193,Nababi Bakerkhani (Sweeten)- 400g,1
ORD052197,Alam Baby Dress-09,1
ORD052197,RD Banana milk B2 G1-200ml,1
ORD052217,Aarong Yogurt Sour Curd-500gm,1
ORD052224,Golap Pitha-5pcs Pkt,1
ORD052220,Bashun Paper Towel - 250Pcs,1
ORD052237,Chicken Deshi (Pakistani) Cock,1
ORD052237,Harpic All in one Powder-400gm,1
ORD052237,Radhuni Spices Cumin-100gm,1
ORD052237,Wheel 2in1 Clean & Fresh Powder-1Kg,1
ORD052233,Teer Soya Oil 2Lt(Bottle),1
ORD052236,Hilsha Fish Big-(MNK)-Pcs,1
ORD052722,ACI Aerosol 475ml,1
ORD052724,10 Colour Pen -05,1
ORD052736,Cadbury Bourn Vita Biscuit-46.5g,1
ORD052736,Fun Crack- 50g,1
ORD052736,Green Mango(kg),1
ORD052736,Parboil (Potol)-kg,1
ORD052736,Usta(kg),1
ORD052737,Clean&Clear Morning E Berry B F/W-100ml,1
ORD052737,Shezan Corn Flakes-275gm,1
ORD052740,G.Aer Power Pocket GP Fresh Blossom-10g,1
ORD052741,Colgate Active Salt Paste-200g,1
ORD052741,Pran Vermicelli Samai-200gm,1
ORD052741,Vim Dishwash Liquid- 1L,1
ORD052757,Ch Silicone Brush-09(5/23),1
ORD052757,China Carpet Brush (4/23),1
ORD052757,Cumin-200gm,1
ORD052757,G.C.N. Cherry Reds-6.60(100ml),1
ORD052757,Legion Henna Powder-100gm Box,1
ORD052756,Potato Jam,1
ORD052751,Cucumber Deshi (kg),1
ORD052761,Orange (China) Net-kg,1
ORD052761,Senora S.Napkin Panty 15Pads,1
ORD052753,Olympic Tim Tim Orange Bis-272g,1
ORD052749,China Basin Brush (4/23),1
ORD052765,Mola Fish (THR),1
ORD052773,Mediplus T/P -140gm DS,1
ORD052772,Smart No1 Gamsa-05,1
ORD052783,Cow Lever-K,1
ORD052785,Harpoon Toilet Cleaner- 750ml,1
ORD052788,Beef Bone Full,1
ORD052788,Dettol Soap 75g B3 G 30tk OFF,1
ORD052790,Black Berry (Kalo Jam),1
ORD052790,Lemon(Colombo)-Pc,1
ORD052792,Doodles Stick Noodles-300gm,1
ORD052799,Aarong Cheese Cubes Classic-120g,1
ORD052799,Flat Noodles - 180gm {C. Masala},1
ORD052799,Ponds Oil Control Face Wash-100g,1
ORD052799,Radhuni Biriyani Masala-40g,1
ORD052798,Apple Fuji,1
ORD052797,Ch.Animal Toys-701(5/23),1
ORD052797,China Plate Stand (5/23),1
ORD052797,Dettol Cool HW-170ml(Refil),1
ORD052797,G.Aer Power Pocket GP Fresh Blossom-10g,1
ORD052797,Sony Alka. AAA Battery 2pcs,1
ORD052145,Net Pumpkin (Jali Kumra)-Pc,1
ORD052144,Banana Green Small-kg,1
ORD052257,F Clarks Ess 28ml(Vanilla),1
ORD052257,Ginger Barmiz-(Kg),1
ORD052247,Kalpana Korai,1
ORD052247,Kurkure Naughty Tomato- 80g,1
ORD052249,Parboil (Potol)-kg,1
ORD052244,Grapes (American)-kg,1
ORD052244,NJ Fresh Sweet Potato- 500g,1
ORD052238,Aarong Sour Yogurt-500gm,1
ORD052253,Sun Chips Tomato Tango-75gm,1
ORD052251,Ladies Finger (Vendi)-kg,1
ORD052271,Good Luck Forever Refill Pen,1
ORD052800,Aarong Liquid Milk-1/2Ltr,1
ORD052805,Snickers Chocolate-50gm,1
ORD052807,Akher Sugar -1kg,1
ORD052809,Mirzapore Best Leaf Tea-400g,1
ORD052808,Chanachur(Special)-300gm,1
ORD052812,Cosco Soap-80gm,1
ORD052812,Rok Liquid Dishwash-250ml(Buy2 Get1 Free),1
ORD052814,ACI Pure Salt-1Kg,1
ORD052814,Belleame Golden Cremo Biscuit-90g,1
ORD052815,Rui Fish (XL)-(River),1
ORD052817,Aarong Yogurt Sour Curd-500gm,1
ORD052817,Meant Leaf (Pudina Leaf)- Pc,1
ORD052817,Orbit Chewing Gum -4.4g,1
ORD052823,Dabur Red Paste-200gm,1
ORD052832,Chicken Deshi (Pakistani) Cock,1
ORD052832,Chui Jhall-100g,1
ORD052832,Musur Pulse Deshi-1Kg (Loose),1
ORD052836,Bashundhara Khata P-BOU(K)-124 Pages,1
ORD052838,Jordan Clean Smile Toothbrush,1
ORD052838,Radhuni Spices (Corinder)-100gm,1
ORD052839,Deshi Paratha-1600g(Mega Family Pack),1
ORD052839,Dr R ORC. Hand Wash-300ml Pack,1
ORD052841,Kazi & Kazi MasalaTea-50g,1
ORD052844,Fast Wash Detergent Powder-1000g,1
ORD052848,White Mustard-200gm,1
ORD052843,Nan Optipro 4-350gm,1
ORD052846,Rui Fish (S1)-(MNK),1
ORD052142,Cucumber Deshi (kg),1
ORD052276,Aarong Pasteurized Premium Milk-1Ltr,1
ORD052276,Center Fresh 20g,1
ORD052276,Prince Coconut-(pcs),1
ORD052281,Fresh Refined Sugar-1000gm,1
ORD052314,Hilsha Fish Big-(MNK)-Pcs,1
ORD052314,Mr.Energy Biscuits-85gm,1
ORD052314,Prince Betel Spice 100gm,1
ORD052296,Pesta Nut-50g,1
ORD052296,Radhuni Kheer Mix 150gm,1
ORD052302,China Jug 1.3L(5/23),1
ORD052332,Shing Fish-(THR),1
ORD052332,Shrimp Fish Bagda,1
ORD052323,Beef Bone Full,1
ORD052330,Aarong Ghee 200g,1
ORD052330,Hit Chalk-1pcs,1
ORD052330,Lifeboy Liquid Total Hand Wash-1L,1
ORD052330,Sensodyne Sensitivity & Gum Toothbrush,1
ORD052333,Apple(Gala),1
ORD052333,Prince Coconut-(pcs),1
ORD052333,Red Cow Butter Oil 200Gx24,1
ORD052343,Fast Wash Detergent Powder-1000g,1
ORD052342,Aci Pure Atta 2kg,1
ORD052342,Aci Pure Maida -2kg,1
ORD052342,China Flower (4/23),1
ORD052342,Safety Plus Floor Cleaner Orchid-1000ml,1
ORD052349,Beef Bone Full,1
ORD052349,Cauliflower(B)-Pc,1
ORD052349,Mola Fish (THR),1
ORD052352,Cow Stomach-K,1
ORD052354,China Kitchen piller-15,1
ORD052354,Muslim Dal Vaza-200g,1
ORD052156,EM Pasta Floral-400gm,1
ORD052156,Savlon Detergent Powder-500gm,1
ORD052273,Rui Fish-M-(MNK),1
ORD052280,Pran Potata Biscult-100g (B3G1),1
ORD052283,Belleame Choco Little Biscuit-45gm,1
ORD052283,Bengal Classic Tea- 200g (Black),1
ORD052298,Queens Nun Bread- 250g,1
ORD052304,Mango Himsagor (Special)-kg,1
ORD052158,Aarong Sweet Yogurt-500gm,1
ORD052158,Deshi Paratha-1600g(Mega Family Pack),1
ORD052162,Clariss Pomace Olive Oil -1L,1
ORD052196,Bakemans Choco Boost-250gm,1
ORD052367,Garlic Powder-100g,1
ORD052367,SCL Lavender Essential Oil- 10ml,1
ORD052363,BD White Vinegar-300ml,1
ORD052363,RD Coffee Cold Milk -200ml,1
ORD052363,RD Milk Mango-200ml,1
ORD052366,C&C Exfoliating Daily Wash - 150ml,1
ORD052370,Kurkure Style Spicy Chicken-80gm,1
ORD052371,Dove intense repair Conditioner-170ml,1
ORD052374,H.Purifying Neem F/W-150ml,1
ORD052374,Sprite Can-320ml (Malay),1
ORD052374,Zipbag 20Bag 260mmX280mm,1
ORD052169,Tawa,1
ORD052328,Pangas Fish Small (River),1
ORD052336,Yeast-100gm,1
ORD052347,Prince Bread(Suger Free)-400g,1
