order_id,customerId,orderDate,month,day_of_week,hour,has_time_component
ORD002432,1875,19/04/2023,4,Wednesday,0,0
ORD002432,1875,19/04/2023,4,Wednesday,0,0
ORD002464,1890,04/06/2023,6,Sunday,0,0
ORD002464,1890,04/06/2023,6,Sunday,0,0
ORD002464,1890,04/06/2023,6,Sunday,0,0
ORD002464,1890,04/06/2023,6,Sunday,0,0
ORD002464,1890,04/06/2023,6,Sunday,0,0
ORD002464,1890,04/06/2023,6,Sunday,0,0
ORD002463,1890,01/05/2023,5,Monday,0,0
ORD002479,1893,27/06/2023,6,Tuesday,0,0
ORD002479,1893,27/06/2023,6,Tuesday,0,0
ORD002626,1935,20/04/2023,4,Thursday,0,0
ORD002626,1935,20/04/2023,4,Thursday,0,0
ORD002626,1935,20/04/2023,4,Thursday,0,0
ORD002626,1935,20/04/2023,4,Thursday,0,0
ORD002630,1937,21/07/2023,7,Friday,0,0
ORD002636,1938,27/06/2023,6,Tuesday,0,0
ORD002632,1938,30/04/2023,4,Sunday,0,0
ORD002638,1938,12/08/2023,8,Saturday,0,0
ORD002632,1938,30/04/2023,4,Sunday,0,0
ORD002638,1938,12/08/2023,8,Saturday,0,0
ORD002635,1938,18/06/2023,6,Sunday,0,0
ORD002634,1938,09/06/2023,6,Friday,0,0
ORD002432,1875,19/04/2023,4,Wednesday,0,0
ORD002432,1875,19/04/2023,4,Wednesday,0,0
ORD002432,1875,19/04/2023,4,Wednesday,0,0
ORD002462,1890,29/04/2023,4,Saturday,0,0
ORD002464,1890,04/06/2023,6,Sunday,0,0
ORD002463,1890,01/05/2023,5,Monday,0,0
ORD002464,1890,04/06/2023,6,Sunday,0,0
ORD002463,1890,01/05/2023,5,Monday,0,0
ORD002463,1890,01/05/2023,5,Monday,0,0
ORD002464,1890,04/06/2023,6,Sunday,0,0
ORD002479,1893,27/06/2023,6,Tuesday,0,0
ORD002626,1935,20/04/2023,4,Thursday,0,0
ORD002626,1935,20/04/2023,4,Thursday,0,0
ORD002630,1937,21/07/2023,7,Friday,0,0
ORD002632,1938,30/04/2023,4,Sunday,0,0
ORD002631,1938,20/04/2023,4,Thursday,0,0
ORD002636,1938,27/06/2023,6,Tuesday,0,0
ORD002632,1938,30/04/2023,4,Sunday,0,0
ORD002631,1938,20/04/2023,4,Thursday,0,0
ORD002636,1938,27/06/2023,6,Tuesday,0,0
ORD002631,1938,20/04/2023,4,Thursday,0,0
ORD002632,1938,30/04/2023,4,Sunday,0,0
ORD002432,1875,19/04/2023,4,Wednesday,0,0
ORD002462,1890,29/04/2023,4,Saturday,0,0
ORD002463,1890,01/05/2023,5,Monday,0,0
ORD002464,1890,04/06/2023,6,Sunday,0,0
ORD002463,1890,01/05/2023,5,Monday,0,0
ORD002479,1893,27/06/2023,6,Tuesday,0,0
ORD002626,1935,20/04/2023,4,Thursday,0,0
ORD002626,1935,20/04/2023,4,Thursday,0,0
ORD002626,1935,20/04/2023,4,Thursday,0,0
ORD002626,1935,20/04/2023,4,Thursday,0,0
ORD002630,1937,21/07/2023,7,Friday,0,0
ORD002636,1938,27/06/2023,6,Tuesday,0,0
ORD002636,1938,27/06/2023,6,Tuesday,0,0
ORD002634,1938,09/06/2023,6,Friday,0,0
ORD002632,1938,30/04/2023,4,Sunday,0,0
ORD002635,1938,18/06/2023,6,Sunday,0,0
ORD002634,1938,09/06/2023,6,Friday,0,0
ORD002636,1938,27/06/2023,6,Tuesday,0,0
ORD002638,1938,12/08/2023,8,Saturday,0,0
ORD002432,1875,19/04/2023,4,Wednesday,0,0
ORD002462,1890,29/04/2023,4,Saturday,0,0
ORD002462,1890,29/04/2023,4,Saturday,0,0
ORD002463,1890,01/05/2023,5,Monday,0,0
ORD002464,1890,04/06/2023,6,Sunday,0,0
ORD002464,1890,04/06/2023,6,Sunday,0,0
ORD002462,1890,29/04/2023,4,Saturday,0,0
ORD002462,1890,29/04/2023,4,Saturday,0,0
ORD002479,1893,27/06/2023,6,Tuesday,0,0
ORD002479,1893,27/06/2023,6,Tuesday,0,0
ORD002626,1935,20/04/2023,4,Thursday,0,0
ORD002626,1935,20/04/2023,4,Thursday,0,0
ORD002630,1937,21/07/2023,7,Friday,0,0
ORD002630,1937,21/07/2023,7,Friday,0,0
ORD002636,1938,27/06/2023,6,Tuesday,0,0
ORD002636,1938,27/06/2023,6,Tuesday,0,0
ORD002636,1938,27/06/2023,6,Tuesday,0,0
ORD002635,1938,18/06/2023,6,Sunday,0,0
ORD002635,1938,18/06/2023,6,Sunday,0,0
ORD002632,1938,30/04/2023,4,Sunday,0,0
ORD002638,1938,12/08/2023,8,Saturday,0,0
ORD002634,1938,09/06/2023,6,Friday,0,0
ORD002432,1875,19/04/2023,4,Wednesday,0,0
ORD002462,1890,29/04/2023,4,Saturday,0,0
ORD002464,1890,04/06/2023,6,Sunday,0,0
ORD002464,1890,04/06/2023,6,Sunday,0,0
ORD002463,1890,01/05/2023,5,Monday,0,0
ORD002479,1893,27/06/2023,6,Tuesday,0,0
ORD002620,1931,25/06/2023,6,Sunday,0,0
ORD002626,1935,20/04/2023,4,Thursday,0,0
ORD002626,1935,20/04/2023,4,Thursday,0,0
ORD002638,1938,12/08/2023,8,Saturday,0,0
ORD002636,1938,27/06/2023,6,Tuesday,0,0
ORD002631,1938,20/04/2023,4,Thursday,0,0
ORD002635,1938,18/06/2023,6,Sunday,0,0
ORD002636,1938,27/06/2023,6,Tuesday,0,0
ORD002634,1938,09/06/2023,6,Friday,0,0
ORD002634,1938,09/06/2023,6,Friday,0,0
ORD002632,1938,30/04/2023,4,Sunday,0,0
ORD002632,1938,30/04/2023,4,Sunday,0,0
ORD002635,1938,18/06/2023,6,Sunday,0,0
ORD002638,1938,12/08/2023,8,Saturday,0,0
ORD002661,1939,27/06/2023,6,Tuesday,0,0
ORD002661,1939,27/06/2023,6,Tuesday,0,0
ORD002634,1938,09/06/2023,6,Friday,0,0
ORD002636,1938,27/06/2023,6,Tuesday,0,0
ORD002632,1938,30/04/2023,4,Sunday,0,0
ORD002638,1938,12/08/2023,8,Saturday,0,0
ORD002637,1938,15/07/2023,7,Saturday,0,0
ORD002661,1939,27/06/2023,6,Tuesday,0,0
ORD002661,1939,27/06/2023,6,Tuesday,0,0
ORD002661,1939,27/06/2023,6,Tuesday,0,0
ORD002661,1939,27/06/2023,6,Tuesday,0,0
ORD002750,1956,23/06/2023,6,Friday,0,0
ORD002746,1956,05/06/2023,6,Monday,0,0
ORD002747,1956,08/06/2023,6,Thursday,0,0
ORD002752,1956,07/08/2023,8,Monday,0,0
ORD002752,1956,07/08/2023,8,Monday,0,0
ORD002751,1956,27/07/2023,7,Thursday,0,0
ORD002751,1956,27/07/2023,7,Thursday,0,0
ORD002751,1956,27/07/2023,7,Thursday,0,0
ORD002753,1956,12/08/2023,8,Saturday,0,0
ORD002745,1956,24/05/2023,5,Wednesday,0,0
ORD002746,1956,05/06/2023,6,Monday,0,0
ORD002748,1956,16/06/2023,6,Friday,0,0
ORD002751,1956,27/07/2023,7,Thursday,0,0
ORD002632,1938,30/04/2023,4,Sunday,0,0
ORD002632,1938,30/04/2023,4,Sunday,0,0
ORD002635,1938,18/06/2023,6,Sunday,0,0
ORD002661,1939,27/06/2023,6,Tuesday,0,0
ORD002661,1939,27/06/2023,6,Tuesday,0,0
ORD002661,1939,27/06/2023,6,Tuesday,0,0
ORD002661,1939,27/06/2023,6,Tuesday,0,0
ORD002657,1939,21/04/2023,4,Friday,0,0
ORD002658,1939,10/05/2023,5,Wednesday,0,0
ORD002657,1939,21/04/2023,4,Friday,0,0
ORD002729,1953,05/12/2023,12,Tuesday,0,0
ORD002750,1956,23/06/2023,6,Friday,0,0
ORD002750,1956,23/06/2023,6,Friday,0,0
ORD002750,1956,23/06/2023,6,Friday,0,0
ORD002753,1956,12/08/2023,8,Saturday,0,0
ORD002753,1956,12/08/2023,8,Saturday,0,0
ORD002745,1956,24/05/2023,5,Wednesday,0,0
ORD002752,1956,07/08/2023,8,Monday,0,0
ORD002751,1956,27/07/2023,7,Thursday,0,0
ORD002745,1956,24/05/2023,5,Wednesday,0,0
ORD002751,1956,27/07/2023,7,Thursday,0,0
ORD002657,1939,21/04/2023,4,Friday,0,0
ORD002661,1939,27/06/2023,6,Tuesday,0,0
ORD002657,1939,21/04/2023,4,Friday,0,0
ORD002658,1939,10/05/2023,5,Wednesday,0,0
ORD002658,1939,10/05/2023,5,Wednesday,0,0
ORD002730,1953,21/12/2023,12,Thursday,0,0
ORD002729,1953,05/12/2023,12,Tuesday,0,0
ORD002750,1956,23/06/2023,6,Friday,0,0
ORD002750,1956,23/06/2023,6,Friday,0,0
ORD002752,1956,07/08/2023,8,Monday,0,0
ORD002747,1956,08/06/2023,6,Thursday,0,0
ORD002750,1956,23/06/2023,6,Friday,0,0
ORD002750,1956,23/06/2023,6,Friday,0,0
ORD002744,1956,11/05/2023,5,Thursday,0,0
ORD002748,1956,16/06/2023,6,Friday,0,0
ORD002744,1956,11/05/2023,5,Thursday,0,0
ORD002748,1956,16/06/2023,6,Friday,0,0
ORD002751,1956,27/07/2023,7,Thursday,0,0
ORD002747,1956,08/06/2023,6,Thursday,0,0
ORD002800,1963,13/07/2023,7,Thursday,0,0
ORD002801,1963,11/08/2023,8,Friday,0,0
ORD002800,1963,13/07/2023,7,Thursday,0,0
ORD002462,1890,29/04/2023,4,Saturday,0,0
ORD002464,1890,04/06/2023,6,Sunday,0,0
ORD002479,1893,27/06/2023,6,Tuesday,0,0
ORD002479,1893,27/06/2023,6,Tuesday,0,0
ORD002479,1893,27/06/2023,6,Tuesday,0,0
ORD002630,1937,21/07/2023,7,Friday,0,0
ORD002630,1937,21/07/2023,7,Friday,0,0
ORD002635,1938,18/06/2023,6,Sunday,0,0
ORD002636,1938,27/06/2023,6,Tuesday,0,0
ORD002631,1938,20/04/2023,4,Thursday,0,0
ORD002636,1938,27/06/2023,6,Tuesday,0,0
ORD002638,1938,12/08/2023,8,Saturday,0,0
ORD002634,1938,09/06/2023,6,Friday,0,0
ORD002634,1938,09/06/2023,6,Friday,0,0
ORD002637,1938,15/07/2023,7,Saturday,0,0
ORD002631,1938,20/04/2023,4,Thursday,0,0
ORD002638,1938,12/08/2023,8,Saturday,0,0
ORD002636,1938,27/06/2023,6,Tuesday,0,0
ORD002661,1939,27/06/2023,6,Tuesday,0,0
ORD002661,1939,27/06/2023,6,Tuesday,0,0
ORD002661,1939,27/06/2023,6,Tuesday,0,0
ORD002661,1939,27/06/2023,6,Tuesday,0,0
ORD002659,1939,17/05/2023,5,Wednesday,0,0
ORD002659,1939,17/05/2023,5,Wednesday,0,0
ORD002658,1939,10/05/2023,5,Wednesday,0,0
ORD002661,1939,27/06/2023,6,Tuesday,0,0
ORD002658,1939,10/05/2023,5,Wednesday,0,0
ORD002750,1956,23/06/2023,6,Friday,0,0
ORD002751,1956,27/07/2023,7,Thursday,0,0
ORD002751,1956,27/07/2023,7,Thursday,0,0
ORD002747,1956,08/06/2023,6,Thursday,0,0
ORD002746,1956,05/06/2023,6,Monday,0,0
ORD002750,1956,23/06/2023,6,Friday,0,0
ORD002745,1956,24/05/2023,5,Wednesday,0,0
ORD002744,1956,11/05/2023,5,Thursday,0,0
ORD002751,1956,27/07/2023,7,Thursday,0,0
ORD002799,1963,12/07/2023,7,Wednesday,0,0
ORD002801,1963,11/08/2023,8,Friday,0,0
ORD002797,1963,04/05/2023,5,Thursday,0,0
ORD002799,1963,12/07/2023,7,Wednesday,0,0
ORD002432,1875,19/04/2023,4,Wednesday,0,0
ORD002462,1890,29/04/2023,4,Saturday,0,0
ORD002462,1890,29/04/2023,4,Saturday,0,0
ORD002464,1890,04/06/2023,6,Sunday,0,0
ORD002464,1890,04/06/2023,6,Sunday,0,0
ORD002464,1890,04/06/2023,6,Sunday,0,0
ORD002463,1890,01/05/2023,5,Monday,0,0
ORD002620,1931,25/06/2023,6,Sunday,0,0
ORD002620,1931,25/06/2023,6,Sunday,0,0
ORD002626,1935,20/04/2023,4,Thursday,0,0
ORD002626,1935,20/04/2023,4,Thursday,0,0
ORD002630,1937,21/07/2023,7,Friday,0,0
ORD002636,1938,27/06/2023,6,Tuesday,0,0
ORD002636,1938,27/06/2023,6,Tuesday,0,0
ORD002636,1938,27/06/2023,6,Tuesday,0,0
ORD002632,1938,30/04/2023,4,Sunday,0,0
ORD002638,1938,12/08/2023,8,Saturday,0,0
ORD002636,1938,27/06/2023,6,Tuesday,0,0
ORD002632,1938,30/04/2023,4,Sunday,0,0
ORD002634,1938,09/06/2023,6,Friday,0,0
ORD002632,1938,30/04/2023,4,Sunday,0,0
ORD002661,1939,27/06/2023,6,Tuesday,0,0
ORD002661,1939,27/06/2023,6,Tuesday,0,0
ORD002798,1963,11/07/2023,7,Tuesday,0,0
ORD002798,1963,11/07/2023,7,Tuesday,0,0
ORD002797,1963,04/05/2023,5,Thursday,0,0
ORD002802,1963,13/08/2023,8,Sunday,0,0
ORD002800,1963,13/07/2023,7,Thursday,0,0
ORD002797,1963,04/05/2023,5,Thursday,0,0
ORD002801,1963,11/08/2023,8,Friday,0,0
ORD002797,1963,04/05/2023,5,Thursday,0,0
ORD002797,1963,04/05/2023,5,Thursday,0,0
ORD002800,1963,13/07/2023,7,Thursday,0,0
ORD002801,1963,11/08/2023,8,Friday,0,0
ORD002801,1963,11/08/2023,8,Friday,0,0
ORD002801,1963,11/08/2023,8,Friday,0,0
ORD002797,1963,04/05/2023,5,Thursday,0,0
ORD002800,1963,13/07/2023,7,Thursday,0,0
ORD002802,1963,13/08/2023,8,Sunday,0,0
ORD002637,1938,15/07/2023,7,Saturday,0,0
ORD002661,1939,27/06/2023,6,Tuesday,0,0
ORD002660,1939,11/06/2023,6,Sunday,0,0
ORD002660,1939,11/06/2023,6,Sunday,0,0
ORD002661,1939,27/06/2023,6,Tuesday,0,0
ORD002661,1939,27/06/2023,6,Tuesday,0,0
ORD002730,1953,21/12/2023,12,Thursday,0,0
ORD002730,1953,21/12/2023,12,Thursday,0,0
ORD002751,1956,27/07/2023,7,Thursday,0,0
ORD002751,1956,27/07/2023,7,Thursday,0,0
ORD002746,1956,05/06/2023,6,Monday,0,0
ORD002753,1956,12/08/2023,8,Saturday,0,0
ORD002746,1956,05/06/2023,6,Monday,0,0
ORD002746,1956,05/06/2023,6,Monday,0,0
ORD002752,1956,07/08/2023,8,Monday,0,0
ORD002744,1956,11/05/2023,5,Thursday,0,0
ORD002751,1956,27/07/2023,7,Thursday,0,0
ORD002753,1956,12/08/2023,8,Saturday,0,0
ORD002746,1956,05/06/2023,6,Monday,0,0
ORD002745,1956,24/05/2023,5,Wednesday,0,0
ORD002752,1956,07/08/2023,8,Monday,0,0
ORD002750,1956,23/06/2023,6,Friday,0,0
ORD002802,1963,13/08/2023,8,Sunday,0,0
ORD002797,1963,04/05/2023,5,Thursday,0,0
ORD002801,1963,11/08/2023,8,Friday,0,0
ORD002798,1963,11/07/2023,7,Tuesday,0,0
ORD002797,1963,04/05/2023,5,Thursday,0,0
ORD002797,1963,04/05/2023,5,Thursday,0,0
ORD002798,1963,11/07/2023,7,Tuesday,0,0
ORD002801,1963,11/08/2023,8,Friday,0,0
ORD002802,1963,13/08/2023,8,Sunday,0,0
ORD002800,1963,13/07/2023,7,Thursday,0,0
ORD002797,1963,04/05/2023,5,Thursday,0,0
ORD002797,1963,04/05/2023,5,Thursday,0,0
ORD002800,1963,13/07/2023,7,Thursday,0,0
ORD002797,1963,04/05/2023,5,Thursday,0,0
ORD002802,1963,13/08/2023,8,Sunday,0,0
ORD002800,1963,13/07/2023,7,Thursday,0,0
ORD002800,1963,13/07/2023,7,Thursday,0,0
ORD002800,1963,13/07/2023,7,Thursday,0,0
ORD002800,1963,13/07/2023,7,Thursday,0,0
ORD002800,1963,13/07/2023,7,Thursday,0,0
ORD002799,1963,12/07/2023,7,Wednesday,0,0
ORD002834,1988,29/07/2023,7,Saturday,0,0
ORD002829,1988,01/05/2023,5,Monday,0,0
ORD002833,1988,28/06/2023,6,Wednesday,0,0
ORD002870,1997,24/06/2023,6,Saturday,0,0
ORD002870,1997,24/06/2023,6,Saturday,0,0
ORD002870,1997,24/06/2023,6,Saturday,0,0
ORD002870,1997,24/06/2023,6,Saturday,0,0
ORD002870,1997,24/06/2023,6,Saturday,0,0
ORD002872,1999,29/05/2023,5,Monday,0,0
ORD002928,2026,14/07/2023,7,Friday,0,0
ORD002928,2026,14/07/2023,7,Friday,0,0
ORD002661,1939,27/06/2023,6,Tuesday,0,0
ORD002658,1939,10/05/2023,5,Wednesday,0,0
ORD002660,1939,11/06/2023,6,Sunday,0,0
ORD002661,1939,27/06/2023,6,Tuesday,0,0
ORD002750,1956,23/06/2023,6,Friday,0,0
ORD002750,1956,23/06/2023,6,Friday,0,0
ORD002750,1956,23/06/2023,6,Friday,0,0
ORD002747,1956,08/06/2023,6,Thursday,0,0
ORD002751,1956,27/07/2023,7,Thursday,0,0
ORD002747,1956,08/06/2023,6,Thursday,0,0
ORD002747,1956,08/06/2023,6,Thursday,0,0
ORD002744,1956,11/05/2023,5,Thursday,0,0
ORD002745,1956,24/05/2023,5,Wednesday,0,0
ORD002752,1956,07/08/2023,8,Monday,0,0
ORD002801,1963,11/08/2023,8,Friday,0,0
ORD002802,1963,13/08/2023,8,Sunday,0,0
ORD002802,1963,13/08/2023,8,Sunday,0,0
ORD002802,1963,13/08/2023,8,Sunday,0,0
ORD002797,1963,04/05/2023,5,Thursday,0,0
ORD002798,1963,11/07/2023,7,Tuesday,0,0
ORD002464,1890,04/06/2023,6,Sunday,0,0
ORD002462,1890,29/04/2023,4,Saturday,0,0
ORD002462,1890,29/04/2023,4,Saturday,0,0
ORD002464,1890,04/06/2023,6,Sunday,0,0
ORD002463,1890,01/05/2023,5,Monday,0,0
ORD002463,1890,01/05/2023,5,Monday,0,0
ORD002479,1893,27/06/2023,6,Tuesday,0,0
ORD002626,1935,20/04/2023,4,Thursday,0,0
ORD002630,1937,21/07/2023,7,Friday,0,0
ORD002630,1937,21/07/2023,7,Friday,0,0
ORD002632,1938,30/04/2023,4,Sunday,0,0
ORD002638,1938,12/08/2023,8,Saturday,0,0
ORD002635,1938,18/06/2023,6,Sunday,0,0
ORD002638,1938,12/08/2023,8,Saturday,0,0
ORD002637,1938,15/07/2023,7,Saturday,0,0
ORD002631,1938,20/04/2023,4,Thursday,0,0
ORD002631,1938,20/04/2023,4,Thursday,0,0
ORD002635,1938,18/06/2023,6,Sunday,0,0
ORD002636,1938,27/06/2023,6,Tuesday,0,0
ORD002635,1938,18/06/2023,6,Sunday,0,0
ORD002638,1938,12/08/2023,8,Saturday,0,0
ORD002635,1938,18/06/2023,6,Sunday,0,0
ORD002661,1939,27/06/2023,6,Tuesday,0,0
ORD002659,1939,17/05/2023,5,Wednesday,0,0
ORD002658,1939,10/05/2023,5,Wednesday,0,0
ORD002660,1939,11/06/2023,6,Sunday,0,0
ORD002800,1963,13/07/2023,7,Thursday,0,0
ORD002797,1963,04/05/2023,5,Thursday,0,0
ORD002797,1963,04/05/2023,5,Thursday,0,0
ORD002801,1963,11/08/2023,8,Friday,0,0
ORD002797,1963,04/05/2023,5,Thursday,0,0
ORD002802,1963,13/08/2023,8,Sunday,0,0
ORD002802,1963,13/08/2023,8,Sunday,0,0
ORD002802,1963,13/08/2023,8,Sunday,0,0
ORD002830,1988,29/05/2023,5,Monday,0,0
ORD002832,1988,27/06/2023,6,Tuesday,0,0
ORD002833,1988,28/06/2023,6,Wednesday,0,0
ORD002832,1988,27/06/2023,6,Tuesday,0,0
ORD002870,1997,24/06/2023,6,Saturday,0,0
ORD002872,1999,29/05/2023,5,Monday,0,0
ORD002872,1999,29/05/2023,5,Monday,0,0
ORD002872,1999,29/05/2023,5,Monday,0,0
ORD002872,1999,29/05/2023,5,Monday,0,0
ORD002923,2026,26/05/2023,5,Friday,0,0
ORD002926,2026,23/06/2023,6,Friday,0,0
ORD002920,2026,04/05/2023,5,Thursday,0,0
ORD002661,1939,27/06/2023,6,Tuesday,0,0
ORD002661,1939,27/06/2023,6,Tuesday,0,0
ORD002658,1939,10/05/2023,5,Wednesday,0,0
ORD002661,1939,27/06/2023,6,Tuesday,0,0
ORD002752,1956,07/08/2023,8,Monday,0,0
ORD002746,1956,05/06/2023,6,Monday,0,0
ORD002745,1956,24/05/2023,5,Wednesday,0,0
ORD002745,1956,24/05/2023,5,Wednesday,0,0
ORD002750,1956,23/06/2023,6,Friday,0,0
ORD002750,1956,23/06/2023,6,Friday,0,0
ORD002752,1956,07/08/2023,8,Monday,0,0
ORD002797,1963,04/05/2023,5,Thursday,0,0
ORD002802,1963,13/08/2023,8,Sunday,0,0
ORD002802,1963,13/08/2023,8,Sunday,0,0
ORD002802,1963,13/08/2023,8,Sunday,0,0
ORD002798,1963,11/07/2023,7,Tuesday,0,0
ORD002797,1963,04/05/2023,5,Thursday,0,0
ORD002797,1963,04/05/2023,5,Thursday,0,0
ORD002800,1963,13/07/2023,7,Thursday,0,0
ORD002798,1963,11/07/2023,7,Tuesday,0,0
ORD002829,1988,01/05/2023,5,Monday,0,0
ORD002829,1988,01/05/2023,5,Monday,0,0
ORD002833,1988,28/06/2023,6,Wednesday,0,0
ORD002832,1988,27/06/2023,6,Tuesday,0,0
ORD002832,1988,27/06/2023,6,Tuesday,0,0
ORD002870,1997,24/06/2023,6,Saturday,0,0
ORD002870,1997,24/06/2023,6,Saturday,0,0
ORD002870,1997,24/06/2023,6,Saturday,0,0
ORD002870,1997,24/06/2023,6,Saturday,0,0
ORD002872,1999,29/05/2023,5,Monday,0,0
ORD002918,2026,20/04/2023,4,Thursday,0,0
ORD002921,2026,19/05/2023,5,Friday,0,0
ORD002921,2026,19/05/2023,5,Friday,0,0
ORD002923,2026,26/05/2023,5,Friday,0,0
ORD002928,2026,14/07/2023,7,Friday,0,0
ORD002925,2026,15/06/2023,6,Thursday,0,0
ORD002928,2026,14/07/2023,7,Friday,0,0
ORD002924,2026,09/06/2023,6,Friday,0,0
ORD002918,2026,20/04/2023,4,Thursday,0,0
ORD002923,2026,26/05/2023,5,Friday,0,0
ORD002929,2026,28/07/2023,7,Friday,0,0
ORD002924,2026,09/06/2023,6,Friday,0,0
ORD002930,2026,04/08/2023,8,Friday,0,0
ORD002925,2026,15/06/2023,6,Thursday,0,0
ORD002802,1963,13/08/2023,8,Sunday,0,0
ORD002831,1988,10/06/2023,6,Saturday,0,0
ORD002869,1997,15/04/2023,4,Saturday,0,0
ORD002870,1997,24/06/2023,6,Saturday,0,0
ORD002870,1997,24/06/2023,6,Saturday,0,0
ORD002870,1997,24/06/2023,6,Saturday,0,0
ORD002872,1999,29/05/2023,5,Monday,0,0
ORD002872,1999,29/05/2023,5,Monday,0,0
ORD002928,2026,14/07/2023,7,Friday,0,0
ORD002923,2026,26/05/2023,5,Friday,0,0
ORD002930,2026,04/08/2023,8,Friday,0,0
ORD002923,2026,26/05/2023,5,Friday,0,0
ORD002925,2026,15/06/2023,6,Thursday,0,0
ORD002928,2026,14/07/2023,7,Friday,0,0
ORD002926,2026,23/06/2023,6,Friday,0,0
ORD002921,2026,19/05/2023,5,Friday,0,0
ORD002926,2026,23/06/2023,6,Friday,0,0
ORD002925,2026,15/06/2023,6,Thursday,0,0
ORD002973,2033,21/05/2023,5,Sunday,0,0
ORD002974,2033,06/07/2023,7,Thursday,0,0
ORD003150,2075,26/04/2023,4,Wednesday,0,0
ORD003150,2075,26/04/2023,4,Wednesday,0,0
ORD003155,2079,30/04/2023,4,Sunday,0,0
ORD003155,2079,30/04/2023,4,Sunday,0,0
ORD003156,2079,20/05/2023,5,Saturday,0,0
ORD003159,2079,06/08/2023,8,Sunday,0,0
ORD003156,2079,20/05/2023,5,Saturday,0,0
ORD003204,2088,04/08/2023,8,Friday,0,0
ORD003198,2088,04/05/2023,5,Thursday,0,0
ORD003204,2088,04/08/2023,8,Friday,0,0
ORD003203,2088,15/07/2023,7,Saturday,0,0
ORD002798,1963,11/07/2023,7,Tuesday,0,0
ORD002798,1963,11/07/2023,7,Tuesday,0,0
ORD002801,1963,11/08/2023,8,Friday,0,0
ORD002802,1963,13/08/2023,8,Sunday,0,0
ORD002797,1963,04/05/2023,5,Thursday,0,0
ORD002801,1963,11/08/2023,8,Friday,0,0
ORD002797,1963,04/05/2023,5,Thursday,0,0
ORD002802,1963,13/08/2023,8,Sunday,0,0
ORD002802,1963,13/08/2023,8,Sunday,0,0
ORD002801,1963,11/08/2023,8,Friday,0,0
ORD002801,1963,11/08/2023,8,Friday,0,0
ORD002817,1967,29/11/2023,11,Wednesday,0,0
ORD002832,1988,27/06/2023,6,Tuesday,0,0
ORD002831,1988,10/06/2023,6,Saturday,0,0
ORD002834,1988,29/07/2023,7,Saturday,0,0
ORD002831,1988,10/06/2023,6,Saturday,0,0
ORD002973,2033,21/05/2023,5,Sunday,0,0
ORD002974,2033,06/07/2023,7,Thursday,0,0
ORD002974,2033,06/07/2023,7,Thursday,0,0
ORD003150,2075,26/04/2023,4,Wednesday,0,0
ORD003158,2079,11/06/2023,6,Sunday,0,0
ORD003204,2088,04/08/2023,8,Friday,0,0
ORD003200,2088,09/05/2023,5,Tuesday,0,0
ORD003203,2088,15/07/2023,7,Saturday,0,0
ORD003246,2099,14/04/2023,4,Friday,0,0
ORD003317,2129,20/04/2023,4,Thursday,0,0
ORD003317,2129,20/04/2023,4,Thursday,0,0
ORD003403,2165,24/06/2023,6,Saturday,0,0
ORD003438,2172,13/06/2023,6,Tuesday,0,0
ORD003438,2172,13/06/2023,6,Tuesday,0,0
ORD003453,2177,01/06/2023,6,Thursday,0,0
ORD003457,2178,05/08/2023,8,Saturday,0,0
ORD002870,1997,24/06/2023,6,Saturday,0,0
ORD002870,1997,24/06/2023,6,Saturday,0,0
ORD002870,1997,24/06/2023,6,Saturday,0,0
ORD002870,1997,24/06/2023,6,Saturday,0,0
ORD002870,1997,24/06/2023,6,Saturday,0,0
ORD002870,1997,24/06/2023,6,Saturday,0,0
ORD002870,1997,24/06/2023,6,Saturday,0,0
ORD002872,1999,29/05/2023,5,Monday,0,0
ORD002872,1999,29/05/2023,5,Monday,0,0
ORD002872,1999,29/05/2023,5,Monday,0,0
ORD002872,1999,29/05/2023,5,Monday,0,0
ORD002923,2026,26/05/2023,5,Friday,0,0
ORD002923,2026,26/05/2023,5,Friday,0,0
ORD002923,2026,26/05/2023,5,Friday,0,0
ORD002918,2026,20/04/2023,4,Thursday,0,0
ORD002925,2026,15/06/2023,6,Thursday,0,0
ORD002923,2026,26/05/2023,5,Friday,0,0
ORD002923,2026,26/05/2023,5,Friday,0,0
ORD002925,2026,15/06/2023,6,Thursday,0,0
ORD002925,2026,15/06/2023,6,Thursday,0,0
ORD002926,2026,23/06/2023,6,Friday,0,0
ORD002927,2026,07/07/2023,7,Friday,0,0
ORD002925,2026,15/06/2023,6,Thursday,0,0
ORD002928,2026,14/07/2023,7,Friday,0,0
ORD003246,2099,14/04/2023,4,Friday,0,0
ORD003317,2129,20/04/2023,4,Thursday,0,0
ORD003317,2129,20/04/2023,4,Thursday,0,0
ORD003317,2129,20/04/2023,4,Thursday,0,0
ORD003385,2158,30/05/2023,5,Tuesday,0,0
ORD003386,2158,19/07/2023,7,Wednesday,0,0
ORD003403,2165,24/06/2023,6,Saturday,0,0
ORD003453,2177,01/06/2023,6,Thursday,0,0
ORD003456,2178,08/07/2023,7,Saturday,0,0
ORD003456,2178,08/07/2023,7,Saturday,0,0
ORD003457,2178,05/08/2023,8,Saturday,0,0
ORD003456,2178,08/07/2023,7,Saturday,0,0
ORD003457,2178,05/08/2023,8,Saturday,0,0
ORD003566,2204,23/05/2023,5,Tuesday,0,0
ORD003567,2204,24/07/2023,7,Monday,0,0
ORD003567,2204,24/07/2023,7,Monday,0,0
ORD003567,2204,24/07/2023,7,Monday,0,0
ORD003571,2207,29/04/2023,4,Saturday,0,0
ORD003573,2207,19/07/2023,7,Wednesday,0,0
ORD003575,2207,08/08/2023,8,Tuesday,0,0
ORD003572,2207,10/07/2023,7,Monday,0,0
ORD003457,2178,05/08/2023,8,Saturday,0,0
ORD003567,2204,24/07/2023,7,Monday,0,0
ORD003573,2207,19/07/2023,7,Wednesday,0,0
ORD003574,2207,30/07/2023,7,Sunday,0,0
ORD003575,2207,08/08/2023,8,Tuesday,0,0
ORD003571,2207,29/04/2023,4,Saturday,0,0
ORD003647,2242,02/06/2023,6,Friday,0,0
ORD003661,2242,04/08/2023,8,Friday,0,0
ORD003640,2242,21/04/2023,4,Friday,0,0
ORD003643,2242,20/05/2023,5,Saturday,0,0
ORD003658,2242,25/07/2023,7,Tuesday,0,0
ORD003663,2242,07/08/2023,8,Monday,0,0
ORD003652,2242,14/07/2023,7,Friday,0,0
ORD003638,2242,16/04/2023,4,Sunday,0,0
ORD003641,2242,13/05/2023,5,Saturday,0,0
ORD003671,2244,15/07/2023,7,Saturday,0,0
ORD003671,2244,15/07/2023,7,Saturday,0,0
ORD005120,2352,02/08/2023,8,Wednesday,0,0
ORD005252,2355,26/05/2023,5,Friday,0,0
ORD005253,2355,08/07/2023,7,Saturday,0,0
ORD002974,2033,06/07/2023,7,Thursday,0,0
ORD002974,2033,06/07/2023,7,Thursday,0,0
ORD002976,2035,19/04/2023,4,Wednesday,0,0
ORD002976,2035,19/04/2023,4,Wednesday,0,0
ORD003021,2039,25/12/2023,12,Monday,0,0
ORD003150,2075,26/04/2023,4,Wednesday,0,0
ORD003159,2079,06/08/2023,8,Sunday,0,0
ORD003156,2079,20/05/2023,5,Saturday,0,0
ORD003159,2079,06/08/2023,8,Sunday,0,0
ORD003156,2079,20/05/2023,5,Saturday,0,0
ORD003200,2088,09/05/2023,5,Tuesday,0,0
ORD003198,2088,04/05/2023,5,Thursday,0,0
ORD003204,2088,04/08/2023,8,Friday,0,0
ORD002817,1967,29/11/2023,11,Wednesday,0,0
ORD002829,1988,01/05/2023,5,Monday,0,0
ORD002834,1988,29/07/2023,7,Saturday,0,0
ORD002869,1997,15/04/2023,4,Saturday,0,0
ORD002872,1999,29/05/2023,5,Monday,0,0
ORD002872,1999,29/05/2023,5,Monday,0,0
ORD002929,2026,28/07/2023,7,Friday,0,0
ORD002928,2026,14/07/2023,7,Friday,0,0
ORD002918,2026,20/04/2023,4,Thursday,0,0
ORD002928,2026,14/07/2023,7,Friday,0,0
ORD002916,2026,14/04/2023,4,Friday,0,0
ORD002928,2026,14/07/2023,7,Friday,0,0
ORD002972,2033,14/05/2023,5,Sunday,0,0
ORD003021,2039,25/12/2023,12,Monday,0,0
ORD003150,2075,26/04/2023,4,Wednesday,0,0
ORD003200,2088,09/05/2023,5,Tuesday,0,0
ORD002923,2026,26/05/2023,5,Friday,0,0
ORD002926,2026,23/06/2023,6,Friday,0,0
ORD002916,2026,14/04/2023,4,Friday,0,0
ORD002923,2026,26/05/2023,5,Friday,0,0
ORD002924,2026,09/06/2023,6,Friday,0,0
ORD002925,2026,15/06/2023,6,Thursday,0,0
ORD002973,2033,21/05/2023,5,Sunday,0,0
ORD002974,2033,06/07/2023,7,Thursday,0,0
ORD002974,2033,06/07/2023,7,Thursday,0,0
ORD002973,2033,21/05/2023,5,Sunday,0,0
ORD002972,2033,14/05/2023,5,Sunday,0,0
ORD002972,2033,14/05/2023,5,Sunday,0,0
ORD002974,2033,06/07/2023,7,Thursday,0,0
ORD002973,2033,21/05/2023,5,Sunday,0,0
ORD002972,2033,14/05/2023,5,Sunday,0,0
ORD002976,2035,19/04/2023,4,Wednesday,0,0
ORD003019,2039,21/12/2023,12,Thursday,0,0
ORD003158,2079,11/06/2023,6,Sunday,0,0
ORD003159,2079,06/08/2023,8,Sunday,0,0
ORD003156,2079,20/05/2023,5,Saturday,0,0
ORD003157,2079,22/05/2023,5,Monday,0,0
ORD003159,2079,06/08/2023,8,Sunday,0,0
ORD003204,2088,04/08/2023,8,Friday,0,0
ORD003200,2088,09/05/2023,5,Tuesday,0,0
ORD003204,2088,04/08/2023,8,Friday,0,0
ORD003204,2088,04/08/2023,8,Friday,0,0
ORD003248,2099,15/05/2023,5,Monday,0,0
ORD003250,2099,28/06/2023,6,Wednesday,0,0
ORD003250,2099,28/06/2023,6,Wednesday,0,0
ORD003317,2129,20/04/2023,4,Thursday,0,0
ORD003384,2158,21/05/2023,5,Sunday,0,0
ORD003403,2165,24/06/2023,6,Saturday,0,0
ORD003403,2165,24/06/2023,6,Saturday,0,0
ORD003438,2172,13/06/2023,6,Tuesday,0,0
ORD003453,2177,01/06/2023,6,Thursday,0,0
ORD003456,2178,08/07/2023,7,Saturday,0,0
ORD003456,2178,08/07/2023,7,Saturday,0,0
ORD003566,2204,23/05/2023,5,Tuesday,0,0
ORD003573,2207,19/07/2023,7,Wednesday,0,0
ORD003573,2207,19/07/2023,7,Wednesday,0,0
ORD003574,2207,30/07/2023,7,Sunday,0,0
ORD003574,2207,30/07/2023,7,Sunday,0,0
ORD003574,2207,30/07/2023,7,Sunday,0,0
ORD003650,2242,22/06/2023,6,Thursday,0,0
ORD003643,2242,20/05/2023,5,Saturday,0,0
ORD003646,2242,30/05/2023,5,Tuesday,0,0
ORD003663,2242,07/08/2023,8,Monday,0,0
ORD003662,2242,05/08/2023,8,Saturday,0,0
ORD003639,2242,20/04/2023,4,Thursday,0,0
ORD003658,2242,25/07/2023,7,Tuesday,0,0
ORD003642,2242,14/05/2023,5,Sunday,0,0
ORD003641,2242,13/05/2023,5,Saturday,0,0
ORD003656,2242,22/07/2023,7,Saturday,0,0
ORD003670,2244,26/06/2023,6,Monday,0,0
ORD003761,2273,07/12/2023,12,Thursday,0,0
ORD003761,2273,07/12/2023,12,Thursday,0,0
ORD002802,1963,13/08/2023,8,Sunday,0,0
ORD002798,1963,11/07/2023,7,Tuesday,0,0
ORD002801,1963,11/08/2023,8,Friday,0,0
ORD002802,1963,13/08/2023,8,Sunday,0,0
ORD002802,1963,13/08/2023,8,Sunday,0,0
ORD002801,1963,11/08/2023,8,Friday,0,0
ORD002817,1967,29/11/2023,11,Wednesday,0,0
ORD002817,1967,29/11/2023,11,Wednesday,0,0
ORD002834,1988,29/07/2023,7,Saturday,0,0
ORD002833,1988,28/06/2023,6,Wednesday,0,0
ORD002832,1988,27/06/2023,6,Tuesday,0,0
ORD002870,1997,24/06/2023,6,Saturday,0,0
ORD002870,1997,24/06/2023,6,Saturday,0,0
ORD002870,1997,24/06/2023,6,Saturday,0,0
ORD002872,1999,29/05/2023,5,Monday,0,0
ORD002872,1999,29/05/2023,5,Monday,0,0
ORD002925,2026,15/06/2023,6,Thursday,0,0
ORD002928,2026,14/07/2023,7,Friday,0,0
ORD002929,2026,28/07/2023,7,Friday,0,0
ORD003384,2158,21/05/2023,5,Sunday,0,0
ORD003386,2158,19/07/2023,7,Wednesday,0,0
ORD003385,2158,30/05/2023,5,Tuesday,0,0
ORD003403,2165,24/06/2023,6,Saturday,0,0
ORD003403,2165,24/06/2023,6,Saturday,0,0
ORD003438,2172,13/06/2023,6,Tuesday,0,0
ORD003438,2172,13/06/2023,6,Tuesday,0,0
ORD003438,2172,13/06/2023,6,Tuesday,0,0
ORD003456,2178,08/07/2023,7,Saturday,0,0
ORD003456,2178,08/07/2023,7,Saturday,0,0
ORD003456,2178,08/07/2023,7,Saturday,0,0
ORD003457,2178,05/08/2023,8,Saturday,0,0
ORD003456,2178,08/07/2023,7,Saturday,0,0
ORD003456,2178,08/07/2023,7,Saturday,0,0
ORD003567,2204,24/07/2023,7,Monday,0,0
ORD003574,2207,30/07/2023,7,Sunday,0,0
ORD003574,2207,30/07/2023,7,Sunday,0,0
ORD003639,2242,20/04/2023,4,Thursday,0,0
ORD002926,2026,23/06/2023,6,Friday,0,0
ORD002916,2026,14/04/2023,4,Friday,0,0
ORD002926,2026,23/06/2023,6,Friday,0,0
ORD002922,2026,25/05/2023,5,Thursday,0,0
ORD002925,2026,15/06/2023,6,Thursday,0,0
ORD002973,2033,21/05/2023,5,Sunday,0,0
ORD002973,2033,21/05/2023,5,Sunday,0,0
ORD002972,2033,14/05/2023,5,Sunday,0,0
ORD002976,2035,19/04/2023,4,Wednesday,0,0
ORD003150,2075,26/04/2023,4,Wednesday,0,0
ORD003158,2079,11/06/2023,6,Sunday,0,0
ORD003202,2088,23/06/2023,6,Friday,0,0
ORD003204,2088,04/08/2023,8,Friday,0,0
ORD003204,2088,04/08/2023,8,Friday,0,0
ORD003247,2099,28/04/2023,4,Friday,0,0
ORD003249,2099,18/05/2023,5,Thursday,0,0
ORD003662,2242,05/08/2023,8,Saturday,0,0
ORD003655,2242,21/07/2023,7,Friday,0,0
ORD003639,2242,20/04/2023,4,Thursday,0,0
ORD003639,2242,20/04/2023,4,Thursday,0,0
ORD003647,2242,02/06/2023,6,Friday,0,0
ORD003647,2242,02/06/2023,6,Friday,0,0
ORD003639,2242,20/04/2023,4,Thursday,0,0
ORD003641,2242,13/05/2023,5,Saturday,0,0
ORD003639,2242,20/04/2023,4,Thursday,0,0
ORD003664,2242,13/08/2023,8,Sunday,0,0
ORD003669,2244,02/06/2023,6,Friday,0,0
ORD003840,2296,07/12/2023,12,Thursday,0,0
ORD004216,2341,27/04/2023,4,Thursday,0,0
ORD005253,2355,08/07/2023,7,Saturday,0,0
ORD005252,2355,26/05/2023,5,Friday,0,0
ORD005968,2367,30/07/2023,7,Sunday,0,0
ORD005964,2367,28/06/2023,6,Wednesday,0,0
ORD005966,2367,10/07/2023,7,Monday,0,0
ORD005968,2367,30/07/2023,7,Sunday,0,0
ORD005968,2367,30/07/2023,7,Sunday,0,0
ORD005965,2367,06/07/2023,7,Thursday,0,0
ORD005962,2367,12/06/2023,6,Monday,0,0
ORD005967,2367,20/07/2023,7,Thursday,0,0
ORD005965,2367,06/07/2023,7,Thursday,0,0
ORD005962,2367,12/06/2023,6,Monday,0,0
ORD005962,2367,12/06/2023,6,Monday,0,0
ORD005967,2367,20/07/2023,7,Thursday,0,0
ORD006095,2369,11/08/2023,8,Friday,0,0
ORD006095,2369,11/08/2023,8,Friday,0,0
ORD009846,2432,21/04/2023,4,Friday,0,0
ORD009848,2432,26/06/2023,6,Monday,0,0
ORD009848,2432,26/06/2023,6,Monday,0,0
ORD009848,2432,26/06/2023,6,Monday,0,0
ORD009849,2432,04/07/2023,7,Tuesday,0,0
ORD009850,2432,29/07/2023,7,Saturday,0,0
ORD009848,2432,26/06/2023,6,Monday,0,0
ORD009846,2432,21/04/2023,4,Friday,0,0
ORD009848,2432,26/06/2023,6,Monday,0,0
ORD009845,2432,16/04/2023,4,Sunday,0,0
ORD010355,2442,14/05/2023,5,Sunday,0,0
ORD016899,2577,14/12/2023,12,Thursday,0,0
ORD018707,2620,16/04/2023,4,Sunday,0,0
ORD003643,2242,20/05/2023,5,Saturday,0,0
ORD003639,2242,20/04/2023,4,Thursday,0,0
ORD003650,2242,22/06/2023,6,Thursday,0,0
ORD003652,2242,14/07/2023,7,Friday,0,0
ORD003639,2242,20/04/2023,4,Thursday,0,0
ORD003658,2242,25/07/2023,7,Tuesday,0,0
ORD003640,2242,21/04/2023,4,Friday,0,0
ORD003655,2242,21/07/2023,7,Friday,0,0
ORD003651,2242,24/06/2023,6,Saturday,0,0
ORD003670,2244,26/06/2023,6,Monday,0,0
ORD003671,2244,15/07/2023,7,Saturday,0,0
ORD004216,2341,27/04/2023,4,Thursday,0,0
ORD005026,2350,17/05/2023,5,Wednesday,0,0
ORD005120,2352,02/08/2023,8,Wednesday,0,0
ORD005253,2355,08/07/2023,7,Saturday,0,0
ORD005252,2355,26/05/2023,5,Friday,0,0
ORD005252,2355,26/05/2023,5,Friday,0,0
ORD005964,2367,28/06/2023,6,Wednesday,0,0
ORD005966,2367,10/07/2023,7,Monday,0,0
ORD005962,2367,12/06/2023,6,Monday,0,0
ORD005962,2367,12/06/2023,6,Monday,0,0
ORD005966,2367,10/07/2023,7,Monday,0,0
ORD005967,2367,20/07/2023,7,Thursday,0,0
ORD005967,2367,20/07/2023,7,Thursday,0,0
ORD005962,2367,12/06/2023,6,Monday,0,0
ORD005962,2367,12/06/2023,6,Monday,0,0
ORD005967,2367,20/07/2023,7,Thursday,0,0
ORD005967,2367,20/07/2023,7,Thursday,0,0
ORD009846,2432,21/04/2023,4,Friday,0,0
ORD009848,2432,26/06/2023,6,Monday,0,0
ORD009848,2432,26/06/2023,6,Monday,0,0
ORD009848,2432,26/06/2023,6,Monday,0,0
ORD009850,2432,29/07/2023,7,Saturday,0,0
ORD009847,2432,25/04/2023,4,Tuesday,0,0
ORD009848,2432,26/06/2023,6,Monday,0,0
ORD009849,2432,04/07/2023,7,Tuesday,0,0
ORD009846,2432,21/04/2023,4,Friday,0,0
ORD009845,2432,16/04/2023,4,Sunday,0,0
ORD010809,2448,07/07/2023,7,Friday,0,0
ORD010809,2448,07/07/2023,7,Friday,0,0
ORD010809,2448,07/07/2023,7,Friday,0,0
ORD015427,2542,13/08/2023,8,Sunday,0,0
ORD017749,2596,08/05/2023,5,Monday,0,0
ORD005968,2367,30/07/2023,7,Sunday,0,0
ORD005966,2367,10/07/2023,7,Monday,0,0
ORD005968,2367,30/07/2023,7,Sunday,0,0
ORD005968,2367,30/07/2023,7,Sunday,0,0
ORD005962,2367,12/06/2023,6,Monday,0,0
ORD005962,2367,12/06/2023,6,Monday,0,0
ORD005961,2367,20/04/2023,4,Thursday,0,0
ORD009848,2432,26/06/2023,6,Monday,0,0
ORD009847,2432,25/04/2023,4,Tuesday,0,0
ORD010355,2442,14/05/2023,5,Sunday,0,0
ORD015427,2542,13/08/2023,8,Sunday,0,0
ORD015427,2542,13/08/2023,8,Sunday,0,0
ORD020767,2669,19/05/2023,5,Friday,0,0
ORD020769,2669,09/06/2023,6,Friday,0,0
ORD020772,2669,12/08/2023,8,Saturday,0,0
ORD020772,2669,12/08/2023,8,Saturday,0,0
ORD020769,2669,09/06/2023,6,Friday,0,0
ORD020769,2669,09/06/2023,6,Friday,0,0
ORD020772,2669,12/08/2023,8,Saturday,0,0
ORD019602,2640,27/06/2023,6,Tuesday,0,0
ORD020769,2669,09/06/2023,6,Friday,0,0
ORD020769,2669,09/06/2023,6,Friday,0,0
ORD020769,2669,09/06/2023,6,Friday,0,0
ORD020769,2669,09/06/2023,6,Friday,0,0
ORD020767,2669,19/05/2023,5,Friday,0,0
ORD020769,2669,09/06/2023,6,Friday,0,0
ORD020767,2669,19/05/2023,5,Friday,0,0
ORD020767,2669,19/05/2023,5,Friday,0,0
ORD020767,2669,19/05/2023,5,Friday,0,0
ORD020772,2669,12/08/2023,8,Saturday,0,0
ORD021354,2685,02/07/2023,7,Sunday,0,0
ORD021440,2687,08/07/2023,7,Saturday,0,0
ORD021440,2687,08/07/2023,7,Saturday,0,0
ORD021438,2687,16/04/2023,4,Sunday,0,0
ORD021926,2699,07/07/2023,7,Friday,0,0
ORD024182,2762,25/06/2023,6,Sunday,0,0
ORD025705,2795,16/07/2023,7,Sunday,0,0
ORD025700,2795,16/05/2023,5,Tuesday,0,0
ORD025945,2800,30/05/2023,5,Tuesday,0,0
ORD019602,2640,27/06/2023,6,Tuesday,0,0
ORD020767,2669,19/05/2023,5,Friday,0,0
ORD020767,2669,19/05/2023,5,Friday,0,0
ORD020772,2669,12/08/2023,8,Saturday,0,0
ORD021438,2687,16/04/2023,4,Sunday,0,0
ORD024181,2762,02/06/2023,6,Friday,0,0
ORD024182,2762,25/06/2023,6,Sunday,0,0
ORD025708,2795,04/08/2023,8,Friday,0,0
ORD025702,2795,06/06/2023,6,Tuesday,0,0
ORD025702,2795,06/06/2023,6,Tuesday,0,0
ORD025700,2795,16/05/2023,5,Tuesday,0,0
ORD025702,2795,06/06/2023,6,Tuesday,0,0
ORD025946,2800,03/06/2023,6,Saturday,0,0
ORD025944,2800,04/05/2023,5,Thursday,0,0
ORD025946,2800,03/06/2023,6,Saturday,0,0
ORD025945,2800,30/05/2023,5,Tuesday,0,0
ORD026066,2802,18/06/2023,6,Sunday,0,0
ORD026066,2802,18/06/2023,6,Sunday,0,0
ORD026066,2802,18/06/2023,6,Sunday,0,0
ORD026227,2805,11/07/2023,7,Tuesday,0,0
ORD026227,2805,11/07/2023,7,Tuesday,0,0
ORD026227,2805,11/07/2023,7,Tuesday,0,0
ORD027361,2831,07/07/2023,7,Friday,0,0
ORD027908,2844,18/07/2023,7,Tuesday,0,0
ORD027908,2844,18/07/2023,7,Tuesday,0,0
ORD027908,2844,18/07/2023,7,Tuesday,0,0
ORD028163,2849,16/04/2023,4,Sunday,0,0
ORD028163,2849,16/04/2023,4,Sunday,0,0
ORD028164,2849,15/05/2023,5,Monday,0,0
ORD028167,2849,05/08/2023,8,Saturday,0,0
ORD029383,2877,14/04/2023,4,Friday,0,0
ORD002918,2026,20/04/2023,4,Thursday,0,0
ORD002920,2026,04/05/2023,5,Thursday,0,0
ORD002928,2026,14/07/2023,7,Friday,0,0
ORD002918,2026,20/04/2023,4,Thursday,0,0
ORD002923,2026,26/05/2023,5,Friday,0,0
ORD002929,2026,28/07/2023,7,Friday,0,0
ORD002928,2026,14/07/2023,7,Friday,0,0
ORD002928,2026,14/07/2023,7,Friday,0,0
ORD002918,2026,20/04/2023,4,Thursday,0,0
ORD002930,2026,04/08/2023,8,Friday,0,0
ORD002925,2026,15/06/2023,6,Thursday,0,0
ORD002922,2026,25/05/2023,5,Thursday,0,0
ORD002974,2033,06/07/2023,7,Thursday,0,0
ORD002972,2033,14/05/2023,5,Sunday,0,0
ORD002974,2033,06/07/2023,7,Thursday,0,0
ORD002976,2035,19/04/2023,4,Wednesday,0,0
ORD002976,2035,19/04/2023,4,Wednesday,0,0
ORD003200,2088,09/05/2023,5,Tuesday,0,0
ORD003202,2088,23/06/2023,6,Friday,0,0
ORD003255,2099,14/07/2023,7,Friday,0,0
ORD003255,2099,14/07/2023,7,Friday,0,0
ORD003246,2099,14/04/2023,4,Friday,0,0
ORD003250,2099,28/06/2023,6,Wednesday,0,0
ORD003250,2099,28/06/2023,6,Wednesday,0,0
ORD003256,2099,07/08/2023,8,Monday,0,0
ORD003317,2129,20/04/2023,4,Thursday,0,0
ORD003403,2165,24/06/2023,6,Saturday,0,0
ORD003403,2165,24/06/2023,6,Saturday,0,0
ORD003403,2165,24/06/2023,6,Saturday,0,0
ORD003403,2165,24/06/2023,6,Saturday,0,0
ORD003438,2172,13/06/2023,6,Tuesday,0,0
ORD003453,2177,01/06/2023,6,Thursday,0,0
ORD003453,2177,01/06/2023,6,Thursday,0,0
ORD003456,2178,08/07/2023,7,Saturday,0,0
ORD003456,2178,08/07/2023,7,Saturday,0,0
ORD003457,2178,05/08/2023,8,Saturday,0,0
ORD003566,2204,23/05/2023,5,Tuesday,0,0
ORD003840,2296,07/12/2023,12,Thursday,0,0
ORD003840,2296,07/12/2023,12,Thursday,0,0
ORD003914,2318,20/04/2023,4,Thursday,0,0
ORD005253,2355,08/07/2023,7,Saturday,0,0
ORD005962,2367,12/06/2023,6,Monday,0,0
ORD005964,2367,28/06/2023,6,Wednesday,0,0
ORD005965,2367,06/07/2023,7,Thursday,0,0
ORD005968,2367,30/07/2023,7,Sunday,0,0
ORD005968,2367,30/07/2023,7,Sunday,0,0
ORD005968,2367,30/07/2023,7,Sunday,0,0
ORD005967,2367,20/07/2023,7,Thursday,0,0
ORD005967,2367,20/07/2023,7,Thursday,0,0
ORD005968,2367,30/07/2023,7,Sunday,0,0
ORD005961,2367,20/04/2023,4,Thursday,0,0
ORD006094,2369,05/08/2023,8,Saturday,0,0
ORD006094,2369,05/08/2023,8,Saturday,0,0
ORD009848,2432,26/06/2023,6,Monday,0,0
ORD009846,2432,21/04/2023,4,Friday,0,0
ORD009845,2432,16/04/2023,4,Sunday,0,0
ORD009846,2432,21/04/2023,4,Friday,0,0
ORD009847,2432,25/04/2023,4,Tuesday,0,0
ORD009848,2432,26/06/2023,6,Monday,0,0
ORD009849,2432,04/07/2023,7,Tuesday,0,0
ORD009846,2432,21/04/2023,4,Friday,0,0
ORD010355,2442,14/05/2023,5,Sunday,0,0
ORD029589,2882,04/08/2023,8,Friday,0,0
ORD030099,2894,04/06/2023,6,Sunday,0,0
ORD030099,2894,04/06/2023,6,Sunday,0,0
ORD030099,2894,04/06/2023,6,Sunday,0,0
ORD030099,2894,04/06/2023,6,Sunday,0,0
ORD030099,2894,04/06/2023,6,Sunday,0,0
ORD030975,2918,11/12/2023,12,Monday,0,0
ORD031484,2932,28/06/2023,6,Wednesday,0,0
ORD031486,2932,04/08/2023,8,Friday,0,0
ORD031484,2932,28/06/2023,6,Wednesday,0,0
ORD032090,2947,15/06/2023,6,Thursday,0,0
ORD032090,2947,15/06/2023,6,Thursday,0,0
ORD032340,2953,07/08/2023,8,Monday,0,0
ORD032333,2953,13/07/2023,7,Thursday,0,0
ORD032340,2953,07/08/2023,8,Monday,0,0
ORD032332,2953,28/06/2023,6,Wednesday,0,0
ORD032340,2953,07/08/2023,8,Monday,0,0
ORD032325,2953,09/05/2023,5,Tuesday,0,0
ORD032325,2953,09/05/2023,5,Tuesday,0,0
ORD032333,2953,13/07/2023,7,Thursday,0,0
ORD032332,2953,28/06/2023,6,Wednesday,0,0
ORD032339,2953,30/07/2023,7,Sunday,0,0
ORD032340,2953,07/08/2023,8,Monday,0,0
ORD003250,2099,28/06/2023,6,Wednesday,0,0
ORD003317,2129,20/04/2023,4,Thursday,0,0
ORD003317,2129,20/04/2023,4,Thursday,0,0
ORD003317,2129,20/04/2023,4,Thursday,0,0
ORD003438,2172,13/06/2023,6,Tuesday,0,0
ORD003453,2177,01/06/2023,6,Thursday,0,0
ORD003457,2178,05/08/2023,8,Saturday,0,0
ORD003567,2204,24/07/2023,7,Monday,0,0
ORD003573,2207,19/07/2023,7,Wednesday,0,0
ORD003575,2207,08/08/2023,8,Tuesday,0,0
ORD003575,2207,08/08/2023,8,Tuesday,0,0
ORD003574,2207,30/07/2023,7,Sunday,0,0
ORD003574,2207,30/07/2023,7,Sunday,0,0
ORD003662,2242,05/08/2023,8,Saturday,0,0
ORD003661,2242,04/08/2023,8,Friday,0,0
ORD003641,2242,13/05/2023,5,Saturday,0,0
ORD003656,2242,22/07/2023,7,Saturday,0,0
ORD003641,2242,13/05/2023,5,Saturday,0,0
ORD020769,2669,09/06/2023,6,Friday,0,0
ORD021354,2685,02/07/2023,7,Sunday,0,0
ORD021438,2687,16/04/2023,4,Sunday,0,0
ORD021439,2687,18/04/2023,4,Tuesday,0,0
ORD021440,2687,08/07/2023,7,Saturday,0,0
ORD021438,2687,16/04/2023,4,Sunday,0,0
ORD021439,2687,18/04/2023,4,Tuesday,0,0
ORD021438,2687,16/04/2023,4,Sunday,0,0
ORD024184,2762,21/07/2023,7,Friday,0,0
ORD025708,2795,04/08/2023,8,Friday,0,0
ORD025701,2795,30/05/2023,5,Tuesday,0,0
ORD025700,2795,16/05/2023,5,Tuesday,0,0
ORD025946,2800,03/06/2023,6,Saturday,0,0
ORD025944,2800,04/05/2023,5,Thursday,0,0
ORD025944,2800,04/05/2023,5,Thursday,0,0
ORD025944,2800,04/05/2023,5,Thursday,0,0
ORD025946,2800,03/06/2023,6,Saturday,0,0
ORD026066,2802,18/06/2023,6,Sunday,0,0
ORD026066,2802,18/06/2023,6,Sunday,0,0
ORD003156,2079,20/05/2023,5,Saturday,0,0
ORD003158,2079,11/06/2023,6,Sunday,0,0
ORD003157,2079,22/05/2023,5,Monday,0,0
ORD003203,2088,15/07/2023,7,Saturday,0,0
ORD003198,2088,04/05/2023,5,Thursday,0,0
ORD003250,2099,28/06/2023,6,Wednesday,0,0
ORD003253,2099,06/07/2023,7,Thursday,0,0
ORD003246,2099,14/04/2023,4,Friday,0,0
ORD003256,2099,07/08/2023,8,Monday,0,0
ORD003317,2129,20/04/2023,4,Thursday,0,0
ORD003456,2178,08/07/2023,7,Saturday,0,0
ORD003456,2178,08/07/2023,7,Saturday,0,0
ORD003457,2178,05/08/2023,8,Saturday,0,0
ORD003566,2204,23/05/2023,5,Tuesday,0,0
ORD003566,2204,23/05/2023,5,Tuesday,0,0
ORD003574,2207,30/07/2023,7,Sunday,0,0
ORD025946,2800,03/06/2023,6,Saturday,0,0
ORD025945,2800,30/05/2023,5,Tuesday,0,0
ORD025945,2800,30/05/2023,5,Tuesday,0,0
ORD025946,2800,03/06/2023,6,Saturday,0,0
ORD025946,2800,03/06/2023,6,Saturday,0,0
ORD025946,2800,03/06/2023,6,Saturday,0,0
ORD026066,2802,18/06/2023,6,Sunday,0,0
ORD026066,2802,18/06/2023,6,Sunday,0,0
ORD026067,2802,27/06/2023,6,Tuesday,0,0
ORD026227,2805,11/07/2023,7,Tuesday,0,0
ORD026519,2813,22/05/2023,5,Monday,0,0
ORD027908,2844,18/07/2023,7,Tuesday,0,0
ORD028164,2849,15/05/2023,5,Monday,0,0
ORD030099,2894,04/06/2023,6,Sunday,0,0
ORD030099,2894,04/06/2023,6,Sunday,0,0
ORD030099,2894,04/06/2023,6,Sunday,0,0
ORD030099,2894,04/06/2023,6,Sunday,0,0
ORD030099,2894,04/06/2023,6,Sunday,0,0
ORD030099,2894,04/06/2023,6,Sunday,0,0
ORD030099,2894,04/06/2023,6,Sunday,0,0
ORD030099,2894,04/06/2023,6,Sunday,0,0
ORD030914,2916,14/12/2023,12,Thursday,0,0
ORD030911,2916,29/11/2023,11,Wednesday,0,0
ORD030914,2916,14/12/2023,12,Thursday,0,0
ORD031485,2932,28/07/2023,7,Friday,0,0
ORD031484,2932,28/06/2023,6,Wednesday,0,0
ORD031486,2932,04/08/2023,8,Friday,0,0
ORD031484,2932,28/06/2023,6,Wednesday,0,0
ORD032090,2947,15/06/2023,6,Thursday,0,0
ORD032340,2953,07/08/2023,8,Monday,0,0
ORD032325,2953,09/05/2023,5,Tuesday,0,0
ORD032330,2953,17/06/2023,6,Saturday,0,0
ORD032336,2953,24/07/2023,7,Monday,0,0
ORD032340,2953,07/08/2023,8,Monday,0,0
ORD032325,2953,09/05/2023,5,Tuesday,0,0
ORD032333,2953,13/07/2023,7,Thursday,0,0
ORD032327,2953,01/06/2023,6,Thursday,0,0
ORD003567,2204,24/07/2023,7,Monday,0,0
ORD003574,2207,30/07/2023,7,Sunday,0,0
ORD003571,2207,29/04/2023,4,Saturday,0,0
ORD003571,2207,29/04/2023,4,Saturday,0,0
ORD003664,2242,13/08/2023,8,Sunday,0,0
ORD003639,2242,20/04/2023,4,Thursday,0,0
ORD003643,2242,20/05/2023,5,Saturday,0,0
ORD003654,2242,18/07/2023,7,Tuesday,0,0
ORD003652,2242,14/07/2023,7,Friday,0,0
ORD003643,2242,20/05/2023,5,Saturday,0,0
ORD003663,2242,07/08/2023,8,Monday,0,0
ORD003655,2242,21/07/2023,7,Friday,0,0
ORD003663,2242,07/08/2023,8,Monday,0,0
ORD003670,2244,26/06/2023,6,Monday,0,0
ORD003840,2296,07/12/2023,12,Thursday,0,0
ORD003914,2318,20/04/2023,4,Thursday,0,0
ORD005120,2352,02/08/2023,8,Wednesday,0,0
ORD005252,2355,26/05/2023,5,Friday,0,0
ORD005252,2355,26/05/2023,5,Friday,0,0
ORD005253,2355,08/07/2023,7,Saturday,0,0
ORD005962,2367,12/06/2023,6,Monday,0,0
ORD010809,2448,07/07/2023,7,Friday,0,0
ORD010809,2448,07/07/2023,7,Friday,0,0
ORD018707,2620,16/04/2023,4,Sunday,0,0
ORD018708,2620,02/05/2023,5,Tuesday,0,0
ORD019602,2640,27/06/2023,6,Tuesday,0,0
ORD020772,2669,12/08/2023,8,Saturday,0,0
ORD020769,2669,09/06/2023,6,Friday,0,0
ORD020772,2669,12/08/2023,8,Saturday,0,0
ORD020772,2669,12/08/2023,8,Saturday,0,0
ORD020772,2669,12/08/2023,8,Saturday,0,0
ORD020772,2669,12/08/2023,8,Saturday,0,0
ORD025698,2795,15/04/2023,4,Saturday,0,0
ORD025705,2795,16/07/2023,7,Sunday,0,0
ORD025706,2795,17/07/2023,7,Monday,0,0
ORD025946,2800,03/06/2023,6,Saturday,0,0
ORD025946,2800,03/06/2023,6,Saturday,0,0
ORD025948,2800,04/08/2023,8,Friday,0,0
ORD025946,2800,03/06/2023,6,Saturday,0,0
ORD025944,2800,04/05/2023,5,Thursday,0,0
ORD032334,2953,21/07/2023,7,Friday,0,0
ORD032328,2953,05/06/2023,6,Monday,0,0
ORD032336,2953,24/07/2023,7,Monday,0,0
ORD032340,2953,07/08/2023,8,Monday,0,0
ORD032340,2953,07/08/2023,8,Monday,0,0
ORD032340,2953,07/08/2023,8,Monday,0,0
ORD032340,2953,07/08/2023,8,Monday,0,0
ORD032325,2953,09/05/2023,5,Tuesday,0,0
ORD032340,2953,07/08/2023,8,Monday,0,0
ORD032517,2958,28/06/2023,6,Wednesday,0,0
ORD032517,2958,28/06/2023,6,Wednesday,0,0
ORD032517,2958,28/06/2023,6,Wednesday,0,0
ORD032838,2966,30/04/2023,4,Sunday,0,0
ORD033366,2979,31/07/2023,7,Monday,0,0
ORD033365,2979,24/07/2023,7,Monday,0,0
ORD033351,2979,18/04/2023,4,Tuesday,0,0
ORD033366,2979,31/07/2023,7,Monday,0,0
ORD033352,2979,20/04/2023,4,Thursday,0,0
ORD033352,2979,20/04/2023,4,Thursday,0,0
ORD033363,2979,10/07/2023,7,Monday,0,0
ORD033354,2979,11/05/2023,5,Thursday,0,0
ORD033358,2979,13/06/2023,6,Tuesday,0,0
ORD033360,2979,19/06/2023,6,Monday,0,0
ORD033359,2979,17/06/2023,6,Saturday,0,0
ORD003639,2242,20/04/2023,4,Thursday,0,0
ORD003652,2242,14/07/2023,7,Friday,0,0
ORD003641,2242,13/05/2023,5,Saturday,0,0
ORD003652,2242,14/07/2023,7,Friday,0,0
ORD003669,2244,02/06/2023,6,Friday,0,0
ORD003669,2244,02/06/2023,6,Friday,0,0
ORD004140,2340,13/07/2023,7,Thursday,0,0
ORD005026,2350,17/05/2023,5,Wednesday,0,0
ORD005252,2355,26/05/2023,5,Friday,0,0
ORD005252,2355,26/05/2023,5,Friday,0,0
ORD005962,2367,12/06/2023,6,Monday,0,0
ORD005964,2367,28/06/2023,6,Wednesday,0,0
ORD005967,2367,20/07/2023,7,Thursday,0,0
ORD005965,2367,06/07/2023,7,Thursday,0,0
ORD005964,2367,28/06/2023,6,Wednesday,0,0
ORD005967,2367,20/07/2023,7,Thursday,0,0
ORD005962,2367,12/06/2023,6,Monday,0,0
ORD005965,2367,06/07/2023,7,Thursday,0,0
ORD005968,2367,30/07/2023,7,Sunday,0,0
ORD005968,2367,30/07/2023,7,Sunday,0,0
ORD005967,2367,20/07/2023,7,Thursday,0,0
ORD005965,2367,06/07/2023,7,Thursday,0,0
ORD033366,2979,31/07/2023,7,Monday,0,0
ORD033366,2979,31/07/2023,7,Monday,0,0
ORD034914,3026,29/07/2023,7,Saturday,0,0
ORD034913,3026,25/04/2023,4,Tuesday,0,0
ORD034913,3026,25/04/2023,4,Tuesday,0,0
ORD035222,3037,26/06/2023,6,Monday,0,0
ORD035213,3037,19/04/2023,4,Wednesday,0,0
ORD035213,3037,19/04/2023,4,Wednesday,0,0
ORD035213,3037,19/04/2023,4,Wednesday,0,0
ORD035223,3037,24/07/2023,7,Monday,0,0
ORD035219,3037,03/06/2023,6,Saturday,0,0
ORD035213,3037,19/04/2023,4,Wednesday,0,0
ORD035213,3037,19/04/2023,4,Wednesday,0,0
ORD035213,3037,19/04/2023,4,Wednesday,0,0
ORD035222,3037,26/06/2023,6,Monday,0,0
ORD035222,3037,26/06/2023,6,Monday,0,0
ORD035222,3037,26/06/2023,6,Monday,0,0
ORD035213,3037,19/04/2023,4,Wednesday,0,0
ORD035223,3037,24/07/2023,7,Monday,0,0
ORD036006,3063,13/05/2023,5,Saturday,0,0
ORD026066,2802,18/06/2023,6,Sunday,0,0
ORD026227,2805,11/07/2023,7,Tuesday,0,0
ORD027447,2834,23/06/2023,6,Friday,0,0
ORD027447,2834,23/06/2023,6,Friday,0,0
ORD027908,2844,18/07/2023,7,Tuesday,0,0
ORD027908,2844,18/07/2023,7,Tuesday,0,0
ORD027908,2844,18/07/2023,7,Tuesday,0,0
ORD028167,2849,05/08/2023,8,Saturday,0,0
ORD029201,2873,26/07/2023,7,Wednesday,0,0
ORD029201,2873,26/07/2023,7,Wednesday,0,0
ORD030099,2894,04/06/2023,6,Sunday,0,0
ORD030099,2894,04/06/2023,6,Sunday,0,0
ORD032335,2953,22/07/2023,7,Saturday,0,0
ORD032338,2953,26/07/2023,7,Wednesday,0,0
ORD032331,2953,27/06/2023,6,Tuesday,0,0
ORD032333,2953,13/07/2023,7,Thursday,0,0
ORD032333,2953,13/07/2023,7,Thursday,0,0
ORD032325,2953,09/05/2023,5,Tuesday,0,0
ORD032332,2953,28/06/2023,6,Wednesday,0,0
ORD032328,2953,05/06/2023,6,Monday,0,0
ORD032328,2953,05/06/2023,6,Monday,0,0
ORD032333,2953,13/07/2023,7,Thursday,0,0
ORD032332,2953,28/06/2023,6,Wednesday,0,0
ORD032517,2958,28/06/2023,6,Wednesday,0,0
ORD032517,2958,28/06/2023,6,Wednesday,0,0
ORD032517,2958,28/06/2023,6,Wednesday,0,0
ORD032517,2958,28/06/2023,6,Wednesday,0,0
ORD032517,2958,28/06/2023,6,Wednesday,0,0
ORD032517,2958,28/06/2023,6,Wednesday,0,0
ORD032838,2966,30/04/2023,4,Sunday,0,0
ORD032893,2967,13/06/2023,6,Tuesday,0,0
ORD033353,2979,03/05/2023,5,Wednesday,0,0
ORD033362,2979,05/07/2023,7,Wednesday,0,0
ORD033353,2979,03/05/2023,5,Wednesday,0,0
ORD033353,2979,03/05/2023,5,Wednesday,0,0
ORD030099,2894,04/06/2023,6,Sunday,0,0
ORD030099,2894,04/06/2023,6,Sunday,0,0
ORD030914,2916,14/12/2023,12,Thursday,0,0
ORD030976,2918,12/12/2023,12,Tuesday,0,0
ORD031484,2932,28/06/2023,6,Wednesday,0,0
ORD032325,2953,09/05/2023,5,Tuesday,0,0
ORD032328,2953,05/06/2023,6,Monday,0,0
ORD032325,2953,09/05/2023,5,Tuesday,0,0
ORD032330,2953,17/06/2023,6,Saturday,0,0
ORD032340,2953,07/08/2023,8,Monday,0,0
ORD032325,2953,09/05/2023,5,Tuesday,0,0
ORD032340,2953,07/08/2023,8,Monday,0,0
ORD032333,2953,13/07/2023,7,Thursday,0,0
ORD032340,2953,07/08/2023,8,Monday,0,0
ORD032333,2953,13/07/2023,7,Thursday,0,0
ORD032326,2953,23/05/2023,5,Tuesday,0,0
ORD032338,2953,26/07/2023,7,Wednesday,0,0
ORD032336,2953,24/07/2023,7,Monday,0,0
ORD032328,2953,05/06/2023,6,Monday,0,0
ORD005963,2367,18/06/2023,6,Sunday,0,0
ORD009848,2432,26/06/2023,6,Monday,0,0
ORD009849,2432,04/07/2023,7,Tuesday,0,0
ORD009845,2432,16/04/2023,4,Sunday,0,0
ORD009848,2432,26/06/2023,6,Monday,0,0
ORD009850,2432,29/07/2023,7,Saturday,0,0
ORD009845,2432,16/04/2023,4,Sunday,0,0
ORD009847,2432,25/04/2023,4,Tuesday,0,0
ORD009848,2432,26/06/2023,6,Monday,0,0
ORD010809,2448,07/07/2023,7,Friday,0,0
ORD010809,2448,07/07/2023,7,Friday,0,0
ORD010809,2448,07/07/2023,7,Friday,0,0
ORD016899,2577,14/12/2023,12,Thursday,0,0
ORD017749,2596,08/05/2023,5,Monday,0,0
ORD018708,2620,02/05/2023,5,Tuesday,0,0
ORD018708,2620,02/05/2023,5,Tuesday,0,0
ORD020767,2669,19/05/2023,5,Friday,0,0
ORD020769,2669,09/06/2023,6,Friday,0,0
ORD020769,2669,09/06/2023,6,Friday,0,0
ORD020767,2669,19/05/2023,5,Friday,0,0
ORD020772,2669,12/08/2023,8,Saturday,0,0
ORD021438,2687,16/04/2023,4,Sunday,0,0
ORD021439,2687,18/04/2023,4,Tuesday,0,0
ORD025944,2800,04/05/2023,5,Thursday,0,0
ORD025946,2800,03/06/2023,6,Saturday,0,0
ORD025944,2800,04/05/2023,5,Thursday,0,0
ORD026066,2802,18/06/2023,6,Sunday,0,0
ORD026066,2802,18/06/2023,6,Sunday,0,0
ORD026066,2802,18/06/2023,6,Sunday,0,0
ORD027360,2831,02/07/2023,7,Sunday,0,0
ORD027360,2831,02/07/2023,7,Sunday,0,0
ORD027360,2831,02/07/2023,7,Sunday,0,0
ORD027908,2844,18/07/2023,7,Tuesday,0,0
ORD028164,2849,15/05/2023,5,Monday,0,0
ORD032333,2953,13/07/2023,7,Thursday,0,0
ORD032340,2953,07/08/2023,8,Monday,0,0
ORD032328,2953,05/06/2023,6,Monday,0,0
ORD032333,2953,13/07/2023,7,Thursday,0,0
ORD032332,2953,28/06/2023,6,Wednesday,0,0
ORD032334,2953,21/07/2023,7,Friday,0,0
ORD032328,2953,05/06/2023,6,Monday,0,0
ORD032340,2953,07/08/2023,8,Monday,0,0
ORD032328,2953,05/06/2023,6,Monday,0,0
ORD032333,2953,13/07/2023,7,Thursday,0,0
ORD032340,2953,07/08/2023,8,Monday,0,0
ORD032517,2958,28/06/2023,6,Wednesday,0,0
ORD032517,2958,28/06/2023,6,Wednesday,0,0
ORD032517,2958,28/06/2023,6,Wednesday,0,0
ORD032838,2966,30/04/2023,4,Sunday,0,0
ORD033356,2979,14/05/2023,5,Sunday,0,0
ORD033367,2979,10/08/2023,8,Thursday,0,0
ORD033366,2979,31/07/2023,7,Monday,0,0
ORD033361,2979,27/06/2023,6,Tuesday,0,0
ORD033352,2979,20/04/2023,4,Thursday,0,0
ORD033358,2979,13/06/2023,6,Tuesday,0,0
ORD033359,2979,17/06/2023,6,Saturday,0,0
ORD021438,2687,16/04/2023,4,Sunday,0,0
ORD021440,2687,08/07/2023,7,Saturday,0,0
ORD024184,2762,21/07/2023,7,Friday,0,0
ORD024184,2762,21/07/2023,7,Friday,0,0
ORD024182,2762,25/06/2023,6,Sunday,0,0
ORD024181,2762,02/06/2023,6,Friday,0,0
ORD025698,2795,15/04/2023,4,Saturday,0,0
ORD025703,2795,15/06/2023,6,Thursday,0,0
ORD025706,2795,17/07/2023,7,Monday,0,0
ORD025701,2795,30/05/2023,5,Tuesday,0,0
ORD025702,2795,06/06/2023,6,Tuesday,0,0
ORD025946,2800,03/06/2023,6,Saturday,0,0
ORD025948,2800,04/08/2023,8,Friday,0,0
ORD025945,2800,30/05/2023,5,Tuesday,0,0
ORD025948,2800,04/08/2023,8,Friday,0,0
ORD025945,2800,30/05/2023,5,Tuesday,0,0
ORD025944,2800,04/05/2023,5,Thursday,0,0
ORD026066,2802,18/06/2023,6,Sunday,0,0
ORD026067,2802,27/06/2023,6,Tuesday,0,0
ORD026066,2802,18/06/2023,6,Sunday,0,0
ORD026066,2802,18/06/2023,6,Sunday,0,0
ORD026066,2802,18/06/2023,6,Sunday,0,0
ORD026227,2805,11/07/2023,7,Tuesday,0,0
ORD003573,2207,19/07/2023,7,Wednesday,0,0
ORD003572,2207,10/07/2023,7,Monday,0,0
ORD003575,2207,08/08/2023,8,Tuesday,0,0
ORD003575,2207,08/08/2023,8,Tuesday,0,0
ORD003575,2207,08/08/2023,8,Tuesday,0,0
ORD003639,2242,20/04/2023,4,Thursday,0,0
ORD003640,2242,21/04/2023,4,Friday,0,0
ORD003656,2242,22/07/2023,7,Saturday,0,0
ORD003655,2242,21/07/2023,7,Friday,0,0
ORD003654,2242,18/07/2023,7,Tuesday,0,0
ORD003638,2242,16/04/2023,4,Sunday,0,0
ORD003656,2242,22/07/2023,7,Saturday,0,0
ORD003914,2318,20/04/2023,4,Thursday,0,0
ORD005026,2350,17/05/2023,5,Wednesday,0,0
ORD005252,2355,26/05/2023,5,Friday,0,0
ORD005253,2355,08/07/2023,7,Saturday,0,0
ORD005253,2355,08/07/2023,7,Saturday,0,0
ORD005968,2367,30/07/2023,7,Sunday,0,0
ORD005962,2367,12/06/2023,6,Monday,0,0
ORD005963,2367,18/06/2023,6,Sunday,0,0
ORD033361,2979,27/06/2023,6,Tuesday,0,0
ORD033352,2979,20/04/2023,4,Thursday,0,0
ORD033361,2979,27/06/2023,6,Tuesday,0,0
ORD033357,2979,30/05/2023,5,Tuesday,0,0
ORD033357,2979,30/05/2023,5,Tuesday,0,0
ORD033357,2979,30/05/2023,5,Tuesday,0,0
ORD033367,2979,10/08/2023,8,Thursday,0,0
ORD033947,2996,05/07/2023,7,Wednesday,0,0
ORD033946,2996,10/06/2023,6,Saturday,0,0
ORD034914,3026,29/07/2023,7,Saturday,0,0
ORD034914,3026,29/07/2023,7,Saturday,0,0
ORD034913,3026,25/04/2023,4,Tuesday,0,0
ORD034913,3026,25/04/2023,4,Tuesday,0,0
ORD034913,3026,25/04/2023,4,Tuesday,0,0
ORD035216,3037,05/05/2023,5,Friday,0,0
ORD035223,3037,24/07/2023,7,Monday,0,0
ORD035219,3037,03/06/2023,6,Saturday,0,0
ORD035216,3037,05/05/2023,5,Friday,0,0
ORD035223,3037,24/07/2023,7,Monday,0,0
ORD035213,3037,19/04/2023,4,Wednesday,0,0
ORD035223,3037,24/07/2023,7,Monday,0,0
ORD035214,3037,28/04/2023,4,Friday,0,0
ORD035218,3037,29/05/2023,5,Monday,0,0
ORD028165,2849,29/05/2023,5,Monday,0,0
ORD029201,2873,26/07/2023,7,Wednesday,0,0
ORD029383,2877,14/04/2023,4,Friday,0,0
ORD029383,2877,14/04/2023,4,Friday,0,0
ORD029383,2877,14/04/2023,4,Friday,0,0
ORD029383,2877,14/04/2023,4,Friday,0,0
ORD029588,2882,02/08/2023,8,Wednesday,0,0
ORD030099,2894,04/06/2023,6,Sunday,0,0
ORD030099,2894,04/06/2023,6,Sunday,0,0
ORD030099,2894,04/06/2023,6,Sunday,0,0
ORD030099,2894,04/06/2023,6,Sunday,0,0
ORD030099,2894,04/06/2023,6,Sunday,0,0
ORD030099,2894,04/06/2023,6,Sunday,0,0
ORD030976,2918,12/12/2023,12,Tuesday,0,0
ORD031485,2932,28/07/2023,7,Friday,0,0
ORD032340,2953,07/08/2023,8,Monday,0,0
ORD032333,2953,13/07/2023,7,Thursday,0,0
ORD032333,2953,13/07/2023,7,Thursday,0,0
ORD005967,2367,20/07/2023,7,Thursday,0,0
ORD005968,2367,30/07/2023,7,Sunday,0,0
ORD005967,2367,20/07/2023,7,Thursday,0,0
ORD006094,2369,05/08/2023,8,Saturday,0,0
ORD009849,2432,04/07/2023,7,Tuesday,0,0
ORD009850,2432,29/07/2023,7,Saturday,0,0
ORD009848,2432,26/06/2023,6,Monday,0,0
ORD009849,2432,04/07/2023,7,Tuesday,0,0
ORD009848,2432,26/06/2023,6,Monday,0,0
ORD010809,2448,07/07/2023,7,Friday,0,0
ORD018707,2620,16/04/2023,4,Sunday,0,0
ORD019602,2640,27/06/2023,6,Tuesday,0,0
ORD019602,2640,27/06/2023,6,Tuesday,0,0
ORD020767,2669,19/05/2023,5,Friday,0,0
ORD020767,2669,19/05/2023,5,Friday,0,0
ORD020772,2669,12/08/2023,8,Saturday,0,0
ORD020772,2669,12/08/2023,8,Saturday,0,0
ORD020769,2669,09/06/2023,6,Friday,0,0
ORD020769,2669,09/06/2023,6,Friday,0,0
ORD020769,2669,09/06/2023,6,Friday,0,0
ORD020769,2669,09/06/2023,6,Friday,0,0
ORD036009,3063,17/06/2023,6,Saturday,0,0
ORD036009,3063,17/06/2023,6,Saturday,0,0
ORD036011,3063,08/07/2023,7,Saturday,0,0
ORD036012,3063,13/07/2023,7,Thursday,0,0
ORD036009,3063,17/06/2023,6,Saturday,0,0
ORD036004,3063,20/04/2023,4,Thursday,0,0
ORD036005,3063,29/04/2023,4,Saturday,0,0
ORD036005,3063,29/04/2023,4,Saturday,0,0
ORD036013,3063,12/08/2023,8,Saturday,0,0
ORD036012,3063,13/07/2023,7,Thursday,0,0
ORD036005,3063,29/04/2023,4,Saturday,0,0
ORD036007,3063,22/05/2023,5,Monday,0,0
ORD036004,3063,20/04/2023,4,Thursday,0,0
ORD036007,3063,22/05/2023,5,Monday,0,0
ORD036011,3063,08/07/2023,7,Saturday,0,0
ORD036007,3063,22/05/2023,5,Monday,0,0
ORD036013,3063,12/08/2023,8,Saturday,0,0
ORD036011,3063,08/07/2023,7,Saturday,0,0
ORD036209,3070,11/12/2023,12,Monday,0,0
ORD036209,3070,11/12/2023,12,Monday,0,0
ORD036209,3070,11/12/2023,12,Monday,0,0
ORD037140,3104,19/06/2023,6,Monday,0,0
ORD037140,3104,19/06/2023,6,Monday,0,0
ORD037139,3104,19/05/2023,5,Friday,0,0
ORD037140,3104,19/06/2023,6,Monday,0,0
ORD039075,3170,14/06/2023,6,Wednesday,0,0
ORD039720,3193,02/05/2023,5,Tuesday,0,0
ORD039722,3193,05/06/2023,6,Monday,0,0
ORD039723,3193,15/06/2023,6,Thursday,0,0
ORD039723,3193,15/06/2023,6,Thursday,0,0
ORD039723,3193,15/06/2023,6,Thursday,0,0
ORD039719,3193,19/04/2023,4,Wednesday,0,0
ORD039719,3193,19/04/2023,4,Wednesday,0,0
ORD039719,3193,19/04/2023,4,Wednesday,0,0
ORD039721,3193,22/05/2023,5,Monday,0,0
ORD039944,3203,26/05/2023,5,Friday,0,0
ORD039945,3203,23/06/2023,6,Friday,0,0
ORD033366,2979,31/07/2023,7,Monday,0,0
ORD033367,2979,10/08/2023,8,Thursday,0,0
ORD033366,2979,31/07/2023,7,Monday,0,0
ORD033361,2979,27/06/2023,6,Tuesday,0,0
ORD033366,2979,31/07/2023,7,Monday,0,0
ORD033352,2979,20/04/2023,4,Thursday,0,0
ORD033353,2979,03/05/2023,5,Wednesday,0,0
ORD033362,2979,05/07/2023,7,Wednesday,0,0
ORD033361,2979,27/06/2023,6,Tuesday,0,0
ORD034678,3019,13/12/2023,12,Wednesday,0,0
ORD034677,3019,11/12/2023,12,Monday,0,0
ORD034913,3026,25/04/2023,4,Tuesday,0,0
ORD034914,3026,29/07/2023,7,Saturday,0,0
ORD035222,3037,26/06/2023,6,Monday,0,0
ORD035213,3037,19/04/2023,4,Wednesday,0,0
ORD035222,3037,26/06/2023,6,Monday,0,0
ORD035222,3037,26/06/2023,6,Monday,0,0
ORD035222,3037,26/06/2023,6,Monday,0,0
ORD035216,3037,05/05/2023,5,Friday,0,0
ORD036007,3063,22/05/2023,5,Monday,0,0
ORD036005,3063,29/04/2023,4,Saturday,0,0
ORD036011,3063,08/07/2023,7,Saturday,0,0
ORD036009,3063,17/06/2023,6,Saturday,0,0
ORD036013,3063,12/08/2023,8,Saturday,0,0
ORD036013,3063,12/08/2023,8,Saturday,0,0
ORD036007,3063,22/05/2023,5,Monday,0,0
ORD036013,3063,12/08/2023,8,Saturday,0,0
ORD036012,3063,13/07/2023,7,Thursday,0,0
ORD036005,3063,29/04/2023,4,Saturday,0,0
ORD036013,3063,12/08/2023,8,Saturday,0,0
ORD036007,3063,22/05/2023,5,Monday,0,0
ORD036012,3063,13/07/2023,7,Thursday,0,0
ORD036007,3063,22/05/2023,5,Monday,0,0
ORD036004,3063,20/04/2023,4,Thursday,0,0
ORD036013,3063,12/08/2023,8,Saturday,0,0
ORD036004,3063,20/04/2023,4,Thursday,0,0
ORD036005,3063,29/04/2023,4,Saturday,0,0
ORD036010,3063,02/07/2023,7,Sunday,0,0
ORD036004,3063,20/04/2023,4,Thursday,0,0
ORD036004,3063,20/04/2023,4,Thursday,0,0
ORD032328,2953,05/06/2023,6,Monday,0,0
ORD032328,2953,05/06/2023,6,Monday,0,0
ORD032333,2953,13/07/2023,7,Thursday,0,0
ORD032328,2953,05/06/2023,6,Monday,0,0
ORD032338,2953,26/07/2023,7,Wednesday,0,0
ORD032325,2953,09/05/2023,5,Tuesday,0,0
ORD032334,2953,21/07/2023,7,Friday,0,0
ORD032331,2953,27/06/2023,6,Tuesday,0,0
ORD032331,2953,27/06/2023,6,Tuesday,0,0
ORD032340,2953,07/08/2023,8,Monday,0,0
ORD032328,2953,05/06/2023,6,Monday,0,0
ORD032333,2953,13/07/2023,7,Thursday,0,0
ORD032330,2953,17/06/2023,6,Saturday,0,0
ORD032330,2953,17/06/2023,6,Saturday,0,0
ORD032340,2953,07/08/2023,8,Monday,0,0
ORD032517,2958,28/06/2023,6,Wednesday,0,0
ORD032838,2966,30/04/2023,4,Sunday,0,0
ORD032838,2966,30/04/2023,4,Sunday,0,0
ORD033352,2979,20/04/2023,4,Thursday,0,0
ORD033366,2979,31/07/2023,7,Monday,0,0
ORD033361,2979,27/06/2023,6,Tuesday,0,0
ORD033352,2979,20/04/2023,4,Thursday,0,0
ORD036007,3063,22/05/2023,5,Monday,0,0
ORD036005,3063,29/04/2023,4,Saturday,0,0
ORD036013,3063,12/08/2023,8,Saturday,0,0
ORD037140,3104,19/06/2023,6,Monday,0,0
ORD037140,3104,19/06/2023,6,Monday,0,0
ORD037141,3104,27/06/2023,6,Tuesday,0,0
ORD037228,3107,18/04/2023,4,Tuesday,0,0
ORD039076,3170,20/06/2023,6,Tuesday,0,0
ORD039076,3170,20/06/2023,6,Tuesday,0,0
ORD039068,3170,10/05/2023,5,Wednesday,0,0
ORD039278,3176,03/08/2023,8,Thursday,0,0
ORD039719,3193,19/04/2023,4,Wednesday,0,0
ORD039719,3193,19/04/2023,4,Wednesday,0,0
ORD039719,3193,19/04/2023,4,Wednesday,0,0
ORD039720,3193,02/05/2023,5,Tuesday,0,0
ORD039723,3193,15/06/2023,6,Thursday,0,0
ORD020767,2669,19/05/2023,5,Friday,0,0
ORD020772,2669,12/08/2023,8,Saturday,0,0
ORD021354,2685,02/07/2023,7,Sunday,0,0
ORD022548,2718,12/12/2023,12,Tuesday,0,0
ORD024185,2762,27/07/2023,7,Thursday,0,0
ORD024185,2762,27/07/2023,7,Thursday,0,0
ORD025705,2795,16/07/2023,7,Sunday,0,0
ORD025702,2795,06/06/2023,6,Tuesday,0,0
ORD025706,2795,17/07/2023,7,Monday,0,0
ORD025703,2795,15/06/2023,6,Thursday,0,0
ORD025944,2800,04/05/2023,5,Thursday,0,0
ORD025944,2800,04/05/2023,5,Thursday,0,0
ORD025944,2800,04/05/2023,5,Thursday,0,0
ORD026066,2802,18/06/2023,6,Sunday,0,0
ORD026066,2802,18/06/2023,6,Sunday,0,0
ORD026066,2802,18/06/2023,6,Sunday,0,0
ORD026227,2805,11/07/2023,7,Tuesday,0,0
ORD026519,2813,22/05/2023,5,Monday,0,0
ORD040168,3211,10/05/2023,5,Wednesday,0,0
ORD040168,3211,10/05/2023,5,Wednesday,0,0
ORD040363,3220,25/06/2023,6,Sunday,0,0
ORD040761,3235,12/07/2023,7,Wednesday,0,0
ORD040761,3235,12/07/2023,7,Wednesday,0,0
ORD040761,3235,12/07/2023,7,Wednesday,0,0
ORD040826,3237,26/06/2023,6,Monday,0,0
ORD040828,3237,11/08/2023,8,Friday,0,0
ORD040828,3237,11/08/2023,8,Friday,0,0
ORD040824,3237,13/05/2023,5,Saturday,0,0
ORD040825,3237,25/05/2023,5,Thursday,0,0
ORD040824,3237,13/05/2023,5,Saturday,0,0
ORD040821,3237,19/04/2023,4,Wednesday,0,0
ORD040827,3237,05/08/2023,8,Saturday,0,0
ORD040823,3237,02/05/2023,5,Tuesday,0,0
ORD040822,3237,21/04/2023,4,Friday,0,0
ORD040826,3237,26/06/2023,6,Monday,0,0
ORD040828,3237,11/08/2023,8,Friday,0,0
ORD040828,3237,11/08/2023,8,Friday,0,0
ORD040826,3237,26/06/2023,6,Monday,0,0
ORD040824,3237,13/05/2023,5,Saturday,0,0
ORD040828,3237,11/08/2023,8,Friday,0,0
ORD040824,3237,13/05/2023,5,Saturday,0,0
ORD040826,3237,26/06/2023,6,Monday,0,0
ORD041446,3266,07/08/2023,8,Monday,0,0
ORD041443,3266,17/07/2023,7,Monday,0,0
ORD041445,3266,03/08/2023,8,Thursday,0,0
ORD041445,3266,03/08/2023,8,Thursday,0,0
ORD041443,3266,17/07/2023,7,Monday,0,0
ORD041446,3266,07/08/2023,8,Monday,0,0
ORD041443,3266,17/07/2023,7,Monday,0,0
ORD042741,3322,04/05/2023,5,Thursday,0,0
ORD042744,3322,21/07/2023,7,Friday,0,0
ORD042741,3322,04/05/2023,5,Thursday,0,0
ORD043515,3357,13/05/2023,5,Saturday,0,0
ORD043520,3357,24/07/2023,7,Monday,0,0
ORD043517,3357,05/06/2023,6,Monday,0,0
ORD043522,3357,04/08/2023,8,Friday,0,0
ORD043516,3357,20/05/2023,5,Saturday,0,0
ORD043518,3357,19/07/2023,7,Wednesday,0,0
ORD043514,3357,15/04/2023,4,Saturday,0,0
ORD043519,3357,20/07/2023,7,Thursday,0,0
ORD043521,3357,29/07/2023,7,Saturday,0,0
ORD043519,3357,20/07/2023,7,Thursday,0,0
ORD033367,2979,10/08/2023,8,Thursday,0,0
ORD033350,2979,17/04/2023,4,Monday,0,0
ORD033357,2979,30/05/2023,5,Tuesday,0,0
ORD033354,2979,11/05/2023,5,Thursday,0,0
ORD033367,2979,10/08/2023,8,Thursday,0,0
ORD033366,2979,31/07/2023,7,Monday,0,0
ORD033947,2996,05/07/2023,7,Wednesday,0,0
ORD033945,2996,03/06/2023,6,Saturday,0,0
ORD033945,2996,03/06/2023,6,Saturday,0,0
ORD033946,2996,10/06/2023,6,Saturday,0,0
ORD034914,3026,29/07/2023,7,Saturday,0,0
ORD035213,3037,19/04/2023,4,Wednesday,0,0
ORD035223,3037,24/07/2023,7,Monday,0,0
ORD035223,3037,24/07/2023,7,Monday,0,0
ORD035214,3037,28/04/2023,4,Friday,0,0
ORD035222,3037,26/06/2023,6,Monday,0,0
ORD035213,3037,19/04/2023,4,Wednesday,0,0
ORD035213,3037,19/04/2023,4,Wednesday,0,0
ORD035218,3037,29/05/2023,5,Monday,0,0
ORD035222,3037,26/06/2023,6,Monday,0,0
ORD043521,3357,29/07/2023,7,Saturday,0,0
ORD043519,3357,20/07/2023,7,Thursday,0,0
ORD043518,3357,19/07/2023,7,Wednesday,0,0
ORD044505,3405,25/05/2023,5,Thursday,0,0
ORD044508,3405,29/07/2023,7,Saturday,0,0
ORD044536,3406,07/06/2023,6,Wednesday,0,0
ORD044538,3406,05/08/2023,8,Saturday,0,0
ORD044536,3406,07/06/2023,6,Wednesday,0,0
ORD044674,3414,29/04/2023,4,Saturday,0,0
ORD044812,3422,03/05/2023,5,Wednesday,0,0
ORD044813,3422,11/05/2023,5,Thursday,0,0
ORD044812,3422,03/05/2023,5,Wednesday,0,0
ORD044817,3422,27/06/2023,6,Tuesday,0,0
ORD044817,3422,27/06/2023,6,Tuesday,0,0
ORD005964,2367,28/06/2023,6,Wednesday,0,0
ORD005964,2367,28/06/2023,6,Wednesday,0,0
ORD005963,2367,18/06/2023,6,Sunday,0,0
ORD005968,2367,30/07/2023,7,Sunday,0,0
ORD005966,2367,10/07/2023,7,Monday,0,0
ORD005968,2367,30/07/2023,7,Sunday,0,0
ORD005968,2367,30/07/2023,7,Sunday,0,0
ORD005968,2367,30/07/2023,7,Sunday,0,0
ORD005965,2367,06/07/2023,7,Thursday,0,0
ORD005965,2367,06/07/2023,7,Thursday,0,0
ORD005962,2367,12/06/2023,6,Monday,0,0
ORD005965,2367,06/07/2023,7,Thursday,0,0
ORD005963,2367,18/06/2023,6,Sunday,0,0
ORD009846,2432,21/04/2023,4,Friday,0,0
ORD009849,2432,04/07/2023,7,Tuesday,0,0
ORD009849,2432,04/07/2023,7,Tuesday,0,0
ORD009849,2432,04/07/2023,7,Tuesday,0,0
ORD009846,2432,21/04/2023,4,Friday,0,0
ORD009849,2432,04/07/2023,7,Tuesday,0,0
ORD009845,2432,16/04/2023,4,Sunday,0,0
ORD015427,2542,13/08/2023,8,Sunday,0,0
ORD019602,2640,27/06/2023,6,Tuesday,0,0
ORD019602,2640,27/06/2023,6,Tuesday,0,0
ORD019602,2640,27/06/2023,6,Tuesday,0,0
ORD020772,2669,12/08/2023,8,Saturday,0,0
ORD044817,3422,27/06/2023,6,Tuesday,0,0
ORD044814,3422,24/05/2023,5,Wednesday,0,0
ORD044814,3422,24/05/2023,5,Wednesday,0,0
ORD046571,3522,16/04/2023,4,Sunday,0,0
ORD046571,3522,16/04/2023,4,Sunday,0,0
ORD046571,3522,16/04/2023,4,Sunday,0,0
ORD047110,3561,12/07/2023,7,Wednesday,0,0
ORD047384,3582,30/05/2023,5,Tuesday,0,0
ORD047412,3585,15/04/2023,4,Saturday,0,0
ORD047418,3585,18/07/2023,7,Tuesday,0,0
ORD047414,3585,31/05/2023,5,Wednesday,0,0
ORD047412,3585,15/04/2023,4,Saturday,0,0
ORD047419,3585,31/07/2023,7,Monday,0,0
ORD047418,3585,18/07/2023,7,Tuesday,0,0
ORD047420,3585,04/08/2023,8,Friday,0,0
ORD047745,3613,22/05/2023,5,Monday,0,0
ORD048315,3657,27/05/2023,5,Saturday,0,0
ORD049132,3717,03/07/2023,7,Monday,0,0
ORD049129,3717,10/06/2023,6,Saturday,0,0
ORD049128,3717,24/05/2023,5,Wednesday,0,0
ORD049132,3717,03/07/2023,7,Monday,0,0
ORD049128,3717,24/05/2023,5,Wednesday,0,0
ORD049128,3717,24/05/2023,5,Wednesday,0,0
ORD049129,3717,10/06/2023,6,Saturday,0,0
ORD049133,3717,06/07/2023,7,Thursday,0,0
ORD049126,3717,01/05/2023,5,Monday,0,0
ORD049218,3723,15/04/2023,4,Saturday,0,0
ORD049219,3723,20/07/2023,7,Thursday,0,0
ORD049644,3752,17/05/2023,5,Wednesday,0,0
ORD050154,3793,20/05/2023,5,Saturday,0,0
ORD050292,3802,08/08/2023,8,Tuesday,0,0
ORD050288,3802,28/06/2023,6,Wednesday,0,0
ORD050476,3817,28/06/2023,6,Wednesday,0,0
ORD050476,3817,28/06/2023,6,Wednesday,0,0
ORD050940,3858,14/06/2023,6,Wednesday,0,0
ORD050940,3858,14/06/2023,6,Wednesday,0,0
ORD050940,3858,14/06/2023,6,Wednesday,0,0
ORD050940,3858,14/06/2023,6,Wednesday,0,0
ORD051152,3881,05/08/2023,8,Saturday,0,0
ORD051150,3881,22/07/2023,7,Saturday,0,0
ORD051150,3881,22/07/2023,7,Saturday,0,0
ORD051150,3881,22/07/2023,7,Saturday,0,0
ORD027360,2831,02/07/2023,7,Sunday,0,0
ORD027908,2844,18/07/2023,7,Tuesday,0,0
ORD028163,2849,16/04/2023,4,Sunday,0,0
ORD028163,2849,16/04/2023,4,Sunday,0,0
ORD029383,2877,14/04/2023,4,Friday,0,0
ORD029383,2877,14/04/2023,4,Friday,0,0
ORD029383,2877,14/04/2023,4,Friday,0,0
ORD029587,2882,08/06/2023,6,Thursday,0,0
ORD030099,2894,04/06/2023,6,Sunday,0,0
ORD030099,2894,04/06/2023,6,Sunday,0,0
ORD030099,2894,04/06/2023,6,Sunday,0,0
ORD030911,2916,29/11/2023,11,Wednesday,0,0
ORD032090,2947,15/06/2023,6,Thursday,0,0
ORD039723,3193,15/06/2023,6,Thursday,0,0
ORD039723,3193,15/06/2023,6,Thursday,0,0
ORD039719,3193,19/04/2023,4,Wednesday,0,0
ORD039723,3193,15/06/2023,6,Thursday,0,0
ORD039723,3193,15/06/2023,6,Thursday,0,0
ORD039721,3193,22/05/2023,5,Monday,0,0
ORD039947,3203,11/07/2023,7,Tuesday,0,0
ORD039944,3203,26/05/2023,5,Friday,0,0
ORD040168,3211,10/05/2023,5,Wednesday,0,0
ORD040761,3235,12/07/2023,7,Wednesday,0,0
ORD040761,3235,12/07/2023,7,Wednesday,0,0
ORD040827,3237,05/08/2023,8,Saturday,0,0
ORD040828,3237,11/08/2023,8,Friday,0,0
ORD040828,3237,11/08/2023,8,Friday,0,0
ORD040824,3237,13/05/2023,5,Saturday,0,0
ORD040826,3237,26/06/2023,6,Monday,0,0
ORD040827,3237,05/08/2023,8,Saturday,0,0
ORD040821,3237,19/04/2023,4,Wednesday,0,0
ORD040822,3237,21/04/2023,4,Friday,0,0
ORD040826,3237,26/06/2023,6,Monday,0,0
ORD040828,3237,11/08/2023,8,Friday,0,0
ORD040824,3237,13/05/2023,5,Saturday,0,0
ORD035214,3037,28/04/2023,4,Friday,0,0
ORD035218,3037,29/05/2023,5,Monday,0,0
ORD035214,3037,28/04/2023,4,Friday,0,0
ORD035213,3037,19/04/2023,4,Wednesday,0,0
ORD035222,3037,26/06/2023,6,Monday,0,0
ORD035218,3037,29/05/2023,5,Monday,0,0
ORD035222,3037,26/06/2023,6,Monday,0,0
ORD035222,3037,26/06/2023,6,Monday,0,0
ORD035223,3037,24/07/2023,7,Monday,0,0
ORD035218,3037,29/05/2023,5,Monday,0,0
ORD035222,3037,26/06/2023,6,Monday,0,0
ORD036004,3063,20/04/2023,4,Thursday,0,0
ORD036013,3063,12/08/2023,8,Saturday,0,0
ORD036013,3063,12/08/2023,8,Saturday,0,0
ORD036013,3063,12/08/2023,8,Saturday,0,0
ORD026227,2805,11/07/2023,7,Tuesday,0,0
ORD026227,2805,11/07/2023,7,Tuesday,0,0
ORD026519,2813,22/05/2023,5,Monday,0,0
ORD027361,2831,07/07/2023,7,Friday,0,0
ORD028164,2849,15/05/2023,5,Monday,0,0
ORD029588,2882,02/08/2023,8,Wednesday,0,0
ORD029588,2882,02/08/2023,8,Wednesday,0,0
ORD029588,2882,02/08/2023,8,Wednesday,0,0
ORD029587,2882,08/06/2023,6,Thursday,0,0
ORD029588,2882,02/08/2023,8,Wednesday,0,0
ORD030099,2894,04/06/2023,6,Sunday,0,0
ORD031484,2932,28/06/2023,6,Wednesday,0,0
ORD032090,2947,15/06/2023,6,Thursday,0,0
ORD032328,2953,05/06/2023,6,Monday,0,0
ORD032328,2953,05/06/2023,6,Monday,0,0
ORD032340,2953,07/08/2023,8,Monday,0,0
ORD032332,2953,28/06/2023,6,Wednesday,0,0
ORD036006,3063,13/05/2023,5,Saturday,0,0
ORD036005,3063,29/04/2023,4,Saturday,0,0
ORD036006,3063,13/05/2023,5,Saturday,0,0
ORD036012,3063,13/07/2023,7,Thursday,0,0
ORD036007,3063,22/05/2023,5,Monday,0,0
ORD036004,3063,20/04/2023,4,Thursday,0,0
ORD036005,3063,29/04/2023,4,Saturday,0,0
ORD036013,3063,12/08/2023,8,Saturday,0,0
ORD036013,3063,12/08/2023,8,Saturday,0,0
ORD036005,3063,29/04/2023,4,Saturday,0,0
ORD036005,3063,29/04/2023,4,Saturday,0,0
ORD036009,3063,17/06/2023,6,Saturday,0,0
ORD036004,3063,20/04/2023,4,Thursday,0,0
ORD036004,3063,20/04/2023,4,Thursday,0,0
ORD036007,3063,22/05/2023,5,Monday,0,0
ORD036013,3063,12/08/2023,8,Saturday,0,0
ORD036009,3063,17/06/2023,6,Saturday,0,0
ORD037140,3104,19/06/2023,6,Monday,0,0
ORD037139,3104,19/05/2023,5,Friday,0,0
ORD037140,3104,19/06/2023,6,Monday,0,0
ORD037139,3104,19/05/2023,5,Friday,0,0
ORD037139,3104,19/05/2023,5,Friday,0,0
ORD037140,3104,19/06/2023,6,Monday,0,0
ORD039077,3170,12/07/2023,7,Wednesday,0,0
ORD039073,3170,25/05/2023,5,Thursday,0,0
ORD039072,3170,21/05/2023,5,Sunday,0,0
ORD039075,3170,14/06/2023,6,Wednesday,0,0
ORD039071,3170,20/05/2023,5,Saturday,0,0
ORD039071,3170,20/05/2023,5,Saturday,0,0
ORD039073,3170,25/05/2023,5,Thursday,0,0
ORD039076,3170,20/06/2023,6,Tuesday,0,0
ORD039723,3193,15/06/2023,6,Thursday,0,0
ORD039719,3193,19/04/2023,4,Wednesday,0,0
ORD039722,3193,05/06/2023,6,Monday,0,0
ORD039720,3193,02/05/2023,5,Tuesday,0,0
ORD051150,3881,22/07/2023,7,Saturday,0,0
ORD051239,3889,08/07/2023,7,Saturday,0,0
ORD051234,3889,07/05/2023,5,Sunday,0,0
ORD051233,3889,19/04/2023,4,Wednesday,0,0
ORD051242,3889,05/08/2023,8,Saturday,0,0
ORD051237,3889,21/05/2023,5,Sunday,0,0
ORD051235,3889,08/05/2023,5,Monday,0,0
ORD051239,3889,08/07/2023,7,Saturday,0,0
ORD051233,3889,19/04/2023,4,Wednesday,0,0
ORD051240,3889,11/07/2023,7,Tuesday,0,0
ORD051236,3889,20/05/2023,5,Saturday,0,0
ORD051290,3894,10/05/2023,5,Wednesday,0,0
ORD051290,3894,10/05/2023,5,Wednesday,0,0
ORD051290,3894,10/05/2023,5,Wednesday,0,0
ORD051301,3895,02/06/2023,6,Friday,0,0
ORD051304,3895,04/07/2023,7,Tuesday,0,0
ORD051301,3895,02/06/2023,6,Friday,0,0
ORD051303,3895,24/06/2023,6,Saturday,0,0
ORD051301,3895,02/06/2023,6,Friday,0,0
ORD051302,3895,16/06/2023,6,Friday,0,0
ORD051303,3895,24/06/2023,6,Saturday,0,0
ORD051301,3895,02/06/2023,6,Friday,0,0
ORD051453,3910,04/07/2023,7,Tuesday,0,0
ORD051547,3921,20/05/2023,5,Saturday,0,0
ORD040826,3237,26/06/2023,6,Monday,0,0
ORD040822,3237,21/04/2023,4,Friday,0,0
ORD040824,3237,13/05/2023,5,Saturday,0,0
ORD040826,3237,26/06/2023,6,Monday,0,0
ORD040826,3237,26/06/2023,6,Monday,0,0
ORD040825,3237,25/05/2023,5,Thursday,0,0
ORD040827,3237,05/08/2023,8,Saturday,0,0
ORD041445,3266,03/08/2023,8,Thursday,0,0
ORD041444,3266,24/07/2023,7,Monday,0,0
ORD041442,3266,01/06/2023,6,Thursday,0,0
ORD041443,3266,17/07/2023,7,Monday,0,0
ORD041443,3266,17/07/2023,7,Monday,0,0
ORD041443,3266,17/07/2023,7,Monday,0,0
ORD041443,3266,17/07/2023,7,Monday,0,0
ORD041443,3266,17/07/2023,7,Monday,0,0
ORD041443,3266,17/07/2023,7,Monday,0,0
ORD042741,3322,04/05/2023,5,Thursday,0,0
ORD042741,3322,04/05/2023,5,Thursday,0,0
ORD042744,3322,21/07/2023,7,Friday,0,0
ORD042742,3322,03/06/2023,6,Saturday,0,0
ORD043520,3357,24/07/2023,7,Monday,0,0
ORD043520,3357,24/07/2023,7,Monday,0,0
ORD043521,3357,29/07/2023,7,Saturday,0,0
ORD043515,3357,13/05/2023,5,Saturday,0,0
ORD051546,3921,19/04/2023,4,Wednesday,0,0
ORD051547,3921,20/05/2023,5,Saturday,0,0
ORD051547,3921,20/05/2023,5,Saturday,0,0
ORD051547,3921,20/05/2023,5,Saturday,0,0
ORD051548,3921,26/05/2023,5,Friday,0,0
ORD051547,3921,20/05/2023,5,Saturday,0,0
ORD051552,3921,11/08/2023,8,Friday,0,0
ORD051552,3921,11/08/2023,8,Friday,0,0
ORD051547,3921,20/05/2023,5,Saturday,0,0
ORD051547,3921,20/05/2023,5,Saturday,0,0
ORD051773,3947,01/06/2023,6,Thursday,0,0
ORD051771,3947,22/05/2023,5,Monday,0,0
ORD051773,3947,01/06/2023,6,Thursday,0,0
ORD052020,4034,13/07/2023,7,Thursday,0,0
ORD052020,4034,13/07/2023,7,Thursday,0,0
ORD052020,4034,13/07/2023,7,Thursday,0,0
ORD052021,4038,17/04/2023,4,Monday,0,0
ORD052022,4050,21/04/2023,4,Friday,0,0
ORD035222,3037,26/06/2023,6,Monday,0,0
ORD036006,3063,13/05/2023,5,Saturday,0,0
ORD036009,3063,17/06/2023,6,Saturday,0,0
ORD036013,3063,12/08/2023,8,Saturday,0,0
ORD036005,3063,29/04/2023,4,Saturday,0,0
ORD036006,3063,13/05/2023,5,Saturday,0,0
ORD036011,3063,08/07/2023,7,Saturday,0,0
ORD036010,3063,02/07/2023,7,Sunday,0,0
ORD036010,3063,02/07/2023,7,Sunday,0,0
ORD036007,3063,22/05/2023,5,Monday,0,0
ORD036006,3063,13/05/2023,5,Saturday,0,0
ORD036007,3063,22/05/2023,5,Monday,0,0
ORD036006,3063,13/05/2023,5,Saturday,0,0
ORD039722,3193,05/06/2023,6,Monday,0,0
ORD039722,3193,05/06/2023,6,Monday,0,0
ORD039721,3193,22/05/2023,5,Monday,0,0
ORD039720,3193,02/05/2023,5,Tuesday,0,0
ORD039723,3193,15/06/2023,6,Thursday,0,0
ORD039723,3193,15/06/2023,6,Thursday,0,0
ORD039947,3203,11/07/2023,7,Tuesday,0,0
ORD039947,3203,11/07/2023,7,Tuesday,0,0
ORD039946,3203,28/06/2023,6,Wednesday,0,0
ORD039944,3203,26/05/2023,5,Friday,0,0
ORD040168,3211,10/05/2023,5,Wednesday,0,0
ORD040169,3211,30/07/2023,7,Sunday,0,0
ORD040363,3220,25/06/2023,6,Sunday,0,0
ORD040362,3220,11/06/2023,6,Sunday,0,0
ORD040363,3220,25/06/2023,6,Sunday,0,0
ORD040761,3235,12/07/2023,7,Wednesday,0,0
ORD040761,3235,12/07/2023,7,Wednesday,0,0
ORD040821,3237,19/04/2023,4,Wednesday,0,0
ORD040827,3237,05/08/2023,8,Saturday,0,0
ORD040821,3237,19/04/2023,4,Wednesday,0,0
ORD040822,3237,21/04/2023,4,Friday,0,0
ORD040824,3237,13/05/2023,5,Saturday,0,0
ORD040826,3237,26/06/2023,6,Monday,0,0
ORD040824,3237,13/05/2023,5,Saturday,0,0
ORD040826,3237,26/06/2023,6,Monday,0,0
ORD040824,3237,13/05/2023,5,Saturday,0,0
ORD040824,3237,13/05/2023,5,Saturday,0,0
ORD040827,3237,05/08/2023,8,Saturday,0,0
ORD040824,3237,13/05/2023,5,Saturday,0,0
ORD040824,3237,13/05/2023,5,Saturday,0,0
ORD040826,3237,26/06/2023,6,Monday,0,0
ORD040828,3237,11/08/2023,8,Friday,0,0
ORD040821,3237,19/04/2023,4,Wednesday,0,0
ORD040824,3237,13/05/2023,5,Saturday,0,0
ORD040825,3237,25/05/2023,5,Thursday,0,0
ORD040826,3237,26/06/2023,6,Monday,0,0
ORD041043,3248,14/04/2023,4,Friday,0,0
ORD041235,3256,28/05/2023,5,Sunday,0,0
ORD041446,3266,07/08/2023,8,Monday,0,0
ORD041446,3266,07/08/2023,8,Monday,0,0
ORD041443,3266,17/07/2023,7,Monday,0,0
ORD041443,3266,17/07/2023,7,Monday,0,0
ORD041446,3266,07/08/2023,8,Monday,0,0
ORD042103,3293,17/07/2023,7,Monday,0,0
ORD032332,2953,28/06/2023,6,Wednesday,0,0
ORD032340,2953,07/08/2023,8,Monday,0,0
ORD032333,2953,13/07/2023,7,Thursday,0,0
ORD032340,2953,07/08/2023,8,Monday,0,0
ORD032328,2953,05/06/2023,6,Monday,0,0
ORD032333,2953,13/07/2023,7,Thursday,0,0
ORD032325,2953,09/05/2023,5,Tuesday,0,0
ORD032328,2953,05/06/2023,6,Monday,0,0
ORD032328,2953,05/06/2023,6,Monday,0,0
ORD032336,2953,24/07/2023,7,Monday,0,0
ORD032326,2953,23/05/2023,5,Tuesday,0,0
ORD032328,2953,05/06/2023,6,Monday,0,0
ORD032336,2953,24/07/2023,7,Monday,0,0
ORD032340,2953,07/08/2023,8,Monday,0,0
ORD032325,2953,09/05/2023,5,Tuesday,0,0
ORD032340,2953,07/08/2023,8,Monday,0,0
ORD032333,2953,13/07/2023,7,Thursday,0,0
ORD032333,2953,13/07/2023,7,Thursday,0,0
ORD032340,2953,07/08/2023,8,Monday,0,0
ORD032328,2953,05/06/2023,6,Monday,0,0
ORD032330,2953,17/06/2023,6,Saturday,0,0
ORD032333,2953,13/07/2023,7,Thursday,0,0
ORD032325,2953,09/05/2023,5,Tuesday,0,0
ORD032517,2958,28/06/2023,6,Wednesday,0,0
ORD020769,2669,09/06/2023,6,Friday,0,0
ORD020767,2669,19/05/2023,5,Friday,0,0
ORD020769,2669,09/06/2023,6,Friday,0,0
ORD020767,2669,19/05/2023,5,Friday,0,0
ORD021439,2687,18/04/2023,4,Tuesday,0,0
ORD021439,2687,18/04/2023,4,Tuesday,0,0
ORD021926,2699,07/07/2023,7,Friday,0,0
ORD022548,2718,12/12/2023,12,Tuesday,0,0
ORD024181,2762,02/06/2023,6,Friday,0,0
ORD024182,2762,25/06/2023,6,Sunday,0,0
ORD024182,2762,25/06/2023,6,Sunday,0,0
ORD025703,2795,15/06/2023,6,Thursday,0,0
ORD025946,2800,03/06/2023,6,Saturday,0,0
ORD025948,2800,04/08/2023,8,Friday,0,0
ORD025944,2800,04/05/2023,5,Thursday,0,0
ORD025946,2800,03/06/2023,6,Saturday,0,0
ORD032517,2958,28/06/2023,6,Wednesday,0,0
ORD032517,2958,28/06/2023,6,Wednesday,0,0
ORD032517,2958,28/06/2023,6,Wednesday,0,0
ORD032517,2958,28/06/2023,6,Wednesday,0,0
ORD032517,2958,28/06/2023,6,Wednesday,0,0
ORD032838,2966,30/04/2023,4,Sunday,0,0
ORD033349,2979,14/04/2023,4,Friday,0,0
ORD033361,2979,27/06/2023,6,Tuesday,0,0
ORD033353,2979,03/05/2023,5,Wednesday,0,0
ORD033367,2979,10/08/2023,8,Thursday,0,0
ORD033351,2979,18/04/2023,4,Tuesday,0,0
ORD033358,2979,13/06/2023,6,Tuesday,0,0
ORD033349,2979,14/04/2023,4,Friday,0,0
ORD033351,2979,18/04/2023,4,Tuesday,0,0
ORD033359,2979,17/06/2023,6,Saturday,0,0
ORD033362,2979,05/07/2023,7,Wednesday,0,0
ORD033945,2996,03/06/2023,6,Saturday,0,0
ORD033945,2996,03/06/2023,6,Saturday,0,0
ORD034677,3019,11/12/2023,12,Monday,0,0
ORD034678,3019,13/12/2023,12,Wednesday,0,0
ORD043515,3357,13/05/2023,5,Saturday,0,0
ORD043520,3357,24/07/2023,7,Monday,0,0
ORD043520,3357,24/07/2023,7,Monday,0,0
ORD043515,3357,13/05/2023,5,Saturday,0,0
ORD043516,3357,20/05/2023,5,Saturday,0,0
ORD043519,3357,20/07/2023,7,Thursday,0,0
ORD043519,3357,20/07/2023,7,Thursday,0,0
ORD043519,3357,20/07/2023,7,Thursday,0,0
ORD044504,3405,13/04/2023,4,Thursday,0,0
ORD044505,3405,25/05/2023,5,Thursday,0,0
ORD044507,3405,19/07/2023,7,Wednesday,0,0
ORD044536,3406,07/06/2023,6,Wednesday,0,0
ORD044533,3406,10/05/2023,5,Wednesday,0,0
ORD044814,3422,24/05/2023,5,Wednesday,0,0
ORD044812,3422,03/05/2023,5,Wednesday,0,0
ORD044812,3422,03/05/2023,5,Wednesday,0,0
ORD044815,3422,14/06/2023,6,Wednesday,0,0
ORD044815,3422,14/06/2023,6,Wednesday,0,0
ORD044815,3422,14/06/2023,6,Wednesday,0,0
ORD044813,3422,11/05/2023,5,Thursday,0,0
ORD044813,3422,11/05/2023,5,Thursday,0,0
ORD044815,3422,14/06/2023,6,Wednesday,0,0
ORD044813,3422,11/05/2023,5,Thursday,0,0
ORD044812,3422,03/05/2023,5,Wednesday,0,0
ORD044814,3422,24/05/2023,5,Wednesday,0,0
ORD044813,3422,11/05/2023,5,Thursday,0,0
ORD044814,3422,24/05/2023,5,Wednesday,0,0
ORD044814,3422,24/05/2023,5,Wednesday,0,0
ORD044812,3422,03/05/2023,5,Wednesday,0,0
ORD044812,3422,03/05/2023,5,Wednesday,0,0
ORD044815,3422,14/06/2023,6,Wednesday,0,0
ORD045170,3442,23/05/2023,5,Tuesday,0,0
ORD046571,3522,16/04/2023,4,Sunday,0,0
ORD046571,3522,16/04/2023,4,Sunday,0,0
ORD046571,3522,16/04/2023,4,Sunday,0,0
ORD047110,3561,12/07/2023,7,Wednesday,0,0
ORD047418,3585,18/07/2023,7,Tuesday,0,0
ORD047412,3585,15/04/2023,4,Saturday,0,0
ORD047418,3585,18/07/2023,7,Tuesday,0,0
ORD042103,3293,17/07/2023,7,Monday,0,0
ORD042744,3322,21/07/2023,7,Friday,0,0
ORD042744,3322,21/07/2023,7,Friday,0,0
ORD042743,3322,16/06/2023,6,Friday,0,0
ORD042741,3322,04/05/2023,5,Thursday,0,0
ORD042743,3322,16/06/2023,6,Friday,0,0
ORD042740,3322,29/04/2023,4,Saturday,0,0
ORD043520,3357,24/07/2023,7,Monday,0,0
ORD043516,3357,20/05/2023,5,Saturday,0,0
ORD043519,3357,20/07/2023,7,Thursday,0,0
ORD043521,3357,29/07/2023,7,Saturday,0,0
ORD043520,3357,24/07/2023,7,Monday,0,0
ORD043518,3357,19/07/2023,7,Wednesday,0,0
ORD043520,3357,24/07/2023,7,Monday,0,0
ORD043522,3357,04/08/2023,8,Friday,0,0
ORD043521,3357,29/07/2023,7,Saturday,0,0
ORD043521,3357,29/07/2023,7,Saturday,0,0
ORD044538,3406,05/08/2023,8,Saturday,0,0
ORD044534,3406,13/05/2023,5,Saturday,0,0
ORD032332,2953,28/06/2023,6,Wednesday,0,0
ORD032340,2953,07/08/2023,8,Monday,0,0
ORD032325,2953,09/05/2023,5,Tuesday,0,0
ORD032326,2953,23/05/2023,5,Tuesday,0,0
ORD032338,2953,26/07/2023,7,Wednesday,0,0
ORD032328,2953,05/06/2023,6,Monday,0,0
ORD032338,2953,26/07/2023,7,Wednesday,0,0
ORD032338,2953,26/07/2023,7,Wednesday,0,0
ORD032332,2953,28/06/2023,6,Wednesday,0,0
ORD032336,2953,24/07/2023,7,Monday,0,0
ORD032340,2953,07/08/2023,8,Monday,0,0
ORD032333,2953,13/07/2023,7,Thursday,0,0
ORD032325,2953,09/05/2023,5,Tuesday,0,0
ORD032517,2958,28/06/2023,6,Wednesday,0,0
ORD032893,2967,13/06/2023,6,Tuesday,0,0
ORD033361,2979,27/06/2023,6,Tuesday,0,0
ORD033361,2979,27/06/2023,6,Tuesday,0,0
ORD033362,2979,05/07/2023,7,Wednesday,0,0
ORD033359,2979,17/06/2023,6,Saturday,0,0
ORD033363,2979,10/07/2023,7,Monday,0,0
ORD033349,2979,14/04/2023,4,Friday,0,0
ORD033356,2979,14/05/2023,5,Sunday,0,0
ORD033352,2979,20/04/2023,4,Thursday,0,0
ORD044534,3406,13/05/2023,5,Saturday,0,0
ORD044534,3406,13/05/2023,5,Saturday,0,0
ORD044534,3406,13/05/2023,5,Saturday,0,0
ORD044538,3406,05/08/2023,8,Saturday,0,0
ORD044538,3406,05/08/2023,8,Saturday,0,0
ORD044532,3406,04/05/2023,5,Thursday,0,0
ORD044538,3406,05/08/2023,8,Saturday,0,0
ORD044817,3422,27/06/2023,6,Tuesday,0,0
ORD044814,3422,24/05/2023,5,Wednesday,0,0
ORD044817,3422,27/06/2023,6,Tuesday,0,0
ORD044815,3422,14/06/2023,6,Wednesday,0,0
ORD044813,3422,11/05/2023,5,Thursday,0,0
ORD044815,3422,14/06/2023,6,Wednesday,0,0
ORD044812,3422,03/05/2023,5,Wednesday,0,0
ORD044813,3422,11/05/2023,5,Thursday,0,0
ORD025946,2800,03/06/2023,6,Saturday,0,0
ORD026066,2802,18/06/2023,6,Sunday,0,0
ORD026066,2802,18/06/2023,6,Sunday,0,0
ORD026227,2805,11/07/2023,7,Tuesday,0,0
ORD026227,2805,11/07/2023,7,Tuesday,0,0
ORD026227,2805,11/07/2023,7,Tuesday,0,0
ORD026519,2813,22/05/2023,5,Monday,0,0
ORD027447,2834,23/06/2023,6,Friday,0,0
ORD027908,2844,18/07/2023,7,Tuesday,0,0
ORD027908,2844,18/07/2023,7,Tuesday,0,0
ORD033366,2979,31/07/2023,7,Monday,0,0
ORD033360,2979,19/06/2023,6,Monday,0,0
ORD033359,2979,17/06/2023,6,Saturday,0,0
ORD033366,2979,31/07/2023,7,Monday,0,0
ORD033366,2979,31/07/2023,7,Monday,0,0
ORD033946,2996,10/06/2023,6,Saturday,0,0
ORD034914,3026,29/07/2023,7,Saturday,0,0
ORD034913,3026,25/04/2023,4,Tuesday,0,0
ORD034914,3026,29/07/2023,7,Saturday,0,0
ORD034913,3026,25/04/2023,4,Tuesday,0,0
ORD034914,3026,29/07/2023,7,Saturday,0,0
ORD035222,3037,26/06/2023,6,Monday,0,0
ORD035222,3037,26/06/2023,6,Monday,0,0
ORD035218,3037,29/05/2023,5,Monday,0,0
ORD035222,3037,26/06/2023,6,Monday,0,0
ORD035213,3037,19/04/2023,4,Wednesday,0,0
ORD035214,3037,28/04/2023,4,Friday,0,0
ORD035222,3037,26/06/2023,6,Monday,0,0
ORD035222,3037,26/06/2023,6,Monday,0,0
ORD035218,3037,29/05/2023,5,Monday,0,0
ORD035218,3037,29/05/2023,5,Monday,0,0
ORD035222,3037,26/06/2023,6,Monday,0,0
ORD035223,3037,24/07/2023,7,Monday,0,0
ORD035222,3037,26/06/2023,6,Monday,0,0
ORD027908,2844,18/07/2023,7,Tuesday,0,0
ORD028165,2849,29/05/2023,5,Monday,0,0
ORD028167,2849,05/08/2023,8,Saturday,0,0
ORD029201,2873,26/07/2023,7,Wednesday,0,0
ORD029383,2877,14/04/2023,4,Friday,0,0
ORD029587,2882,08/06/2023,6,Thursday,0,0
ORD030099,2894,04/06/2023,6,Sunday,0,0
ORD030099,2894,04/06/2023,6,Sunday,0,0
ORD030099,2894,04/06/2023,6,Sunday,0,0
ORD030099,2894,04/06/2023,6,Sunday,0,0
ORD030099,2894,04/06/2023,6,Sunday,0,0
ORD030099,2894,04/06/2023,6,Sunday,0,0
ORD030099,2894,04/06/2023,6,Sunday,0,0
ORD030099,2894,04/06/2023,6,Sunday,0,0
ORD030976,2918,12/12/2023,12,Tuesday,0,0
ORD031486,2932,04/08/2023,8,Friday,0,0
ORD032325,2953,09/05/2023,5,Tuesday,0,0
ORD032325,2953,09/05/2023,5,Tuesday,0,0
ORD032333,2953,13/07/2023,7,Thursday,0,0
ORD032340,2953,07/08/2023,8,Monday,0,0
ORD032332,2953,28/06/2023,6,Wednesday,0,0
ORD032338,2953,26/07/2023,7,Wednesday,0,0
ORD032338,2953,26/07/2023,7,Wednesday,0,0
ORD035218,3037,29/05/2023,5,Monday,0,0
ORD035223,3037,24/07/2023,7,Monday,0,0
ORD035222,3037,26/06/2023,6,Monday,0,0
ORD036007,3063,22/05/2023,5,Monday,0,0
ORD036005,3063,29/04/2023,4,Saturday,0,0
ORD036009,3063,17/06/2023,6,Saturday,0,0
ORD036004,3063,20/04/2023,4,Thursday,0,0
ORD036006,3063,13/05/2023,5,Saturday,0,0
ORD036012,3063,13/07/2023,7,Thursday,0,0
ORD036012,3063,13/07/2023,7,Thursday,0,0
ORD036004,3063,20/04/2023,4,Thursday,0,0
ORD036006,3063,13/05/2023,5,Saturday,0,0
ORD036005,3063,29/04/2023,4,Saturday,0,0
ORD036005,3063,29/04/2023,4,Saturday,0,0
ORD036009,3063,17/06/2023,6,Saturday,0,0
ORD037141,3104,27/06/2023,6,Tuesday,0,0
ORD037140,3104,19/06/2023,6,Monday,0,0
ORD037141,3104,27/06/2023,6,Tuesday,0,0
ORD037140,3104,19/06/2023,6,Monday,0,0
ORD037141,3104,27/06/2023,6,Tuesday,0,0
ORD037139,3104,19/05/2023,5,Friday,0,0
ORD037139,3104,19/05/2023,5,Friday,0,0
ORD037140,3104,19/06/2023,6,Monday,0,0
ORD037139,3104,19/05/2023,5,Friday,0,0
ORD037228,3107,18/04/2023,4,Tuesday,0,0
ORD037818,3128,08/05/2023,5,Monday,0,0
ORD039076,3170,20/06/2023,6,Tuesday,0,0
ORD039069,3170,14/05/2023,5,Sunday,0,0
ORD039067,3170,07/05/2023,5,Sunday,0,0
ORD039067,3170,07/05/2023,5,Sunday,0,0
ORD039067,3170,07/05/2023,5,Sunday,0,0
ORD039074,3170,06/06/2023,6,Tuesday,0,0
ORD039071,3170,20/05/2023,5,Saturday,0,0
ORD039278,3176,03/08/2023,8,Thursday,0,0
ORD039721,3193,22/05/2023,5,Monday,0,0
ORD039719,3193,19/04/2023,4,Wednesday,0,0
ORD052023,4062,15/06/2023,6,Thursday,0,0
ORD052024,4064,23/07/2023,7,Sunday,0,0
ORD052029,4087,12/05/2023,5,Friday,0,0
ORD052032,4087,02/06/2023,6,Friday,0,0
ORD052031,4087,26/05/2023,5,Friday,0,0
ORD052033,4087,06/07/2023,7,Thursday,0,0
ORD052036,4141,11/08/2023,8,Friday,0,0
ORD052036,4141,11/08/2023,8,Friday,0,0
ORD052036,4141,11/08/2023,8,Friday,0,0
ORD052040,4176,18/05/2023,5,Thursday,0,0
ORD052037,4176,16/04/2023,4,Sunday,0,0
ORD052041,4176,19/06/2023,6,Monday,0,0
ORD052037,4176,16/04/2023,4,Sunday,0,0
ORD052038,4176,19/04/2023,4,Wednesday,0,0
ORD052043,4185,05/08/2023,8,Saturday,0,0
ORD052042,4185,25/06/2023,6,Sunday,0,0
ORD052044,4200,15/06/2023,6,Thursday,0,0
ORD052044,4200,15/06/2023,6,Thursday,0,0
ORD052045,4208,19/07/2023,7,Wednesday,0,0
ORD052050,4242,10/06/2023,6,Saturday,0,0
ORD052049,4242,06/06/2023,6,Tuesday,0,0
ORD052049,4242,06/06/2023,6,Tuesday,0,0
ORD052051,4242,26/06/2023,6,Monday,0,0
ORD036013,3063,12/08/2023,8,Saturday,0,0
ORD036004,3063,20/04/2023,4,Thursday,0,0
ORD036013,3063,12/08/2023,8,Saturday,0,0
ORD036009,3063,17/06/2023,6,Saturday,0,0
ORD036006,3063,13/05/2023,5,Saturday,0,0
ORD036013,3063,12/08/2023,8,Saturday,0,0
ORD037141,3104,27/06/2023,6,Tuesday,0,0
ORD037141,3104,27/06/2023,6,Tuesday,0,0
ORD037140,3104,19/06/2023,6,Monday,0,0
ORD037140,3104,19/06/2023,6,Monday,0,0
ORD037139,3104,19/05/2023,5,Friday,0,0
ORD037228,3107,18/04/2023,4,Tuesday,0,0
ORD039078,3170,13/07/2023,7,Thursday,0,0
ORD039077,3170,12/07/2023,7,Wednesday,0,0
ORD039077,3170,12/07/2023,7,Wednesday,0,0
ORD039070,3170,19/05/2023,5,Friday,0,0
ORD039069,3170,14/05/2023,5,Sunday,0,0
ORD039072,3170,21/05/2023,5,Sunday,0,0
ORD039075,3170,14/06/2023,6,Wednesday,0,0
ORD039069,3170,14/05/2023,5,Sunday,0,0
ORD052050,4242,10/06/2023,6,Saturday,0,0
ORD052057,4344,30/04/2023,4,Sunday,0,0
ORD052058,4344,16/06/2023,6,Friday,0,0
ORD052058,4344,16/06/2023,6,Friday,0,0
ORD052059,4350,12/05/2023,5,Friday,0,0
ORD052062,4402,03/05/2023,5,Wednesday,0,0
ORD052062,4402,03/05/2023,5,Wednesday,0,0
ORD052062,4402,03/05/2023,5,Wednesday,0,0
ORD052064,4402,24/07/2023,7,Monday,0,0
ORD052063,4402,15/05/2023,5,Monday,0,0
ORD052064,4402,24/07/2023,7,Monday,0,0
ORD052064,4402,24/07/2023,7,Monday,0,0
ORD052064,4402,24/07/2023,7,Monday,0,0
ORD052070,4448,27/04/2023,4,Thursday,0,0
ORD052075,4448,09/08/2023,8,Wednesday,0,0
ORD052080,4467,06/06/2023,6,Tuesday,0,0
ORD052078,4467,01/05/2023,5,Monday,0,0
ORD052081,4467,17/06/2023,6,Saturday,0,0
ORD052080,4467,06/06/2023,6,Tuesday,0,0
ORD052087,4487,19/06/2023,6,Monday,0,0
ORD034914,3026,29/07/2023,7,Saturday,0,0
ORD034913,3026,25/04/2023,4,Tuesday,0,0
ORD035223,3037,24/07/2023,7,Monday,0,0
ORD035222,3037,26/06/2023,6,Monday,0,0
ORD035213,3037,19/04/2023,4,Wednesday,0,0
ORD035222,3037,26/06/2023,6,Monday,0,0
ORD035213,3037,19/04/2023,4,Wednesday,0,0
ORD035219,3037,03/06/2023,6,Saturday,0,0
ORD035214,3037,28/04/2023,4,Friday,0,0
ORD035213,3037,19/04/2023,4,Wednesday,0,0
ORD035213,3037,19/04/2023,4,Wednesday,0,0
ORD035222,3037,26/06/2023,6,Monday,0,0
ORD035214,3037,28/04/2023,4,Friday,0,0
ORD035215,3037,04/05/2023,5,Thursday,0,0
ORD035218,3037,29/05/2023,5,Monday,0,0
ORD035222,3037,26/06/2023,6,Monday,0,0
ORD036011,3063,08/07/2023,7,Saturday,0,0
ORD036005,3063,29/04/2023,4,Saturday,0,0
ORD036007,3063,22/05/2023,5,Monday,0,0
ORD036006,3063,13/05/2023,5,Saturday,0,0
ORD052086,4487,25/05/2023,5,Thursday,0,0
ORD052087,4487,19/06/2023,6,Monday,0,0
ORD052091,4551,12/06/2023,6,Monday,0,0
ORD052091,4551,12/06/2023,6,Monday,0,0
ORD052103,4597,07/06/2023,6,Wednesday,0,0
ORD052098,4597,20/04/2023,4,Thursday,0,0
ORD052102,4597,28/05/2023,5,Sunday,0,0
ORD052108,4597,17/07/2023,7,Monday,0,0
ORD052108,4597,17/07/2023,7,Monday,0,0
ORD052110,4597,07/08/2023,8,Monday,0,0
ORD052097,4597,16/04/2023,4,Sunday,0,0
ORD052102,4597,28/05/2023,5,Sunday,0,0
ORD052110,4597,07/08/2023,8,Monday,0,0
ORD052107,4597,10/07/2023,7,Monday,0,0
ORD052110,4597,07/08/2023,8,Monday,0,0
ORD052108,4597,17/07/2023,7,Monday,0,0
ORD052098,4597,20/04/2023,4,Thursday,0,0
ORD052098,4597,20/04/2023,4,Thursday,0,0
ORD052101,4597,09/05/2023,5,Tuesday,0,0
ORD032328,2953,05/06/2023,6,Monday,0,0
ORD032339,2953,30/07/2023,7,Sunday,0,0
ORD032335,2953,22/07/2023,7,Saturday,0,0
ORD032335,2953,22/07/2023,7,Saturday,0,0
ORD032329,2953,08/06/2023,6,Thursday,0,0
ORD032333,2953,13/07/2023,7,Thursday,0,0
ORD032328,2953,05/06/2023,6,Monday,0,0
ORD032328,2953,05/06/2023,6,Monday,0,0
ORD032517,2958,28/06/2023,6,Wednesday,0,0
ORD032517,2958,28/06/2023,6,Wednesday,0,0
ORD032517,2958,28/06/2023,6,Wednesday,0,0
ORD032517,2958,28/06/2023,6,Wednesday,0,0
ORD032839,2966,08/05/2023,5,Monday,0,0
ORD032839,2966,08/05/2023,5,Monday,0,0
ORD032893,2967,13/06/2023,6,Tuesday,0,0
ORD032948,2968,07/12/2023,12,Thursday,0,0
ORD033364,2979,17/07/2023,7,Monday,0,0
ORD033360,2979,19/06/2023,6,Monday,0,0
ORD033361,2979,27/06/2023,6,Tuesday,0,0
ORD033365,2979,24/07/2023,7,Monday,0,0
ORD033352,2979,20/04/2023,4,Thursday,0,0
ORD033359,2979,17/06/2023,6,Saturday,0,0
ORD033366,2979,31/07/2023,7,Monday,0,0
ORD033349,2979,14/04/2023,4,Friday,0,0
ORD033361,2979,27/06/2023,6,Tuesday,0,0
ORD039721,3193,22/05/2023,5,Monday,0,0
ORD039721,3193,22/05/2023,5,Monday,0,0
ORD039719,3193,19/04/2023,4,Wednesday,0,0
ORD039723,3193,15/06/2023,6,Thursday,0,0
ORD039721,3193,22/05/2023,5,Monday,0,0
ORD039719,3193,19/04/2023,4,Wednesday,0,0
ORD039723,3193,15/06/2023,6,Thursday,0,0
ORD039720,3193,02/05/2023,5,Tuesday,0,0
ORD039721,3193,22/05/2023,5,Monday,0,0
ORD040169,3211,30/07/2023,7,Sunday,0,0
ORD040362,3220,11/06/2023,6,Sunday,0,0
ORD040363,3220,25/06/2023,6,Sunday,0,0
ORD040364,3220,16/07/2023,7,Sunday,0,0
ORD040364,3220,16/07/2023,7,Sunday,0,0
ORD040364,3220,16/07/2023,7,Sunday,0,0
ORD040363,3220,25/06/2023,6,Sunday,0,0
ORD040364,3220,16/07/2023,7,Sunday,0,0
ORD040363,3220,25/06/2023,6,Sunday,0,0
ORD040761,3235,12/07/2023,7,Wednesday,0,0
ORD040761,3235,12/07/2023,7,Wednesday,0,0
ORD040761,3235,12/07/2023,7,Wednesday,0,0
ORD040825,3237,25/05/2023,5,Thursday,0,0
ORD040827,3237,05/08/2023,8,Saturday,0,0
ORD040827,3237,05/08/2023,8,Saturday,0,0
ORD052112,4604,06/07/2023,7,Thursday,0,0
ORD052112,4604,06/07/2023,7,Thursday,0,0
ORD052112,4604,06/07/2023,7,Thursday,0,0
ORD052112,4604,06/07/2023,7,Thursday,0,0
ORD052116,4642,05/08/2023,8,Saturday,0,0
ORD052116,4642,05/08/2023,8,Saturday,0,0
ORD052115,4642,16/06/2023,6,Friday,0,0
ORD052116,4642,05/08/2023,8,Saturday,0,0
ORD052116,4642,05/08/2023,8,Saturday,0,0
ORD052116,4642,05/08/2023,8,Saturday,0,0
ORD052116,4642,05/08/2023,8,Saturday,0,0
ORD052114,4642,19/05/2023,5,Friday,0,0
ORD052116,4642,05/08/2023,8,Saturday,0,0
ORD052116,4642,05/08/2023,8,Saturday,0,0
ORD052116,4642,05/08/2023,8,Saturday,0,0
ORD052114,4642,19/05/2023,5,Friday,0,0
ORD052121,4652,26/07/2023,7,Wednesday,0,0
ORD052118,4652,16/04/2023,4,Sunday,0,0
ORD052118,4652,16/04/2023,4,Sunday,0,0
ORD052118,4652,16/04/2023,4,Sunday,0,0
ORD052118,4652,16/04/2023,4,Sunday,0,0
ORD052123,4666,06/08/2023,8,Sunday,0,0
ORD040824,3237,13/05/2023,5,Saturday,0,0
ORD040824,3237,13/05/2023,5,Saturday,0,0
ORD040825,3237,25/05/2023,5,Thursday,0,0
ORD040822,3237,21/04/2023,4,Friday,0,0
ORD040826,3237,26/06/2023,6,Monday,0,0
ORD040824,3237,13/05/2023,5,Saturday,0,0
ORD040824,3237,13/05/2023,5,Saturday,0,0
ORD040825,3237,25/05/2023,5,Thursday,0,0
ORD040826,3237,26/06/2023,6,Monday,0,0
ORD040822,3237,21/04/2023,4,Friday,0,0
ORD040827,3237,05/08/2023,8,Saturday,0,0
ORD040825,3237,25/05/2023,5,Thursday,0,0
ORD040824,3237,13/05/2023,5,Saturday,0,0
ORD040821,3237,19/04/2023,4,Wednesday,0,0
ORD040826,3237,26/06/2023,6,Monday,0,0
ORD041235,3256,28/05/2023,5,Sunday,0,0
ORD041446,3266,07/08/2023,8,Monday,0,0
ORD041443,3266,17/07/2023,7,Monday,0,0
ORD041442,3266,01/06/2023,6,Thursday,0,0
ORD041443,3266,17/07/2023,7,Monday,0,0
ORD041446,3266,07/08/2023,8,Monday,0,0
ORD041444,3266,24/07/2023,7,Monday,0,0
ORD041442,3266,01/06/2023,6,Thursday,0,0
ORD044816,3422,23/06/2023,6,Friday,0,0
ORD045170,3442,23/05/2023,5,Tuesday,0,0
ORD045170,3442,23/05/2023,5,Tuesday,0,0
ORD046571,3522,16/04/2023,4,Sunday,0,0
ORD046571,3522,16/04/2023,4,Sunday,0,0
ORD046571,3522,16/04/2023,4,Sunday,0,0
ORD047328,3576,31/05/2023,5,Wednesday,0,0
ORD047384,3582,30/05/2023,5,Tuesday,0,0
ORD047419,3585,31/07/2023,7,Monday,0,0
ORD047418,3585,18/07/2023,7,Tuesday,0,0
ORD047412,3585,15/04/2023,4,Saturday,0,0
ORD047414,3585,31/05/2023,5,Wednesday,0,0
ORD047413,3585,02/05/2023,5,Tuesday,0,0
ORD047417,3585,13/06/2023,6,Tuesday,0,0
ORD047419,3585,31/07/2023,7,Monday,0,0
ORD047416,3585,09/06/2023,6,Friday,0,0
ORD047747,3613,27/06/2023,6,Tuesday,0,0
ORD047745,3613,22/05/2023,5,Monday,0,0
ORD047745,3613,22/05/2023,5,Monday,0,0
ORD048715,3687,25/05/2023,5,Thursday,0,0
ORD048716,3687,02/07/2023,7,Sunday,0,0
ORD039077,3170,12/07/2023,7,Wednesday,0,0
ORD039278,3176,03/08/2023,8,Thursday,0,0
ORD039719,3193,19/04/2023,4,Wednesday,0,0
ORD039723,3193,15/06/2023,6,Thursday,0,0
ORD039722,3193,05/06/2023,6,Monday,0,0
ORD039719,3193,19/04/2023,4,Wednesday,0,0
ORD039723,3193,15/06/2023,6,Thursday,0,0
ORD039723,3193,15/06/2023,6,Thursday,0,0
ORD039719,3193,19/04/2023,4,Wednesday,0,0
ORD039722,3193,05/06/2023,6,Monday,0,0
ORD039721,3193,22/05/2023,5,Monday,0,0
ORD039723,3193,15/06/2023,6,Thursday,0,0
ORD039723,3193,15/06/2023,6,Thursday,0,0
ORD039944,3203,26/05/2023,5,Friday,0,0
ORD040168,3211,10/05/2023,5,Wednesday,0,0
ORD040168,3211,10/05/2023,5,Wednesday,0,0
ORD040168,3211,10/05/2023,5,Wednesday,0,0
ORD040168,3211,10/05/2023,5,Wednesday,0,0
ORD040168,3211,10/05/2023,5,Wednesday,0,0
ORD052122,4666,13/05/2023,5,Saturday,0,0
ORD052123,4666,06/08/2023,8,Sunday,0,0
ORD052123,4666,06/08/2023,8,Sunday,0,0
ORD052124,4669,19/06/2023,6,Monday,0,0
ORD052124,4669,19/06/2023,6,Monday,0,0
ORD052124,4669,19/06/2023,6,Monday,0,0
ORD052125,4679,28/07/2023,7,Friday,0,0
ORD052128,4708,06/07/2023,7,Thursday,0,0
ORD052128,4708,06/07/2023,7,Thursday,0,0
ORD052132,4726,30/05/2023,5,Tuesday,0,0
ORD052133,4741,08/05/2023,5,Monday,0,0
ORD052137,4741,09/07/2023,7,Sunday,0,0
ORD052139,4741,10/08/2023,8,Thursday,0,0
ORD052138,4741,24/07/2023,7,Monday,0,0
ORD052134,4741,18/05/2023,5,Thursday,0,0
ORD052137,4741,09/07/2023,7,Sunday,0,0
ORD052139,4741,10/08/2023,8,Thursday,0,0
ORD052134,4741,18/05/2023,5,Thursday,0,0
ORD052138,4741,24/07/2023,7,Monday,0,0
ORD052134,4741,18/05/2023,5,Thursday,0,0
ORD052134,4741,18/05/2023,5,Thursday,0,0
ORD052137,4741,09/07/2023,7,Sunday,0,0
ORD052137,4741,09/07/2023,7,Sunday,0,0
ORD052141,4749,19/04/2023,4,Wednesday,0,0
ORD036013,3063,12/08/2023,8,Saturday,0,0
ORD036004,3063,20/04/2023,4,Thursday,0,0
ORD036012,3063,13/07/2023,7,Thursday,0,0
ORD036004,3063,20/04/2023,4,Thursday,0,0
ORD036013,3063,12/08/2023,8,Saturday,0,0
ORD036004,3063,20/04/2023,4,Thursday,0,0
ORD036013,3063,12/08/2023,8,Saturday,0,0
ORD036009,3063,17/06/2023,6,Saturday,0,0
ORD036005,3063,29/04/2023,4,Saturday,0,0
ORD036009,3063,17/06/2023,6,Saturday,0,0
ORD036004,3063,20/04/2023,4,Thursday,0,0
ORD036013,3063,12/08/2023,8,Saturday,0,0
ORD036006,3063,13/05/2023,5,Saturday,0,0
ORD036007,3063,22/05/2023,5,Monday,0,0
ORD036009,3063,17/06/2023,6,Saturday,0,0
ORD036012,3063,13/07/2023,7,Thursday,0,0
ORD049132,3717,03/07/2023,7,Monday,0,0
ORD049133,3717,06/07/2023,7,Thursday,0,0
ORD049128,3717,24/05/2023,5,Wednesday,0,0
ORD049127,3717,12/05/2023,5,Friday,0,0
ORD049132,3717,03/07/2023,7,Monday,0,0
ORD049128,3717,24/05/2023,5,Wednesday,0,0
ORD049128,3717,24/05/2023,5,Wednesday,0,0
ORD049219,3723,20/07/2023,7,Thursday,0,0
ORD049219,3723,20/07/2023,7,Thursday,0,0
ORD049218,3723,15/04/2023,4,Saturday,0,0
ORD049644,3752,17/05/2023,5,Wednesday,0,0
ORD049644,3752,17/05/2023,5,Wednesday,0,0
ORD050291,3802,28/07/2023,7,Friday,0,0
ORD050893,3854,23/05/2023,5,Tuesday,0,0
ORD050894,3854,13/06/2023,6,Tuesday,0,0
ORD050940,3858,14/06/2023,6,Wednesday,0,0
ORD050940,3858,14/06/2023,6,Wednesday,0,0
ORD051150,3881,22/07/2023,7,Saturday,0,0
ORD051150,3881,22/07/2023,7,Saturday,0,0
ORD051150,3881,22/07/2023,7,Saturday,0,0
ORD052141,4749,19/04/2023,4,Wednesday,0,0
ORD052143,4766,02/06/2023,6,Friday,0,0
ORD052151,4766,09/08/2023,8,Wednesday,0,0
ORD052159,4801,09/06/2023,6,Friday,0,0
ORD052153,4801,12/05/2023,5,Friday,0,0
ORD052153,4801,12/05/2023,5,Friday,0,0
ORD052155,4801,26/05/2023,5,Friday,0,0
ORD052157,4801,01/06/2023,6,Thursday,0,0
ORD052164,4801,20/07/2023,7,Thursday,0,0
ORD052160,4801,13/06/2023,6,Tuesday,0,0
ORD052153,4801,12/05/2023,5,Friday,0,0
ORD052153,4801,12/05/2023,5,Friday,0,0
ORD052163,4801,16/07/2023,7,Sunday,0,0
ORD052168,4822,19/06/2023,6,Monday,0,0
ORD052168,4822,19/06/2023,6,Monday,0,0
ORD052168,4822,19/06/2023,6,Monday,0,0
ORD052168,4822,19/06/2023,6,Monday,0,0
ORD052168,4822,19/06/2023,6,Monday,0,0
ORD052168,4822,19/06/2023,6,Monday,0,0
ORD052168,4822,19/06/2023,6,Monday,0,0
ORD052172,4834,14/06/2023,6,Wednesday,0,0
ORD040169,3211,30/07/2023,7,Sunday,0,0
ORD040168,3211,10/05/2023,5,Wednesday,0,0
ORD040168,3211,10/05/2023,5,Wednesday,0,0
ORD040168,3211,10/05/2023,5,Wednesday,0,0
ORD040362,3220,11/06/2023,6,Sunday,0,0
ORD040761,3235,12/07/2023,7,Wednesday,0,0
ORD040761,3235,12/07/2023,7,Wednesday,0,0
ORD040761,3235,12/07/2023,7,Wednesday,0,0
ORD040761,3235,12/07/2023,7,Wednesday,0,0
ORD040761,3235,12/07/2023,7,Wednesday,0,0
ORD040761,3235,12/07/2023,7,Wednesday,0,0
ORD040824,3237,13/05/2023,5,Saturday,0,0
ORD040824,3237,13/05/2023,5,Saturday,0,0
ORD040826,3237,26/06/2023,6,Monday,0,0
ORD040824,3237,13/05/2023,5,Saturday,0,0
ORD040828,3237,11/08/2023,8,Friday,0,0
ORD040825,3237,25/05/2023,5,Thursday,0,0
ORD040826,3237,26/06/2023,6,Monday,0,0
ORD040827,3237,05/08/2023,8,Saturday,0,0
ORD040822,3237,21/04/2023,4,Friday,0,0
ORD040827,3237,05/08/2023,8,Saturday,0,0
ORD040826,3237,26/06/2023,6,Monday,0,0
ORD040828,3237,11/08/2023,8,Friday,0,0
ORD040824,3237,13/05/2023,5,Saturday,0,0
ORD040823,3237,02/05/2023,5,Tuesday,0,0
ORD040824,3237,13/05/2023,5,Saturday,0,0
ORD033354,2979,11/05/2023,5,Thursday,0,0
ORD033364,2979,17/07/2023,7,Monday,0,0
ORD033350,2979,17/04/2023,4,Monday,0,0
ORD033360,2979,19/06/2023,6,Monday,0,0
ORD033945,2996,03/06/2023,6,Saturday,0,0
ORD034914,3026,29/07/2023,7,Saturday,0,0
ORD034913,3026,25/04/2023,4,Tuesday,0,0
ORD034914,3026,29/07/2023,7,Saturday,0,0
ORD035222,3037,26/06/2023,6,Monday,0,0
ORD035216,3037,05/05/2023,5,Friday,0,0
ORD035223,3037,24/07/2023,7,Monday,0,0
ORD035218,3037,29/05/2023,5,Monday,0,0
ORD035219,3037,03/06/2023,6,Saturday,0,0
ORD035219,3037,03/06/2023,6,Saturday,0,0
ORD035213,3037,19/04/2023,4,Wednesday,0,0
ORD036005,3063,29/04/2023,4,Saturday,0,0
ORD036010,3063,02/07/2023,7,Sunday,0,0
ORD036009,3063,17/06/2023,6,Saturday,0,0
ORD052175,4845,12/06/2023,6,Monday,0,0
ORD052176,4845,27/06/2023,6,Tuesday,0,0
ORD052177,4845,10/07/2023,7,Monday,0,0
ORD052176,4845,27/06/2023,6,Tuesday,0,0
ORD052182,4852,27/06/2023,6,Tuesday,0,0
ORD052182,4852,27/06/2023,6,Tuesday,0,0
ORD052182,4852,27/06/2023,6,Tuesday,0,0
ORD052182,4852,27/06/2023,6,Tuesday,0,0
ORD052182,4852,27/06/2023,6,Tuesday,0,0
ORD052179,4852,28/04/2023,4,Friday,0,0
ORD052181,4852,06/05/2023,5,Saturday,0,0
ORD052179,4852,28/04/2023,4,Friday,0,0
ORD052180,4852,05/05/2023,5,Friday,0,0
ORD052178,4852,18/04/2023,4,Tuesday,0,0
ORD052178,4852,18/04/2023,4,Tuesday,0,0
ORD052182,4852,27/06/2023,6,Tuesday,0,0
ORD052179,4852,28/04/2023,4,Friday,0,0
ORD052179,4852,28/04/2023,4,Friday,0,0
ORD052184,4855,27/07/2023,7,Thursday,0,0
ORD052185,4859,15/04/2023,4,Saturday,0,0
ORD052185,4859,15/04/2023,4,Saturday,0,0
ORD036013,3063,12/08/2023,8,Saturday,0,0
ORD036210,3070,12/12/2023,12,Tuesday,0,0
ORD037140,3104,19/06/2023,6,Monday,0,0
ORD037140,3104,19/06/2023,6,Monday,0,0
ORD037140,3104,19/06/2023,6,Monday,0,0
ORD037140,3104,19/06/2023,6,Monday,0,0
ORD037139,3104,19/05/2023,5,Friday,0,0
ORD037140,3104,19/06/2023,6,Monday,0,0
ORD039074,3170,06/06/2023,6,Tuesday,0,0
ORD039071,3170,20/05/2023,5,Saturday,0,0
ORD039078,3170,13/07/2023,7,Thursday,0,0
ORD039723,3193,15/06/2023,6,Thursday,0,0
ORD039720,3193,02/05/2023,5,Tuesday,0,0
ORD039722,3193,05/06/2023,6,Monday,0,0
ORD039723,3193,15/06/2023,6,Thursday,0,0
ORD039723,3193,15/06/2023,6,Thursday,0,0
ORD039722,3193,05/06/2023,6,Monday,0,0
ORD039723,3193,15/06/2023,6,Thursday,0,0
ORD039722,3193,05/06/2023,6,Monday,0,0
ORD039719,3193,19/04/2023,4,Wednesday,0,0
ORD039947,3203,11/07/2023,7,Tuesday,0,0
ORD039946,3203,28/06/2023,6,Wednesday,0,0
ORD040761,3235,12/07/2023,7,Wednesday,0,0
ORD040761,3235,12/07/2023,7,Wednesday,0,0
ORD040824,3237,13/05/2023,5,Saturday,0,0
ORD042103,3293,17/07/2023,7,Monday,0,0
ORD042742,3322,03/06/2023,6,Saturday,0,0
ORD042740,3322,29/04/2023,4,Saturday,0,0
ORD042744,3322,21/07/2023,7,Friday,0,0
ORD042741,3322,04/05/2023,5,Thursday,0,0
ORD042741,3322,04/05/2023,5,Thursday,0,0
ORD043516,3357,20/05/2023,5,Saturday,0,0
ORD043516,3357,20/05/2023,5,Saturday,0,0
ORD043520,3357,24/07/2023,7,Monday,0,0
ORD043517,3357,05/06/2023,6,Monday,0,0
ORD043519,3357,20/07/2023,7,Thursday,0,0
ORD043522,3357,04/08/2023,8,Friday,0,0
ORD043519,3357,20/07/2023,7,Thursday,0,0
ORD043517,3357,05/06/2023,6,Monday,0,0
ORD043520,3357,24/07/2023,7,Monday,0,0
ORD043521,3357,29/07/2023,7,Saturday,0,0
ORD044504,3405,13/04/2023,4,Thursday,0,0
ORD052191,4867,30/05/2023,5,Tuesday,0,0
ORD052194,4867,30/07/2023,7,Sunday,0,0
ORD052191,4867,30/05/2023,5,Tuesday,0,0
ORD052195,4877,10/05/2023,5,Wednesday,0,0
ORD052200,4898,21/04/2023,4,Friday,0,0
ORD052216,4898,07/08/2023,8,Monday,0,0
ORD052209,4898,25/06/2023,6,Sunday,0,0
ORD052208,4898,17/06/2023,6,Saturday,0,0
ORD052202,4898,05/05/2023,5,Friday,0,0
ORD052202,4898,05/05/2023,5,Friday,0,0
ORD052216,4898,07/08/2023,8,Monday,0,0
ORD052208,4898,17/06/2023,6,Saturday,0,0
ORD052212,4898,06/07/2023,7,Thursday,0,0
ORD052212,4898,06/07/2023,7,Thursday,0,0
ORD052208,4898,17/06/2023,6,Saturday,0,0
ORD052216,4898,07/08/2023,8,Monday,0,0
ORD052215,4898,19/07/2023,7,Wednesday,0,0
ORD052215,4898,19/07/2023,7,Wednesday,0,0
ORD052216,4898,07/08/2023,8,Monday,0,0
ORD052200,4898,21/04/2023,4,Friday,0,0
ORD052209,4898,25/06/2023,6,Sunday,0,0
ORD052211,4898,03/07/2023,7,Monday,0,0
ORD052212,4898,06/07/2023,7,Thursday,0,0
ORD036005,3063,29/04/2023,4,Saturday,0,0
ORD036006,3063,13/05/2023,5,Saturday,0,0
ORD036011,3063,08/07/2023,7,Saturday,0,0
ORD036012,3063,13/07/2023,7,Thursday,0,0
ORD036004,3063,20/04/2023,4,Thursday,0,0
ORD036009,3063,17/06/2023,6,Saturday,0,0
ORD036004,3063,20/04/2023,4,Thursday,0,0
ORD036006,3063,13/05/2023,5,Saturday,0,0
ORD036012,3063,13/07/2023,7,Thursday,0,0
ORD036210,3070,12/12/2023,12,Tuesday,0,0
ORD037139,3104,19/05/2023,5,Friday,0,0
ORD037140,3104,19/06/2023,6,Monday,0,0
ORD037139,3104,19/05/2023,5,Friday,0,0
ORD052206,4898,31/05/2023,5,Wednesday,0,0
ORD052211,4898,03/07/2023,7,Monday,0,0
ORD052208,4898,17/06/2023,6,Saturday,0,0
ORD052208,4898,17/06/2023,6,Saturday,0,0
ORD052198,4898,13/04/2023,4,Thursday,0,0
ORD052208,4898,17/06/2023,6,Saturday,0,0
ORD052208,4898,17/06/2023,6,Saturday,0,0
ORD052216,4898,07/08/2023,8,Monday,0,0
ORD052210,4898,27/06/2023,6,Tuesday,0,0
ORD052218,4911,08/05/2023,5,Monday,0,0
ORD052219,4911,19/05/2023,5,Friday,0,0
ORD052225,4940,08/07/2023,7,Saturday,0,0
ORD052223,4940,24/05/2023,5,Wednesday,0,0
ORD052228,4940,25/07/2023,7,Tuesday,0,0
ORD052227,4940,21/07/2023,7,Friday,0,0
ORD052229,4940,08/08/2023,8,Tuesday,0,0
ORD052221,4940,02/05/2023,5,Tuesday,0,0
ORD052230,4941,21/05/2023,5,Sunday,0,0
ORD052231,4945,13/06/2023,6,Tuesday,0,0
ORD052231,4945,13/06/2023,6,Tuesday,0,0
ORD052240,4950,13/08/2023,8,Sunday,0,0
ORD051150,3881,22/07/2023,7,Saturday,0,0
ORD051151,3881,03/08/2023,8,Thursday,0,0
ORD051242,3889,05/08/2023,8,Saturday,0,0
ORD051234,3889,07/05/2023,5,Sunday,0,0
ORD051233,3889,19/04/2023,4,Wednesday,0,0
ORD051242,3889,05/08/2023,8,Saturday,0,0
ORD051241,3889,29/07/2023,7,Saturday,0,0
ORD051233,3889,19/04/2023,4,Wednesday,0,0
ORD051240,3889,11/07/2023,7,Tuesday,0,0
ORD051238,3889,25/05/2023,5,Thursday,0,0
ORD051235,3889,08/05/2023,5,Monday,0,0
ORD051238,3889,25/05/2023,5,Thursday,0,0
ORD051242,3889,05/08/2023,8,Saturday,0,0
ORD051241,3889,29/07/2023,7,Saturday,0,0
ORD051242,3889,05/08/2023,8,Saturday,0,0
ORD051238,3889,25/05/2023,5,Thursday,0,0
ORD051239,3889,08/07/2023,7,Saturday,0,0
ORD051301,3895,02/06/2023,6,Friday,0,0
ORD051301,3895,02/06/2023,6,Friday,0,0
ORD051304,3895,04/07/2023,7,Tuesday,0,0
ORD051547,3921,20/05/2023,5,Saturday,0,0
ORD051552,3921,11/08/2023,8,Friday,0,0
ORD051547,3921,20/05/2023,5,Saturday,0,0
ORD051547,3921,20/05/2023,5,Saturday,0,0
ORD051547,3921,20/05/2023,5,Saturday,0,0
ORD051551,3921,15/07/2023,7,Saturday,0,0
ORD051552,3921,11/08/2023,8,Friday,0,0
ORD051546,3921,19/04/2023,4,Wednesday,0,0
ORD051552,3921,11/08/2023,8,Friday,0,0
ORD051551,3921,15/07/2023,7,Saturday,0,0
ORD051547,3921,20/05/2023,5,Saturday,0,0
ORD051546,3921,19/04/2023,4,Wednesday,0,0
ORD051547,3921,20/05/2023,5,Saturday,0,0
ORD051547,3921,20/05/2023,5,Saturday,0,0
ORD051551,3921,15/07/2023,7,Saturday,0,0
ORD051546,3921,19/04/2023,4,Wednesday,0,0
ORD051547,3921,20/05/2023,5,Saturday,0,0
ORD051771,3947,22/05/2023,5,Monday,0,0
ORD051832,3953,05/06/2023,6,Monday,0,0
ORD051832,3953,05/06/2023,6,Monday,0,0
ORD051996,3976,11/05/2023,5,Thursday,0,0
ORD052019,4034,09/05/2023,5,Tuesday,0,0
ORD052020,4034,13/07/2023,7,Thursday,0,0
ORD052021,4038,17/04/2023,4,Monday,0,0
ORD052023,4062,15/06/2023,6,Thursday,0,0
ORD052033,4087,06/07/2023,7,Thursday,0,0
ORD052029,4087,12/05/2023,5,Friday,0,0
ORD040826,3237,26/06/2023,6,Monday,0,0
ORD040825,3237,25/05/2023,5,Thursday,0,0
ORD040826,3237,26/06/2023,6,Monday,0,0
ORD040828,3237,11/08/2023,8,Friday,0,0
ORD040825,3237,25/05/2023,5,Thursday,0,0
ORD040823,3237,02/05/2023,5,Tuesday,0,0
ORD040826,3237,26/06/2023,6,Monday,0,0
ORD040826,3237,26/06/2023,6,Monday,0,0
ORD040826,3237,26/06/2023,6,Monday,0,0
ORD040824,3237,13/05/2023,5,Saturday,0,0
ORD040825,3237,25/05/2023,5,Thursday,0,0
ORD040824,3237,13/05/2023,5,Saturday,0,0
ORD040827,3237,05/08/2023,8,Saturday,0,0
ORD040825,3237,25/05/2023,5,Thursday,0,0
ORD040828,3237,11/08/2023,8,Friday,0,0
ORD040821,3237,19/04/2023,4,Wednesday,0,0
ORD040826,3237,26/06/2023,6,Monday,0,0
ORD040826,3237,26/06/2023,6,Monday,0,0
ORD040826,3237,26/06/2023,6,Monday,0,0
ORD040828,3237,11/08/2023,8,Friday,0,0
ORD041235,3256,28/05/2023,5,Sunday,0,0
ORD041445,3266,03/08/2023,8,Thursday,0,0
ORD041443,3266,17/07/2023,7,Monday,0,0
ORD041446,3266,07/08/2023,8,Monday,0,0
ORD041443,3266,17/07/2023,7,Monday,0,0
ORD040821,3237,19/04/2023,4,Wednesday,0,0
ORD040824,3237,13/05/2023,5,Saturday,0,0
ORD040826,3237,26/06/2023,6,Monday,0,0
ORD040824,3237,13/05/2023,5,Saturday,0,0
ORD040822,3237,21/04/2023,4,Friday,0,0
ORD040821,3237,19/04/2023,4,Wednesday,0,0
ORD040825,3237,25/05/2023,5,Thursday,0,0
ORD040825,3237,25/05/2023,5,Thursday,0,0
ORD040826,3237,26/06/2023,6,Monday,0,0
ORD040828,3237,11/08/2023,8,Friday,0,0
ORD041443,3266,17/07/2023,7,Monday,0,0
ORD041442,3266,01/06/2023,6,Thursday,0,0
ORD041445,3266,03/08/2023,8,Thursday,0,0
ORD041443,3266,17/07/2023,7,Monday,0,0
ORD041443,3266,17/07/2023,7,Monday,0,0
ORD041443,3266,17/07/2023,7,Monday,0,0
ORD041443,3266,17/07/2023,7,Monday,0,0
ORD042742,3322,03/06/2023,6,Saturday,0,0
ORD042744,3322,21/07/2023,7,Friday,0,0
ORD042744,3322,21/07/2023,7,Friday,0,0
ORD042743,3322,16/06/2023,6,Friday,0,0
ORD052034,4087,16/07/2023,7,Sunday,0,0
ORD052033,4087,06/07/2023,7,Thursday,0,0
ORD052032,4087,02/06/2023,6,Friday,0,0
ORD052031,4087,26/05/2023,5,Friday,0,0
ORD052035,4087,23/07/2023,7,Sunday,0,0
ORD052034,4087,16/07/2023,7,Sunday,0,0
ORD052033,4087,06/07/2023,7,Thursday,0,0
ORD052033,4087,06/07/2023,7,Thursday,0,0
ORD052036,4141,11/08/2023,8,Friday,0,0
ORD052036,4141,11/08/2023,8,Friday,0,0
ORD052036,4141,11/08/2023,8,Friday,0,0
ORD052036,4141,11/08/2023,8,Friday,0,0
ORD052038,4176,19/04/2023,4,Wednesday,0,0
ORD052041,4176,19/06/2023,6,Monday,0,0
ORD052039,4176,27/04/2023,4,Thursday,0,0
ORD052043,4185,05/08/2023,8,Saturday,0,0
ORD052043,4185,05/08/2023,8,Saturday,0,0
ORD052042,4185,25/06/2023,6,Sunday,0,0
ORD052043,4185,05/08/2023,8,Saturday,0,0
ORD052046,4210,30/05/2023,5,Tuesday,0,0
ORD052239,4950,02/08/2023,8,Wednesday,0,0
ORD052234,4950,06/06/2023,6,Tuesday,0,0
ORD052232,4950,28/04/2023,4,Friday,0,0
ORD052235,4950,09/06/2023,6,Friday,0,0
ORD052240,4950,13/08/2023,8,Sunday,0,0
ORD052234,4950,06/06/2023,6,Tuesday,0,0
ORD052232,4950,28/04/2023,4,Friday,0,0
ORD052256,4959,08/07/2023,7,Saturday,0,0
ORD052255,4959,27/06/2023,6,Tuesday,0,0
ORD052242,4959,14/04/2023,4,Friday,0,0
ORD052243,4959,18/04/2023,4,Tuesday,0,0
ORD052250,4959,27/05/2023,5,Saturday,0,0
ORD052243,4959,18/04/2023,4,Tuesday,0,0
ORD052243,4959,18/04/2023,4,Tuesday,0,0
ORD052255,4959,27/06/2023,6,Tuesday,0,0
ORD052246,4959,05/05/2023,5,Friday,0,0
ORD052252,4959,04/06/2023,6,Sunday,0,0
ORD052255,4959,27/06/2023,6,Tuesday,0,0
ORD052259,4959,08/08/2023,8,Tuesday,0,0
ORD052264,4960,18/07/2023,7,Tuesday,0,0
ORD052262,4960,21/05/2023,5,Sunday,0,0
ORD052261,4960,30/04/2023,4,Sunday,0,0
ORD052265,4968,12/05/2023,5,Friday,0,0
ORD052265,4968,12/05/2023,5,Friday,0,0
ORD037140,3104,19/06/2023,6,Monday,0,0
ORD037139,3104,19/05/2023,5,Friday,0,0
ORD037139,3104,19/05/2023,5,Friday,0,0
ORD037141,3104,27/06/2023,6,Tuesday,0,0
ORD037140,3104,19/06/2023,6,Monday,0,0
ORD037140,3104,19/06/2023,6,Monday,0,0
ORD037228,3107,18/04/2023,4,Tuesday,0,0
ORD037818,3128,08/05/2023,5,Monday,0,0
ORD039077,3170,12/07/2023,7,Wednesday,0,0
ORD039070,3170,19/05/2023,5,Friday,0,0
ORD039076,3170,20/06/2023,6,Tuesday,0,0
ORD039076,3170,20/06/2023,6,Tuesday,0,0
ORD039077,3170,12/07/2023,7,Wednesday,0,0
ORD039068,3170,10/05/2023,5,Wednesday,0,0
ORD039078,3170,13/07/2023,7,Thursday,0,0
ORD039721,3193,22/05/2023,5,Monday,0,0
ORD039723,3193,15/06/2023,6,Thursday,0,0
ORD039723,3193,15/06/2023,6,Thursday,0,0
ORD039723,3193,15/06/2023,6,Thursday,0,0
ORD039723,3193,15/06/2023,6,Thursday,0,0
ORD039721,3193,22/05/2023,5,Monday,0,0
ORD039945,3203,23/06/2023,6,Friday,0,0
ORD039947,3203,11/07/2023,7,Tuesday,0,0
ORD044534,3406,13/05/2023,5,Saturday,0,0
ORD044538,3406,05/08/2023,8,Saturday,0,0
ORD044536,3406,07/06/2023,6,Wednesday,0,0
ORD044532,3406,04/05/2023,5,Thursday,0,0
ORD044674,3414,29/04/2023,4,Saturday,0,0
ORD044674,3414,29/04/2023,4,Saturday,0,0
ORD044674,3414,29/04/2023,4,Saturday,0,0
ORD044813,3422,11/05/2023,5,Thursday,0,0
ORD044812,3422,03/05/2023,5,Wednesday,0,0
ORD044813,3422,11/05/2023,5,Thursday,0,0
ORD044817,3422,27/06/2023,6,Tuesday,0,0
ORD052046,4210,30/05/2023,5,Tuesday,0,0
ORD052050,4242,10/06/2023,6,Saturday,0,0
ORD052051,4242,26/06/2023,6,Monday,0,0
ORD052049,4242,06/06/2023,6,Tuesday,0,0
ORD052049,4242,06/06/2023,6,Tuesday,0,0
ORD052051,4242,26/06/2023,6,Monday,0,0
ORD052051,4242,26/06/2023,6,Monday,0,0
ORD052052,4242,26/07/2023,7,Wednesday,0,0
ORD052054,4242,09/08/2023,8,Wednesday,0,0
ORD052056,4300,29/04/2023,4,Saturday,0,0
ORD052056,4300,29/04/2023,4,Saturday,0,0
ORD052058,4344,16/06/2023,6,Friday,0,0
ORD052064,4402,24/07/2023,7,Monday,0,0
ORD052064,4402,24/07/2023,7,Monday,0,0
ORD052064,4402,24/07/2023,7,Monday,0,0
ORD052064,4402,24/07/2023,7,Monday,0,0
ORD052062,4402,03/05/2023,5,Wednesday,0,0
ORD052062,4402,03/05/2023,5,Wednesday,0,0
ORD052064,4402,24/07/2023,7,Monday,0,0
ORD052065,4402,31/07/2023,7,Monday,0,0
ORD052067,4418,19/05/2023,5,Friday,0,0
ORD052068,4437,12/05/2023,5,Friday,0,0
ORD052073,4448,19/05/2023,5,Friday,0,0
ORD052075,4448,09/08/2023,8,Wednesday,0,0
ORD052071,4448,04/05/2023,5,Thursday,0,0
ORD052265,4968,12/05/2023,5,Friday,0,0
ORD052265,4968,12/05/2023,5,Friday,0,0
ORD052265,4968,12/05/2023,5,Friday,0,0
ORD052266,4968,23/06/2023,6,Friday,0,0
ORD052267,4968,22/07/2023,7,Saturday,0,0
ORD052267,4968,22/07/2023,7,Saturday,0,0
ORD052266,4968,23/06/2023,6,Friday,0,0
ORD052265,4968,12/05/2023,5,Friday,0,0
ORD052265,4968,12/05/2023,5,Friday,0,0
ORD052267,4968,22/07/2023,7,Saturday,0,0
ORD052268,5007,01/05/2023,5,Monday,0,0
ORD052269,5008,18/04/2023,4,Tuesday,0,0
ORD052269,5008,18/04/2023,4,Tuesday,0,0
ORD052270,5008,01/08/2023,8,Tuesday,0,0
ORD052270,5008,01/08/2023,8,Tuesday,0,0
ORD052269,5008,18/04/2023,4,Tuesday,0,0
ORD052269,5008,18/04/2023,4,Tuesday,0,0
ORD052270,5008,01/08/2023,8,Tuesday,0,0
ORD052269,5008,18/04/2023,4,Tuesday,0,0
ORD052277,5056,04/08/2023,8,Friday,0,0
ORD052277,5056,04/08/2023,8,Friday,0,0
ORD052274,5056,22/06/2023,6,Thursday,0,0
ORD052275,5056,09/07/2023,7,Sunday,0,0
ORD052277,5056,04/08/2023,8,Friday,0,0
ORD052282,5069,11/06/2023,6,Sunday,0,0
ORD044817,3422,27/06/2023,6,Tuesday,0,0
ORD044812,3422,03/05/2023,5,Wednesday,0,0
ORD044816,3422,23/06/2023,6,Friday,0,0
ORD045170,3442,23/05/2023,5,Tuesday,0,0
ORD046414,3511,25/04/2023,4,Tuesday,0,0
ORD046414,3511,25/04/2023,4,Tuesday,0,0
ORD046571,3522,16/04/2023,4,Sunday,0,0
ORD046571,3522,16/04/2023,4,Sunday,0,0
ORD046571,3522,16/04/2023,4,Sunday,0,0
ORD046571,3522,16/04/2023,4,Sunday,0,0
ORD047110,3561,12/07/2023,7,Wednesday,0,0
ORD047384,3582,30/05/2023,5,Tuesday,0,0
ORD047419,3585,31/07/2023,7,Monday,0,0
ORD047412,3585,15/04/2023,4,Saturday,0,0
ORD047417,3585,13/06/2023,6,Tuesday,0,0
ORD047747,3613,27/06/2023,6,Tuesday,0,0
ORD048315,3657,27/05/2023,5,Saturday,0,0
ORD048315,3657,27/05/2023,5,Saturday,0,0
ORD048315,3657,27/05/2023,5,Saturday,0,0
ORD048716,3687,02/07/2023,7,Sunday,0,0
ORD040169,3211,30/07/2023,7,Sunday,0,0
ORD040168,3211,10/05/2023,5,Wednesday,0,0
ORD040168,3211,10/05/2023,5,Wednesday,0,0
ORD040364,3220,16/07/2023,7,Sunday,0,0
ORD040363,3220,25/06/2023,6,Sunday,0,0
ORD040364,3220,16/07/2023,7,Sunday,0,0
ORD040362,3220,11/06/2023,6,Sunday,0,0
ORD040761,3235,12/07/2023,7,Wednesday,0,0
ORD040761,3235,12/07/2023,7,Wednesday,0,0
ORD040761,3235,12/07/2023,7,Wednesday,0,0
ORD040761,3235,12/07/2023,7,Wednesday,0,0
ORD040828,3237,11/08/2023,8,Friday,0,0
ORD040821,3237,19/04/2023,4,Wednesday,0,0
ORD040826,3237,26/06/2023,6,Monday,0,0
ORD040828,3237,11/08/2023,8,Friday,0,0
ORD040826,3237,26/06/2023,6,Monday,0,0
ORD040826,3237,26/06/2023,6,Monday,0,0
ORD040826,3237,26/06/2023,6,Monday,0,0
ORD040827,3237,05/08/2023,8,Saturday,0,0
ORD040825,3237,25/05/2023,5,Thursday,0,0
ORD040822,3237,21/04/2023,4,Friday,0,0
ORD040828,3237,11/08/2023,8,Friday,0,0
ORD040824,3237,13/05/2023,5,Saturday,0,0
ORD040827,3237,05/08/2023,8,Saturday,0,0
ORD052073,4448,19/05/2023,5,Friday,0,0
ORD052079,4467,08/05/2023,5,Monday,0,0
ORD052080,4467,06/06/2023,6,Tuesday,0,0
ORD052080,4467,06/06/2023,6,Tuesday,0,0
ORD052080,4467,06/06/2023,6,Tuesday,0,0
ORD052078,4467,01/05/2023,5,Monday,0,0
ORD052085,4467,08/08/2023,8,Tuesday,0,0
ORD052077,4467,26/04/2023,4,Wednesday,0,0
ORD052087,4487,19/06/2023,6,Monday,0,0
ORD052087,4487,19/06/2023,6,Monday,0,0
ORD052092,4557,12/05/2023,5,Friday,0,0
ORD052092,4557,12/05/2023,5,Friday,0,0
ORD052092,4557,12/05/2023,5,Friday,0,0
ORD052095,4586,31/05/2023,5,Wednesday,0,0
ORD052108,4597,17/07/2023,7,Monday,0,0
ORD052105,4597,23/06/2023,6,Friday,0,0
ORD052105,4597,23/06/2023,6,Friday,0,0
ORD052102,4597,28/05/2023,5,Sunday,0,0
ORD052107,4597,10/07/2023,7,Monday,0,0
ORD052098,4597,20/04/2023,4,Thursday,0,0
ORD052108,4597,17/07/2023,7,Monday,0,0
ORD041443,3266,17/07/2023,7,Monday,0,0
ORD041443,3266,17/07/2023,7,Monday,0,0
ORD041443,3266,17/07/2023,7,Monday,0,0
ORD042103,3293,17/07/2023,7,Monday,0,0
ORD042103,3293,17/07/2023,7,Monday,0,0
ORD042432,3307,05/05/2023,5,Friday,0,0
ORD042744,3322,21/07/2023,7,Friday,0,0
ORD042740,3322,29/04/2023,4,Saturday,0,0
ORD042741,3322,04/05/2023,5,Thursday,0,0
ORD043514,3357,15/04/2023,4,Saturday,0,0
ORD043515,3357,13/05/2023,5,Saturday,0,0
ORD043516,3357,20/05/2023,5,Saturday,0,0
ORD043518,3357,19/07/2023,7,Wednesday,0,0
ORD043516,3357,20/05/2023,5,Saturday,0,0
ORD043516,3357,20/05/2023,5,Saturday,0,0
ORD043515,3357,13/05/2023,5,Saturday,0,0
ORD043515,3357,13/05/2023,5,Saturday,0,0
ORD043520,3357,24/07/2023,7,Monday,0,0
ORD043521,3357,29/07/2023,7,Saturday,0,0
ORD043516,3357,20/05/2023,5,Saturday,0,0
ORD043519,3357,20/07/2023,7,Thursday,0,0
ORD044506,3405,30/05/2023,5,Tuesday,0,0
ORD052285,5084,12/05/2023,5,Friday,0,0
ORD052287,5090,21/04/2023,4,Friday,0,0
ORD052288,5141,22/07/2023,7,Saturday,0,0
ORD052289,5148,13/08/2023,8,Sunday,0,0
ORD052292,5191,10/07/2023,7,Monday,0,0
ORD052295,5203,07/08/2023,8,Monday,0,0
ORD052294,5203,06/07/2023,7,Thursday,0,0
ORD052309,5211,04/07/2023,7,Tuesday,0,0
ORD052317,5211,13/08/2023,8,Sunday,0,0
ORD052308,5211,24/06/2023,6,Saturday,0,0
ORD052303,5211,24/05/2023,5,Wednesday,0,0
ORD052309,5211,04/07/2023,7,Tuesday,0,0
ORD052310,5211,17/07/2023,7,Monday,0,0
ORD052299,5211,03/05/2023,5,Wednesday,0,0
ORD052306,5211,20/06/2023,6,Tuesday,0,0
ORD052318,5217,14/07/2023,7,Friday,0,0
ORD052319,5217,21/07/2023,7,Friday,0,0
ORD052320,5217,11/08/2023,8,Friday,0,0
ORD052320,5217,11/08/2023,8,Friday,0,0
ORD052318,5217,14/07/2023,7,Friday,0,0
ORD052318,5217,14/07/2023,7,Friday,0,0
ORD043518,3357,19/07/2023,7,Wednesday,0,0
ORD043517,3357,05/06/2023,6,Monday,0,0
ORD043518,3357,19/07/2023,7,Wednesday,0,0
ORD043516,3357,20/05/2023,5,Saturday,0,0
ORD043518,3357,19/07/2023,7,Wednesday,0,0
ORD043520,3357,24/07/2023,7,Monday,0,0
ORD043520,3357,24/07/2023,7,Monday,0,0
ORD043519,3357,20/07/2023,7,Thursday,0,0
ORD043519,3357,20/07/2023,7,Thursday,0,0
ORD043522,3357,04/08/2023,8,Friday,0,0
ORD044507,3405,19/07/2023,7,Wednesday,0,0
ORD044812,3422,03/05/2023,5,Wednesday,0,0
ORD044813,3422,11/05/2023,5,Thursday,0,0
ORD044817,3422,27/06/2023,6,Tuesday,0,0
ORD044813,3422,11/05/2023,5,Thursday,0,0
ORD047419,3585,31/07/2023,7,Monday,0,0
ORD047419,3585,31/07/2023,7,Monday,0,0
ORD047420,3585,04/08/2023,8,Friday,0,0
ORD047417,3585,13/06/2023,6,Tuesday,0,0
ORD047413,3585,02/05/2023,5,Tuesday,0,0
ORD047413,3585,02/05/2023,5,Tuesday,0,0
ORD047417,3585,13/06/2023,6,Tuesday,0,0
ORD047419,3585,31/07/2023,7,Monday,0,0
ORD047745,3613,22/05/2023,5,Monday,0,0
ORD047745,3613,22/05/2023,5,Monday,0,0
ORD049133,3717,06/07/2023,7,Thursday,0,0
ORD049132,3717,03/07/2023,7,Monday,0,0
ORD049132,3717,03/07/2023,7,Monday,0,0
ORD049133,3717,06/07/2023,7,Thursday,0,0
ORD049127,3717,12/05/2023,5,Friday,0,0
ORD049128,3717,24/05/2023,5,Wednesday,0,0
ORD049133,3717,06/07/2023,7,Thursday,0,0
ORD049132,3717,03/07/2023,7,Monday,0,0
ORD049128,3717,24/05/2023,5,Wednesday,0,0
ORD049132,3717,03/07/2023,7,Monday,0,0
ORD049128,3717,24/05/2023,5,Wednesday,0,0
ORD049127,3717,12/05/2023,5,Friday,0,0
ORD049132,3717,03/07/2023,7,Monday,0,0
ORD049128,3717,24/05/2023,5,Wednesday,0,0
ORD049132,3717,03/07/2023,7,Monday,0,0
ORD049132,3717,03/07/2023,7,Monday,0,0
ORD049132,3717,03/07/2023,7,Monday,0,0
ORD049132,3717,03/07/2023,7,Monday,0,0
ORD049132,3717,03/07/2023,7,Monday,0,0
ORD049132,3717,03/07/2023,7,Monday,0,0
ORD049133,3717,06/07/2023,7,Thursday,0,0
ORD049133,3717,06/07/2023,7,Thursday,0,0
ORD049128,3717,24/05/2023,5,Wednesday,0,0
ORD049133,3717,06/07/2023,7,Thursday,0,0
ORD049128,3717,24/05/2023,5,Wednesday,0,0
ORD049129,3717,10/06/2023,6,Saturday,0,0
ORD049133,3717,06/07/2023,7,Thursday,0,0
ORD049128,3717,24/05/2023,5,Wednesday,0,0
ORD049133,3717,06/07/2023,7,Thursday,0,0
ORD049133,3717,06/07/2023,7,Thursday,0,0
ORD049132,3717,03/07/2023,7,Monday,0,0
ORD049127,3717,12/05/2023,5,Friday,0,0
ORD049133,3717,06/07/2023,7,Thursday,0,0
ORD049129,3717,10/06/2023,6,Saturday,0,0
ORD050154,3793,20/05/2023,5,Saturday,0,0
ORD050290,3802,23/07/2023,7,Sunday,0,0
ORD050292,3802,08/08/2023,8,Tuesday,0,0
ORD050291,3802,28/07/2023,7,Friday,0,0
ORD044507,3405,19/07/2023,7,Wednesday,0,0
ORD044532,3406,04/05/2023,5,Thursday,0,0
ORD044539,3406,08/08/2023,8,Tuesday,0,0
ORD044538,3406,05/08/2023,8,Saturday,0,0
ORD044538,3406,05/08/2023,8,Saturday,0,0
ORD044817,3422,27/06/2023,6,Tuesday,0,0
ORD044817,3422,27/06/2023,6,Tuesday,0,0
ORD044812,3422,03/05/2023,5,Wednesday,0,0
ORD044813,3422,11/05/2023,5,Thursday,0,0
ORD044817,3422,27/06/2023,6,Tuesday,0,0
ORD044814,3422,24/05/2023,5,Wednesday,0,0
ORD044813,3422,11/05/2023,5,Thursday,0,0
ORD044817,3422,27/06/2023,6,Tuesday,0,0
ORD044812,3422,03/05/2023,5,Wednesday,0,0
ORD044812,3422,03/05/2023,5,Wednesday,0,0
ORD044816,3422,23/06/2023,6,Friday,0,0
ORD044814,3422,24/05/2023,5,Wednesday,0,0
ORD045170,3442,23/05/2023,5,Tuesday,0,0
ORD046571,3522,16/04/2023,4,Sunday,0,0
ORD046571,3522,16/04/2023,4,Sunday,0,0
ORD046571,3522,16/04/2023,4,Sunday,0,0
ORD047110,3561,12/07/2023,7,Wednesday,0,0
ORD047384,3582,30/05/2023,5,Tuesday,0,0
ORD047384,3582,30/05/2023,5,Tuesday,0,0
ORD047418,3585,18/07/2023,7,Tuesday,0,0
ORD047414,3585,31/05/2023,5,Wednesday,0,0
ORD047413,3585,02/05/2023,5,Tuesday,0,0
ORD047414,3585,31/05/2023,5,Wednesday,0,0
ORD047419,3585,31/07/2023,7,Monday,0,0
ORD047417,3585,13/06/2023,6,Tuesday,0,0
ORD047414,3585,31/05/2023,5,Wednesday,0,0
ORD047414,3585,31/05/2023,5,Wednesday,0,0
ORD047412,3585,15/04/2023,4,Saturday,0,0
ORD047417,3585,13/06/2023,6,Tuesday,0,0
ORD047746,3613,25/05/2023,5,Thursday,0,0
ORD047745,3613,22/05/2023,5,Monday,0,0
ORD048315,3657,27/05/2023,5,Saturday,0,0
ORD048315,3657,27/05/2023,5,Saturday,0,0
ORD049132,3717,03/07/2023,7,Monday,0,0
ORD050154,3793,20/05/2023,5,Saturday,0,0
ORD050154,3793,20/05/2023,5,Saturday,0,0
ORD050291,3802,28/07/2023,7,Friday,0,0
ORD050290,3802,23/07/2023,7,Sunday,0,0
ORD050291,3802,28/07/2023,7,Friday,0,0
ORD050288,3802,28/06/2023,6,Wednesday,0,0
ORD050291,3802,28/07/2023,7,Friday,0,0
ORD050476,3817,28/06/2023,6,Wednesday,0,0
ORD050477,3817,27/07/2023,7,Thursday,0,0
ORD050893,3854,23/05/2023,5,Tuesday,0,0
ORD050893,3854,23/05/2023,5,Tuesday,0,0
ORD050894,3854,13/06/2023,6,Tuesday,0,0
ORD050940,3858,14/06/2023,6,Wednesday,0,0
ORD050940,3858,14/06/2023,6,Wednesday,0,0
ORD050940,3858,14/06/2023,6,Wednesday,0,0
ORD050940,3858,14/06/2023,6,Wednesday,0,0
ORD051045,3866,26/07/2023,7,Wednesday,0,0
ORD051045,3866,26/07/2023,7,Wednesday,0,0
ORD051150,3881,22/07/2023,7,Saturday,0,0
ORD051150,3881,22/07/2023,7,Saturday,0,0
ORD051152,3881,05/08/2023,8,Saturday,0,0
ORD051151,3881,03/08/2023,8,Thursday,0,0
ORD051152,3881,05/08/2023,8,Saturday,0,0
ORD051233,3889,19/04/2023,4,Wednesday,0,0
ORD051242,3889,05/08/2023,8,Saturday,0,0
ORD048315,3657,27/05/2023,5,Saturday,0,0
ORD048715,3687,25/05/2023,5,Thursday,0,0
ORD048715,3687,25/05/2023,5,Thursday,0,0
ORD049128,3717,24/05/2023,5,Wednesday,0,0
ORD049132,3717,03/07/2023,7,Monday,0,0
ORD049132,3717,03/07/2023,7,Monday,0,0
ORD049132,3717,03/07/2023,7,Monday,0,0
ORD049132,3717,03/07/2023,7,Monday,0,0
ORD049132,3717,03/07/2023,7,Monday,0,0
ORD049132,3717,03/07/2023,7,Monday,0,0
ORD049131,3717,27/06/2023,6,Tuesday,0,0
ORD049133,3717,06/07/2023,7,Thursday,0,0
ORD049129,3717,10/06/2023,6,Saturday,0,0
ORD049133,3717,06/07/2023,7,Thursday,0,0
ORD049127,3717,12/05/2023,5,Friday,0,0
ORD049132,3717,03/07/2023,7,Monday,0,0
ORD049133,3717,06/07/2023,7,Thursday,0,0
ORD049133,3717,06/07/2023,7,Thursday,0,0
ORD049133,3717,06/07/2023,7,Thursday,0,0
ORD049130,3717,25/06/2023,6,Sunday,0,0
ORD049132,3717,03/07/2023,7,Monday,0,0
ORD049133,3717,06/07/2023,7,Thursday,0,0
ORD049127,3717,12/05/2023,5,Friday,0,0
ORD049127,3717,12/05/2023,5,Friday,0,0
ORD049129,3717,10/06/2023,6,Saturday,0,0
ORD040824,3237,13/05/2023,5,Saturday,0,0
ORD040821,3237,19/04/2023,4,Wednesday,0,0
ORD040826,3237,26/06/2023,6,Monday,0,0
ORD040824,3237,13/05/2023,5,Saturday,0,0
ORD040828,3237,11/08/2023,8,Friday,0,0
ORD040824,3237,13/05/2023,5,Saturday,0,0
ORD040824,3237,13/05/2023,5,Saturday,0,0
ORD040826,3237,26/06/2023,6,Monday,0,0
ORD040824,3237,13/05/2023,5,Saturday,0,0
ORD040825,3237,25/05/2023,5,Thursday,0,0
ORD040824,3237,13/05/2023,5,Saturday,0,0
ORD040828,3237,11/08/2023,8,Friday,0,0
ORD040822,3237,21/04/2023,4,Friday,0,0
ORD040826,3237,26/06/2023,6,Monday,0,0
ORD040821,3237,19/04/2023,4,Wednesday,0,0
ORD040824,3237,13/05/2023,5,Saturday,0,0
ORD040827,3237,05/08/2023,8,Saturday,0,0
ORD041043,3248,14/04/2023,4,Friday,0,0
ORD041043,3248,14/04/2023,4,Friday,0,0
ORD041443,3266,17/07/2023,7,Monday,0,0
ORD041445,3266,03/08/2023,8,Thursday,0,0
ORD041443,3266,17/07/2023,7,Monday,0,0
ORD049133,3717,06/07/2023,7,Thursday,0,0
ORD049128,3717,24/05/2023,5,Wednesday,0,0
ORD049219,3723,20/07/2023,7,Thursday,0,0
ORD049219,3723,20/07/2023,7,Thursday,0,0
ORD050154,3793,20/05/2023,5,Saturday,0,0
ORD050154,3793,20/05/2023,5,Saturday,0,0
ORD050289,3802,03/07/2023,7,Monday,0,0
ORD050477,3817,27/07/2023,7,Thursday,0,0
ORD050477,3817,27/07/2023,7,Thursday,0,0
ORD050894,3854,13/06/2023,6,Tuesday,0,0
ORD050940,3858,14/06/2023,6,Wednesday,0,0
ORD050940,3858,14/06/2023,6,Wednesday,0,0
ORD051045,3866,26/07/2023,7,Wednesday,0,0
ORD051045,3866,26/07/2023,7,Wednesday,0,0
ORD051150,3881,22/07/2023,7,Saturday,0,0
ORD051150,3881,22/07/2023,7,Saturday,0,0
ORD051152,3881,05/08/2023,8,Saturday,0,0
ORD051152,3881,05/08/2023,8,Saturday,0,0
ORD051150,3881,22/07/2023,7,Saturday,0,0
ORD051151,3881,03/08/2023,8,Thursday,0,0
ORD051152,3881,05/08/2023,8,Saturday,0,0
ORD051150,3881,22/07/2023,7,Saturday,0,0
ORD051151,3881,03/08/2023,8,Thursday,0,0
ORD051234,3889,07/05/2023,5,Sunday,0,0
ORD051233,3889,19/04/2023,4,Wednesday,0,0
ORD051242,3889,05/08/2023,8,Saturday,0,0
ORD051233,3889,19/04/2023,4,Wednesday,0,0
ORD051233,3889,19/04/2023,4,Wednesday,0,0
ORD051241,3889,29/07/2023,7,Saturday,0,0
ORD051238,3889,25/05/2023,5,Thursday,0,0
ORD051233,3889,19/04/2023,4,Wednesday,0,0
ORD051242,3889,05/08/2023,8,Saturday,0,0
ORD051233,3889,19/04/2023,4,Wednesday,0,0
ORD051239,3889,08/07/2023,7,Saturday,0,0
ORD051234,3889,07/05/2023,5,Sunday,0,0
ORD051242,3889,05/08/2023,8,Saturday,0,0
ORD051241,3889,29/07/2023,7,Saturday,0,0
ORD051301,3895,02/06/2023,6,Friday,0,0
ORD051301,3895,02/06/2023,6,Friday,0,0
ORD051301,3895,02/06/2023,6,Friday,0,0
ORD051303,3895,24/06/2023,6,Saturday,0,0
ORD051301,3895,02/06/2023,6,Friday,0,0
ORD051304,3895,04/07/2023,7,Tuesday,0,0
ORD051301,3895,02/06/2023,6,Friday,0,0
ORD051302,3895,16/06/2023,6,Friday,0,0
ORD051547,3921,20/05/2023,5,Saturday,0,0
ORD051547,3921,20/05/2023,5,Saturday,0,0
ORD051547,3921,20/05/2023,5,Saturday,0,0
ORD051548,3921,26/05/2023,5,Friday,0,0
ORD051551,3921,15/07/2023,7,Saturday,0,0
ORD051552,3921,11/08/2023,8,Friday,0,0
ORD041443,3266,17/07/2023,7,Monday,0,0
ORD041443,3266,17/07/2023,7,Monday,0,0
ORD042742,3322,03/06/2023,6,Saturday,0,0
ORD042741,3322,04/05/2023,5,Thursday,0,0
ORD042743,3322,16/06/2023,6,Friday,0,0
ORD043516,3357,20/05/2023,5,Saturday,0,0
ORD043517,3357,05/06/2023,6,Monday,0,0
ORD043517,3357,05/06/2023,6,Monday,0,0
ORD043520,3357,24/07/2023,7,Monday,0,0
ORD043522,3357,04/08/2023,8,Friday,0,0
ORD043515,3357,13/05/2023,5,Saturday,0,0
ORD043515,3357,13/05/2023,5,Saturday,0,0
ORD043515,3357,13/05/2023,5,Saturday,0,0
ORD043515,3357,13/05/2023,5,Saturday,0,0
ORD043519,3357,20/07/2023,7,Thursday,0,0
ORD043519,3357,20/07/2023,7,Thursday,0,0
ORD043522,3357,04/08/2023,8,Friday,0,0
ORD043522,3357,04/08/2023,8,Friday,0,0
ORD043517,3357,05/06/2023,6,Monday,0,0
ORD043517,3357,05/06/2023,6,Monday,0,0
ORD044507,3405,19/07/2023,7,Wednesday,0,0
ORD051242,3889,05/08/2023,8,Saturday,0,0
ORD051233,3889,19/04/2023,4,Wednesday,0,0
ORD051242,3889,05/08/2023,8,Saturday,0,0
ORD051237,3889,21/05/2023,5,Sunday,0,0
ORD051240,3889,11/07/2023,7,Tuesday,0,0
ORD051240,3889,11/07/2023,7,Tuesday,0,0
ORD051238,3889,25/05/2023,5,Thursday,0,0
ORD051238,3889,25/05/2023,5,Thursday,0,0
ORD051233,3889,19/04/2023,4,Wednesday,0,0
ORD051242,3889,05/08/2023,8,Saturday,0,0
ORD051234,3889,07/05/2023,5,Sunday,0,0
ORD051235,3889,08/05/2023,5,Monday,0,0
ORD051242,3889,05/08/2023,8,Saturday,0,0
ORD051242,3889,05/08/2023,8,Saturday,0,0
ORD051290,3894,10/05/2023,5,Wednesday,0,0
ORD051301,3895,02/06/2023,6,Friday,0,0
ORD051302,3895,16/06/2023,6,Friday,0,0
ORD051301,3895,02/06/2023,6,Friday,0,0
ORD051302,3895,16/06/2023,6,Friday,0,0
ORD051301,3895,02/06/2023,6,Friday,0,0
ORD051303,3895,24/06/2023,6,Saturday,0,0
ORD051302,3895,16/06/2023,6,Friday,0,0
ORD051303,3895,24/06/2023,6,Saturday,0,0
ORD051301,3895,02/06/2023,6,Friday,0,0
ORD051453,3910,04/07/2023,7,Tuesday,0,0
ORD051453,3910,04/07/2023,7,Tuesday,0,0
ORD051551,3921,15/07/2023,7,Saturday,0,0
ORD050291,3802,28/07/2023,7,Friday,0,0
ORD050894,3854,13/06/2023,6,Tuesday,0,0
ORD050893,3854,23/05/2023,5,Tuesday,0,0
ORD050894,3854,13/06/2023,6,Tuesday,0,0
ORD050940,3858,14/06/2023,6,Wednesday,0,0
ORD050940,3858,14/06/2023,6,Wednesday,0,0
ORD050940,3858,14/06/2023,6,Wednesday,0,0
ORD051045,3866,26/07/2023,7,Wednesday,0,0
ORD051150,3881,22/07/2023,7,Saturday,0,0
ORD051151,3881,03/08/2023,8,Thursday,0,0
ORD051151,3881,03/08/2023,8,Thursday,0,0
ORD051233,3889,19/04/2023,4,Wednesday,0,0
ORD051239,3889,08/07/2023,7,Saturday,0,0
ORD051239,3889,08/07/2023,7,Saturday,0,0
ORD051242,3889,05/08/2023,8,Saturday,0,0
ORD051234,3889,07/05/2023,5,Sunday,0,0
ORD051234,3889,07/05/2023,5,Sunday,0,0
ORD051234,3889,07/05/2023,5,Sunday,0,0
ORD051238,3889,25/05/2023,5,Thursday,0,0
ORD051238,3889,25/05/2023,5,Thursday,0,0
ORD051239,3889,08/07/2023,7,Saturday,0,0
ORD051233,3889,19/04/2023,4,Wednesday,0,0
ORD051241,3889,29/07/2023,7,Saturday,0,0
ORD051236,3889,20/05/2023,5,Saturday,0,0
ORD051290,3894,10/05/2023,5,Wednesday,0,0
ORD051290,3894,10/05/2023,5,Wednesday,0,0
ORD051301,3895,02/06/2023,6,Friday,0,0
ORD044536,3406,07/06/2023,6,Wednesday,0,0
ORD044536,3406,07/06/2023,6,Wednesday,0,0
ORD044538,3406,05/08/2023,8,Saturday,0,0
ORD044533,3406,10/05/2023,5,Wednesday,0,0
ORD044536,3406,07/06/2023,6,Wednesday,0,0
ORD044539,3406,08/08/2023,8,Tuesday,0,0
ORD044536,3406,07/06/2023,6,Wednesday,0,0
ORD044539,3406,08/08/2023,8,Tuesday,0,0
ORD044676,3414,14/06/2023,6,Wednesday,0,0
ORD044815,3422,14/06/2023,6,Wednesday,0,0
ORD044812,3422,03/05/2023,5,Wednesday,0,0
ORD044817,3422,27/06/2023,6,Tuesday,0,0
ORD044815,3422,14/06/2023,6,Wednesday,0,0
ORD051547,3921,20/05/2023,5,Saturday,0,0
ORD051547,3921,20/05/2023,5,Saturday,0,0
ORD051547,3921,20/05/2023,5,Saturday,0,0
ORD051548,3921,26/05/2023,5,Friday,0,0
ORD051771,3947,22/05/2023,5,Monday,0,0
ORD051777,3947,26/06/2023,6,Monday,0,0
ORD051773,3947,01/06/2023,6,Thursday,0,0
ORD051832,3953,05/06/2023,6,Monday,0,0
ORD052020,4034,13/07/2023,7,Thursday,0,0
ORD052020,4034,13/07/2023,7,Thursday,0,0
ORD052020,4034,13/07/2023,7,Thursday,0,0
ORD052022,4050,21/04/2023,4,Friday,0,0
ORD052022,4050,21/04/2023,4,Friday,0,0
ORD052023,4062,15/06/2023,6,Thursday,0,0
ORD052030,4087,21/05/2023,5,Sunday,0,0
ORD052034,4087,16/07/2023,7,Sunday,0,0
ORD052033,4087,06/07/2023,7,Thursday,0,0
ORD052320,5217,11/08/2023,8,Friday,0,0
ORD052331,5228,28/07/2023,7,Friday,0,0
ORD052325,5228,15/05/2023,5,Monday,0,0
ORD052325,5228,15/05/2023,5,Monday,0,0
ORD052326,5228,07/06/2023,6,Wednesday,0,0
ORD052324,5228,10/05/2023,5,Wednesday,0,0
ORD052327,5228,23/06/2023,6,Friday,0,0
ORD052325,5228,15/05/2023,5,Monday,0,0
ORD052331,5228,28/07/2023,7,Friday,0,0
ORD052331,5228,28/07/2023,7,Friday,0,0
ORD052326,5228,07/06/2023,6,Wednesday,0,0
ORD052326,5228,07/06/2023,6,Wednesday,0,0
ORD052338,5230,03/07/2023,7,Monday,0,0
ORD052335,5230,21/05/2023,5,Sunday,0,0
ORD052340,5230,21/07/2023,7,Friday,0,0
ORD052339,5230,19/07/2023,7,Wednesday,0,0
ORD052334,5230,21/04/2023,4,Friday,0,0
ORD052337,5230,10/06/2023,6,Saturday,0,0
ORD052341,5233,31/05/2023,5,Wednesday,0,0
ORD051546,3921,19/04/2023,4,Wednesday,0,0
ORD051547,3921,20/05/2023,5,Saturday,0,0
ORD051547,3921,20/05/2023,5,Saturday,0,0
ORD051547,3921,20/05/2023,5,Saturday,0,0
ORD051547,3921,20/05/2023,5,Saturday,0,0
ORD051552,3921,11/08/2023,8,Friday,0,0
ORD051777,3947,26/06/2023,6,Monday,0,0
ORD051831,3953,21/05/2023,5,Sunday,0,0
ORD051996,3976,11/05/2023,5,Thursday,0,0
ORD052020,4034,13/07/2023,7,Thursday,0,0
ORD052020,4034,13/07/2023,7,Thursday,0,0
ORD052022,4050,21/04/2023,4,Friday,0,0
ORD052022,4050,21/04/2023,4,Friday,0,0
ORD052023,4062,15/06/2023,6,Thursday,0,0
ORD052023,4062,15/06/2023,6,Thursday,0,0
ORD052023,4062,15/06/2023,6,Thursday,0,0
ORD052024,4064,23/07/2023,7,Sunday,0,0
ORD044812,3422,03/05/2023,5,Wednesday,0,0
ORD044815,3422,14/06/2023,6,Wednesday,0,0
ORD044813,3422,11/05/2023,5,Thursday,0,0
ORD044815,3422,14/06/2023,6,Wednesday,0,0
ORD044815,3422,14/06/2023,6,Wednesday,0,0
ORD044812,3422,03/05/2023,5,Wednesday,0,0
ORD044814,3422,24/05/2023,5,Wednesday,0,0
ORD044813,3422,11/05/2023,5,Thursday,0,0
ORD045170,3442,23/05/2023,5,Tuesday,0,0
ORD045170,3442,23/05/2023,5,Tuesday,0,0
ORD046571,3522,16/04/2023,4,Sunday,0,0
ORD047110,3561,12/07/2023,7,Wednesday,0,0
ORD047384,3582,30/05/2023,5,Tuesday,0,0
ORD047417,3585,13/06/2023,6,Tuesday,0,0
ORD047419,3585,31/07/2023,7,Monday,0,0
ORD047420,3585,04/08/2023,8,Friday,0,0
ORD047414,3585,31/05/2023,5,Wednesday,0,0
ORD047414,3585,31/05/2023,5,Wednesday,0,0
ORD047414,3585,31/05/2023,5,Wednesday,0,0
ORD052345,5233,24/06/2023,6,Saturday,0,0
ORD052344,5233,18/06/2023,6,Sunday,0,0
ORD052341,5233,31/05/2023,5,Wednesday,0,0
ORD052346,5238,28/04/2023,4,Friday,0,0
ORD052350,5239,31/05/2023,5,Wednesday,0,0
ORD052351,5239,05/06/2023,6,Monday,0,0
ORD052353,5239,09/07/2023,7,Sunday,0,0
ORD052350,5239,31/05/2023,5,Wednesday,0,0
ORD052356,5244,21/04/2023,4,Friday,0,0
ORD052355,5244,19/04/2023,4,Wednesday,0,0
ORD052355,5244,19/04/2023,4,Wednesday,0,0
ORD052355,5244,19/04/2023,4,Wednesday,0,0
ORD052356,5244,21/04/2023,4,Friday,0,0
ORD052355,5244,19/04/2023,4,Wednesday,0,0
ORD052355,5244,19/04/2023,4,Wednesday,0,0
ORD052355,5244,19/04/2023,4,Wednesday,0,0
ORD052356,5244,21/04/2023,4,Friday,0,0
ORD052355,5244,19/04/2023,4,Wednesday,0,0
ORD052360,5249,10/08/2023,8,Thursday,0,0
ORD052358,5249,06/07/2023,7,Thursday,0,0
ORD052360,5249,10/08/2023,8,Thursday,0,0
ORD052358,5249,06/07/2023,7,Thursday,0,0
ORD052360,5249,10/08/2023,8,Thursday,0,0
ORD051303,3895,24/06/2023,6,Saturday,0,0
ORD051303,3895,24/06/2023,6,Saturday,0,0
ORD051301,3895,02/06/2023,6,Friday,0,0
ORD051301,3895,02/06/2023,6,Friday,0,0
ORD051301,3895,02/06/2023,6,Friday,0,0
ORD051301,3895,02/06/2023,6,Friday,0,0
ORD051302,3895,16/06/2023,6,Friday,0,0
ORD051301,3895,02/06/2023,6,Friday,0,0
ORD051547,3921,20/05/2023,5,Saturday,0,0
ORD051547,3921,20/05/2023,5,Saturday,0,0
ORD051547,3921,20/05/2023,5,Saturday,0,0
ORD051546,3921,19/04/2023,4,Wednesday,0,0
ORD051546,3921,19/04/2023,4,Wednesday,0,0
ORD051547,3921,20/05/2023,5,Saturday,0,0
ORD051547,3921,20/05/2023,5,Saturday,0,0
ORD051546,3921,19/04/2023,4,Wednesday,0,0
ORD051546,3921,19/04/2023,4,Wednesday,0,0
ORD051547,3921,20/05/2023,5,Saturday,0,0
ORD044817,3422,27/06/2023,6,Tuesday,0,0
ORD044817,3422,27/06/2023,6,Tuesday,0,0
ORD044814,3422,24/05/2023,5,Wednesday,0,0
ORD044813,3422,11/05/2023,5,Thursday,0,0
ORD044812,3422,03/05/2023,5,Wednesday,0,0
ORD044816,3422,23/06/2023,6,Friday,0,0
ORD045170,3442,23/05/2023,5,Tuesday,0,0
ORD046571,3522,16/04/2023,4,Sunday,0,0
ORD046571,3522,16/04/2023,4,Sunday,0,0
ORD046571,3522,16/04/2023,4,Sunday,0,0
ORD046571,3522,16/04/2023,4,Sunday,0,0
ORD046571,3522,16/04/2023,4,Sunday,0,0
ORD047110,3561,12/07/2023,7,Wednesday,0,0
ORD047328,3576,31/05/2023,5,Wednesday,0,0
ORD047384,3582,30/05/2023,5,Tuesday,0,0
ORD047413,3585,02/05/2023,5,Tuesday,0,0
ORD052036,4141,11/08/2023,8,Friday,0,0
ORD052036,4141,11/08/2023,8,Friday,0,0
ORD052036,4141,11/08/2023,8,Friday,0,0
ORD052036,4141,11/08/2023,8,Friday,0,0
ORD052036,4141,11/08/2023,8,Friday,0,0
ORD052040,4176,18/05/2023,5,Thursday,0,0
ORD052037,4176,16/04/2023,4,Sunday,0,0
ORD052037,4176,16/04/2023,4,Sunday,0,0
ORD052041,4176,19/06/2023,6,Monday,0,0
ORD052037,4176,16/04/2023,4,Sunday,0,0
ORD052042,4185,25/06/2023,6,Sunday,0,0
ORD052044,4200,15/06/2023,6,Thursday,0,0
ORD052050,4242,10/06/2023,6,Saturday,0,0
ORD052051,4242,26/06/2023,6,Monday,0,0
ORD052050,4242,10/06/2023,6,Saturday,0,0
ORD052054,4242,09/08/2023,8,Wednesday,0,0
ORD052051,4242,26/06/2023,6,Monday,0,0
ORD052049,4242,06/06/2023,6,Tuesday,0,0
ORD052054,4242,09/08/2023,8,Wednesday,0,0
ORD052052,4242,26/07/2023,7,Wednesday,0,0
ORD052052,4242,26/07/2023,7,Wednesday,0,0
ORD052051,4242,26/06/2023,6,Monday,0,0
ORD052360,5249,10/08/2023,8,Thursday,0,0
ORD052360,5249,10/08/2023,8,Thursday,0,0
ORD052364,5272,10/06/2023,6,Saturday,0,0
ORD052362,5272,08/05/2023,5,Monday,0,0
ORD052369,5272,08/08/2023,8,Tuesday,0,0
ORD052369,5272,08/08/2023,8,Tuesday,0,0
ORD052373,5286,08/06/2023,6,Thursday,0,0
ORD052375,5296,16/05/2023,5,Tuesday,0,0
ORD052383,5329,09/06/2023,6,Friday,0,0
ORD052383,5329,09/06/2023,6,Friday,0,0
ORD052386,5329,08/07/2023,7,Saturday,0,0
ORD052383,5329,09/06/2023,6,Friday,0,0
ORD052385,5329,28/06/2023,6,Wednesday,0,0
ORD052385,5329,28/06/2023,6,Wednesday,0,0
ORD052384,5329,23/06/2023,6,Friday,0,0
ORD052379,5329,04/05/2023,5,Thursday,0,0
ORD047412,3585,15/04/2023,4,Saturday,0,0
ORD047418,3585,18/07/2023,7,Tuesday,0,0
ORD047418,3585,18/07/2023,7,Tuesday,0,0
ORD047417,3585,13/06/2023,6,Tuesday,0,0
ORD047416,3585,09/06/2023,6,Friday,0,0
ORD047414,3585,31/05/2023,5,Wednesday,0,0
ORD047414,3585,31/05/2023,5,Wednesday,0,0
ORD047417,3585,13/06/2023,6,Tuesday,0,0
ORD047745,3613,22/05/2023,5,Monday,0,0
ORD047746,3613,25/05/2023,5,Thursday,0,0
ORD048315,3657,27/05/2023,5,Saturday,0,0
ORD048716,3687,02/07/2023,7,Sunday,0,0
ORD049132,3717,03/07/2023,7,Monday,0,0
ORD049132,3717,03/07/2023,7,Monday,0,0
ORD049133,3717,06/07/2023,7,Thursday,0,0
ORD049133,3717,06/07/2023,7,Thursday,0,0
ORD049128,3717,24/05/2023,5,Wednesday,0,0
ORD049133,3717,06/07/2023,7,Thursday,0,0
ORD049128,3717,24/05/2023,5,Wednesday,0,0
ORD049127,3717,12/05/2023,5,Friday,0,0
ORD049219,3723,20/07/2023,7,Thursday,0,0
ORD049218,3723,15/04/2023,4,Saturday,0,0
ORD049644,3752,17/05/2023,5,Wednesday,0,0
ORD047419,3585,31/07/2023,7,Monday,0,0
ORD047745,3613,22/05/2023,5,Monday,0,0
ORD047745,3613,22/05/2023,5,Monday,0,0
ORD047746,3613,25/05/2023,5,Thursday,0,0
ORD049133,3717,06/07/2023,7,Thursday,0,0
ORD049132,3717,03/07/2023,7,Monday,0,0
ORD049132,3717,03/07/2023,7,Monday,0,0
ORD049132,3717,03/07/2023,7,Monday,0,0
ORD049127,3717,12/05/2023,5,Friday,0,0
ORD049133,3717,06/07/2023,7,Thursday,0,0
ORD049131,3717,27/06/2023,6,Tuesday,0,0
ORD049126,3717,01/05/2023,5,Monday,0,0
ORD049128,3717,24/05/2023,5,Wednesday,0,0
ORD049128,3717,24/05/2023,5,Wednesday,0,0
ORD049128,3717,24/05/2023,5,Wednesday,0,0
ORD049133,3717,06/07/2023,7,Thursday,0,0
ORD049133,3717,06/07/2023,7,Thursday,0,0
ORD049133,3717,06/07/2023,7,Thursday,0,0
ORD049132,3717,03/07/2023,7,Monday,0,0
ORD049129,3717,10/06/2023,6,Saturday,0,0
ORD049133,3717,06/07/2023,7,Thursday,0,0
ORD049132,3717,03/07/2023,7,Monday,0,0
ORD052033,4087,06/07/2023,7,Thursday,0,0
ORD052034,4087,16/07/2023,7,Sunday,0,0
ORD052029,4087,12/05/2023,5,Friday,0,0
ORD052032,4087,02/06/2023,6,Friday,0,0
ORD052036,4141,11/08/2023,8,Friday,0,0
ORD052036,4141,11/08/2023,8,Friday,0,0
ORD052036,4141,11/08/2023,8,Friday,0,0
ORD052036,4141,11/08/2023,8,Friday,0,0
ORD052036,4141,11/08/2023,8,Friday,0,0
ORD052036,4141,11/08/2023,8,Friday,0,0
ORD052039,4176,27/04/2023,4,Thursday,0,0
ORD052037,4176,16/04/2023,4,Sunday,0,0
ORD052041,4176,19/06/2023,6,Monday,0,0
ORD052037,4176,16/04/2023,4,Sunday,0,0
ORD052037,4176,16/04/2023,4,Sunday,0,0
ORD052040,4176,18/05/2023,5,Thursday,0,0
ORD052043,4185,05/08/2023,8,Saturday,0,0
ORD052043,4185,05/08/2023,8,Saturday,0,0
ORD052042,4185,25/06/2023,6,Sunday,0,0
ORD052043,4185,05/08/2023,8,Saturday,0,0
ORD052054,4242,09/08/2023,8,Wednesday,0,0
ORD052051,4242,26/06/2023,6,Monday,0,0
ORD052050,4242,10/06/2023,6,Saturday,0,0
ORD050288,3802,28/06/2023,6,Wednesday,0,0
ORD050292,3802,08/08/2023,8,Tuesday,0,0
ORD050476,3817,28/06/2023,6,Wednesday,0,0
ORD051045,3866,26/07/2023,7,Wednesday,0,0
ORD051045,3866,26/07/2023,7,Wednesday,0,0
ORD051150,3881,22/07/2023,7,Saturday,0,0
ORD051150,3881,22/07/2023,7,Saturday,0,0
ORD051150,3881,22/07/2023,7,Saturday,0,0
ORD051150,3881,22/07/2023,7,Saturday,0,0
ORD051151,3881,03/08/2023,8,Thursday,0,0
ORD051151,3881,03/08/2023,8,Thursday,0,0
ORD051152,3881,05/08/2023,8,Saturday,0,0
ORD051151,3881,03/08/2023,8,Thursday,0,0
ORD051242,3889,05/08/2023,8,Saturday,0,0
ORD051233,3889,19/04/2023,4,Wednesday,0,0
ORD051242,3889,05/08/2023,8,Saturday,0,0
ORD051238,3889,25/05/2023,5,Thursday,0,0
ORD051242,3889,05/08/2023,8,Saturday,0,0
ORD051240,3889,11/07/2023,7,Tuesday,0,0
ORD051237,3889,21/05/2023,5,Sunday,0,0
ORD051290,3894,10/05/2023,5,Wednesday,0,0
ORD051290,3894,10/05/2023,5,Wednesday,0,0
ORD051290,3894,10/05/2023,5,Wednesday,0,0
ORD051301,3895,02/06/2023,6,Friday,0,0
ORD051301,3895,02/06/2023,6,Friday,0,0
ORD052052,4242,26/07/2023,7,Wednesday,0,0
ORD052051,4242,26/06/2023,6,Monday,0,0
ORD052050,4242,10/06/2023,6,Saturday,0,0
ORD052052,4242,26/07/2023,7,Wednesday,0,0
ORD052052,4242,26/07/2023,7,Wednesday,0,0
ORD052054,4242,09/08/2023,8,Wednesday,0,0
ORD052056,4300,29/04/2023,4,Saturday,0,0
ORD052056,4300,29/04/2023,4,Saturday,0,0
ORD052057,4344,30/04/2023,4,Sunday,0,0
ORD052057,4344,30/04/2023,4,Sunday,0,0
ORD052058,4344,16/06/2023,6,Friday,0,0
ORD052058,4344,16/06/2023,6,Friday,0,0
ORD052057,4344,30/04/2023,4,Sunday,0,0
ORD052060,4350,08/08/2023,8,Tuesday,0,0
ORD052059,4350,12/05/2023,5,Friday,0,0
ORD052059,4350,12/05/2023,5,Friday,0,0
ORD052064,4402,24/07/2023,7,Monday,0,0
ORD052064,4402,24/07/2023,7,Monday,0,0
ORD052066,4410,09/06/2023,6,Friday,0,0
ORD052386,5329,08/07/2023,7,Saturday,0,0
ORD052382,5329,03/06/2023,6,Saturday,0,0
ORD052383,5329,09/06/2023,6,Friday,0,0
ORD052379,5329,04/05/2023,5,Thursday,0,0
ORD052391,5346,01/08/2023,8,Tuesday,0,0
ORD052393,5376,04/06/2023,6,Sunday,0,0
ORD052395,5376,16/07/2023,7,Sunday,0,0
ORD052402,5385,22/05/2023,5,Monday,0,0
ORD052402,5385,22/05/2023,5,Monday,0,0
ORD052399,5385,18/04/2023,4,Tuesday,0,0
ORD052399,5385,18/04/2023,4,Tuesday,0,0
ORD052403,5385,17/06/2023,6,Saturday,0,0
ORD052402,5385,22/05/2023,5,Monday,0,0
ORD052401,5385,19/05/2023,5,Friday,0,0
ORD052405,5391,15/04/2023,4,Saturday,0,0
ORD052415,5391,10/07/2023,7,Monday,0,0
ORD052412,5391,07/06/2023,6,Wednesday,0,0
ORD052410,5391,25/05/2023,5,Thursday,0,0
ORD052407,5391,18/05/2023,5,Thursday,0,0
ORD052412,5391,07/06/2023,6,Wednesday,0,0
ORD052406,5391,28/04/2023,4,Friday,0,0
ORD051546,3921,19/04/2023,4,Wednesday,0,0
ORD051831,3953,21/05/2023,5,Sunday,0,0
ORD051832,3953,05/06/2023,6,Monday,0,0
ORD051832,3953,05/06/2023,6,Monday,0,0
ORD051831,3953,21/05/2023,5,Sunday,0,0
ORD052022,4050,21/04/2023,4,Friday,0,0
ORD052022,4050,21/04/2023,4,Friday,0,0
ORD052022,4050,21/04/2023,4,Friday,0,0
ORD052023,4062,15/06/2023,6,Thursday,0,0
ORD052023,4062,15/06/2023,6,Thursday,0,0
ORD052023,4062,15/06/2023,6,Thursday,0,0
ORD052024,4064,23/07/2023,7,Sunday,0,0
ORD052027,4075,26/04/2023,4,Wednesday,0,0
ORD052033,4087,06/07/2023,7,Thursday,0,0
ORD052033,4087,06/07/2023,7,Thursday,0,0
ORD052036,4141,11/08/2023,8,Friday,0,0
ORD052036,4141,11/08/2023,8,Friday,0,0
ORD052036,4141,11/08/2023,8,Friday,0,0
ORD052036,4141,11/08/2023,8,Friday,0,0
ORD052051,4242,26/06/2023,6,Monday,0,0
ORD052052,4242,26/07/2023,7,Wednesday,0,0
ORD052056,4300,29/04/2023,4,Saturday,0,0
ORD052056,4300,29/04/2023,4,Saturday,0,0
ORD052058,4344,16/06/2023,6,Friday,0,0
ORD052058,4344,16/06/2023,6,Friday,0,0
ORD052058,4344,16/06/2023,6,Friday,0,0
ORD052058,4344,16/06/2023,6,Friday,0,0
ORD052058,4344,16/06/2023,6,Friday,0,0
ORD052060,4350,08/08/2023,8,Tuesday,0,0
ORD052062,4402,03/05/2023,5,Wednesday,0,0
ORD052064,4402,24/07/2023,7,Monday,0,0
ORD052065,4402,31/07/2023,7,Monday,0,0
ORD052063,4402,15/05/2023,5,Monday,0,0
ORD052066,4410,09/06/2023,6,Friday,0,0
ORD052076,4448,13/08/2023,8,Sunday,0,0
ORD052076,4448,13/08/2023,8,Sunday,0,0
ORD052070,4448,27/04/2023,4,Thursday,0,0
ORD052071,4448,04/05/2023,5,Thursday,0,0
ORD052080,4467,06/06/2023,6,Tuesday,0,0
ORD052077,4467,26/04/2023,4,Wednesday,0,0
ORD052067,4418,19/05/2023,5,Friday,0,0
ORD052068,4437,12/05/2023,5,Friday,0,0
ORD052076,4448,13/08/2023,8,Sunday,0,0
ORD052069,4448,20/04/2023,4,Thursday,0,0
ORD052073,4448,19/05/2023,5,Friday,0,0
ORD052077,4467,26/04/2023,4,Wednesday,0,0
ORD052083,4467,11/07/2023,7,Tuesday,0,0
ORD052080,4467,06/06/2023,6,Tuesday,0,0
ORD052081,4467,17/06/2023,6,Saturday,0,0
ORD052079,4467,08/05/2023,5,Monday,0,0
ORD052080,4467,06/06/2023,6,Tuesday,0,0
ORD052087,4487,19/06/2023,6,Monday,0,0
ORD052091,4551,12/06/2023,6,Monday,0,0
ORD052091,4551,12/06/2023,6,Monday,0,0
ORD052108,4597,17/07/2023,7,Monday,0,0
ORD052105,4597,23/06/2023,6,Friday,0,0
ORD052102,4597,28/05/2023,5,Sunday,0,0
ORD052098,4597,20/04/2023,4,Thursday,0,0
ORD052097,4597,16/04/2023,4,Sunday,0,0
ORD052101,4597,09/05/2023,5,Tuesday,0,0
ORD052429,5399,03/08/2023,8,Thursday,0,0
ORD052424,5399,14/07/2023,7,Friday,0,0
ORD052430,5399,07/08/2023,8,Monday,0,0
ORD052428,5399,01/08/2023,8,Tuesday,0,0
ORD052430,5399,07/08/2023,8,Monday,0,0
ORD052430,5399,07/08/2023,8,Monday,0,0
ORD052423,5399,12/07/2023,7,Wednesday,0,0
ORD052429,5399,03/08/2023,8,Thursday,0,0
ORD052421,5399,09/07/2023,7,Sunday,0,0
ORD052427,5399,31/07/2023,7,Monday,0,0
ORD052429,5399,03/08/2023,8,Thursday,0,0
ORD052425,5399,16/07/2023,7,Sunday,0,0
ORD052422,5399,10/07/2023,7,Monday,0,0
ORD052427,5399,31/07/2023,7,Monday,0,0
ORD052426,5399,24/07/2023,7,Monday,0,0
ORD052425,5399,16/07/2023,7,Sunday,0,0
ORD052433,5429,08/08/2023,8,Tuesday,0,0
ORD052439,5447,08/05/2023,5,Monday,0,0
ORD052446,5447,05/07/2023,7,Wednesday,0,0
ORD052446,5447,05/07/2023,7,Wednesday,0,0
ORD052437,5447,14/04/2023,4,Friday,0,0
ORD052440,5447,12/05/2023,5,Friday,0,0
ORD052447,5447,08/07/2023,7,Saturday,0,0
ORD051301,3895,02/06/2023,6,Friday,0,0
ORD051303,3895,24/06/2023,6,Saturday,0,0
ORD051302,3895,16/06/2023,6,Friday,0,0
ORD051301,3895,02/06/2023,6,Friday,0,0
ORD051301,3895,02/06/2023,6,Friday,0,0
ORD051453,3910,04/07/2023,7,Tuesday,0,0
ORD051547,3921,20/05/2023,5,Saturday,0,0
ORD051547,3921,20/05/2023,5,Saturday,0,0
ORD051547,3921,20/05/2023,5,Saturday,0,0
ORD051547,3921,20/05/2023,5,Saturday,0,0
ORD051547,3921,20/05/2023,5,Saturday,0,0
ORD051547,3921,20/05/2023,5,Saturday,0,0
ORD051547,3921,20/05/2023,5,Saturday,0,0
ORD051551,3921,15/07/2023,7,Saturday,0,0
ORD051547,3921,20/05/2023,5,Saturday,0,0
ORD051547,3921,20/05/2023,5,Saturday,0,0
ORD051551,3921,15/07/2023,7,Saturday,0,0
ORD051548,3921,26/05/2023,5,Friday,0,0
ORD051546,3921,19/04/2023,4,Wednesday,0,0
ORD051547,3921,20/05/2023,5,Saturday,0,0
ORD051547,3921,20/05/2023,5,Saturday,0,0
ORD051547,3921,20/05/2023,5,Saturday,0,0
ORD051547,3921,20/05/2023,5,Saturday,0,0
ORD052439,5447,08/05/2023,5,Monday,0,0
ORD052447,5447,08/07/2023,7,Saturday,0,0
ORD052438,5447,07/05/2023,5,Sunday,0,0
ORD052440,5447,12/05/2023,5,Friday,0,0
ORD052437,5447,14/04/2023,4,Friday,0,0
ORD052444,5447,11/06/2023,6,Sunday,0,0
ORD052451,5463,15/07/2023,7,Saturday,0,0
ORD052451,5463,15/07/2023,7,Saturday,0,0
ORD052451,5463,15/07/2023,7,Saturday,0,0
ORD052452,5470,03/06/2023,6,Saturday,0,0
ORD052452,5470,03/06/2023,6,Saturday,0,0
ORD052454,5470,18/06/2023,6,Sunday,0,0
ORD052456,5470,13/07/2023,7,Thursday,0,0
ORD052458,5470,03/08/2023,8,Thursday,0,0
ORD052452,5470,03/06/2023,6,Saturday,0,0
ORD052457,5470,29/07/2023,7,Saturday,0,0
ORD052455,5470,06/07/2023,7,Thursday,0,0
ORD052464,5512,23/05/2023,5,Tuesday,0,0
ORD052465,5512,16/06/2023,6,Friday,0,0
ORD049132,3717,03/07/2023,7,Monday,0,0
ORD049128,3717,24/05/2023,5,Wednesday,0,0
ORD049128,3717,24/05/2023,5,Wednesday,0,0
ORD049218,3723,15/04/2023,4,Saturday,0,0
ORD049219,3723,20/07/2023,7,Thursday,0,0
ORD049644,3752,17/05/2023,5,Wednesday,0,0
ORD049644,3752,17/05/2023,5,Wednesday,0,0
ORD050291,3802,28/07/2023,7,Friday,0,0
ORD050291,3802,28/07/2023,7,Friday,0,0
ORD050477,3817,27/07/2023,7,Thursday,0,0
ORD050893,3854,23/05/2023,5,Tuesday,0,0
ORD050893,3854,23/05/2023,5,Tuesday,0,0
ORD050893,3854,23/05/2023,5,Tuesday,0,0
ORD050940,3858,14/06/2023,6,Wednesday,0,0
ORD050940,3858,14/06/2023,6,Wednesday,0,0
ORD050940,3858,14/06/2023,6,Wednesday,0,0
ORD051045,3866,26/07/2023,7,Wednesday,0,0
ORD051150,3881,22/07/2023,7,Saturday,0,0
ORD051150,3881,22/07/2023,7,Saturday,0,0
ORD051150,3881,22/07/2023,7,Saturday,0,0
ORD051150,3881,22/07/2023,7,Saturday,0,0
ORD051152,3881,05/08/2023,8,Saturday,0,0
ORD051151,3881,03/08/2023,8,Thursday,0,0
ORD052081,4467,17/06/2023,6,Saturday,0,0
ORD052086,4487,25/05/2023,5,Thursday,0,0
ORD052086,4487,25/05/2023,5,Thursday,0,0
ORD052088,4487,03/07/2023,7,Monday,0,0
ORD052088,4487,03/07/2023,7,Monday,0,0
ORD052091,4551,12/06/2023,6,Monday,0,0
ORD052091,4551,12/06/2023,6,Monday,0,0
ORD052091,4551,12/06/2023,6,Monday,0,0
ORD052091,4551,12/06/2023,6,Monday,0,0
ORD052091,4551,12/06/2023,6,Monday,0,0
ORD052095,4586,31/05/2023,5,Wednesday,0,0
ORD052093,4586,19/04/2023,4,Wednesday,0,0
ORD052102,4597,28/05/2023,5,Sunday,0,0
ORD052098,4597,20/04/2023,4,Thursday,0,0
ORD052101,4597,09/05/2023,5,Tuesday,0,0
ORD052103,4597,07/06/2023,6,Wednesday,0,0
ORD052101,4597,09/05/2023,5,Tuesday,0,0
ORD052102,4597,28/05/2023,5,Sunday,0,0
ORD052100,4597,29/04/2023,4,Saturday,0,0
ORD052107,4597,10/07/2023,7,Monday,0,0
ORD052108,4597,17/07/2023,7,Monday,0,0
ORD052100,4597,29/04/2023,4,Saturday,0,0
ORD052110,4597,07/08/2023,8,Monday,0,0
ORD051152,3881,05/08/2023,8,Saturday,0,0
ORD051150,3881,22/07/2023,7,Saturday,0,0
ORD051242,3889,05/08/2023,8,Saturday,0,0
ORD051233,3889,19/04/2023,4,Wednesday,0,0
ORD051242,3889,05/08/2023,8,Saturday,0,0
ORD051234,3889,07/05/2023,5,Sunday,0,0
ORD051233,3889,19/04/2023,4,Wednesday,0,0
ORD051240,3889,11/07/2023,7,Tuesday,0,0
ORD051233,3889,19/04/2023,4,Wednesday,0,0
ORD051240,3889,11/07/2023,7,Tuesday,0,0
ORD051239,3889,08/07/2023,7,Saturday,0,0
ORD051238,3889,25/05/2023,5,Thursday,0,0
ORD051238,3889,25/05/2023,5,Thursday,0,0
ORD051238,3889,25/05/2023,5,Thursday,0,0
ORD051242,3889,05/08/2023,8,Saturday,0,0
ORD051242,3889,05/08/2023,8,Saturday,0,0
ORD051290,3894,10/05/2023,5,Wednesday,0,0
ORD051290,3894,10/05/2023,5,Wednesday,0,0
ORD051290,3894,10/05/2023,5,Wednesday,0,0
ORD051304,3895,04/07/2023,7,Tuesday,0,0
ORD051301,3895,02/06/2023,6,Friday,0,0
ORD051546,3921,19/04/2023,4,Wednesday,0,0
ORD051547,3921,20/05/2023,5,Saturday,0,0
ORD052036,4141,11/08/2023,8,Friday,0,0
ORD052037,4176,16/04/2023,4,Sunday,0,0
ORD052037,4176,16/04/2023,4,Sunday,0,0
ORD052037,4176,16/04/2023,4,Sunday,0,0
ORD052041,4176,19/06/2023,6,Monday,0,0
ORD052041,4176,19/06/2023,6,Monday,0,0
ORD052040,4176,18/05/2023,5,Thursday,0,0
ORD052039,4176,27/04/2023,4,Thursday,0,0
ORD052043,4185,05/08/2023,8,Saturday,0,0
ORD052042,4185,25/06/2023,6,Sunday,0,0
ORD052046,4210,30/05/2023,5,Tuesday,0,0
ORD052051,4242,26/06/2023,6,Monday,0,0
ORD052050,4242,10/06/2023,6,Saturday,0,0
ORD052053,4242,27/07/2023,7,Thursday,0,0
ORD052052,4242,26/07/2023,7,Wednesday,0,0
ORD052051,4242,26/06/2023,6,Monday,0,0
ORD052051,4242,26/06/2023,6,Monday,0,0
ORD052052,4242,26/07/2023,7,Wednesday,0,0
ORD052051,4242,26/06/2023,6,Monday,0,0
ORD052049,4242,06/06/2023,6,Tuesday,0,0
ORD052051,4242,26/06/2023,6,Monday,0,0
ORD052056,4300,29/04/2023,4,Saturday,0,0
ORD052056,4300,29/04/2023,4,Saturday,0,0
ORD052058,4344,16/06/2023,6,Friday,0,0
ORD052063,4402,15/05/2023,5,Monday,0,0
ORD052064,4402,24/07/2023,7,Monday,0,0
ORD052464,5512,23/05/2023,5,Tuesday,0,0
ORD052466,5512,12/07/2023,7,Wednesday,0,0
ORD052464,5512,23/05/2023,5,Tuesday,0,0
ORD052478,5522,12/07/2023,7,Wednesday,0,0
ORD052468,5522,26/04/2023,4,Wednesday,0,0
ORD052468,5522,26/04/2023,4,Wednesday,0,0
ORD052473,5522,07/06/2023,6,Wednesday,0,0
ORD052469,5522,30/04/2023,4,Sunday,0,0
ORD052473,5522,07/06/2023,6,Wednesday,0,0
ORD052476,5522,26/06/2023,6,Monday,0,0
ORD052472,5522,27/05/2023,5,Saturday,0,0
ORD052470,5522,10/05/2023,5,Wednesday,0,0
ORD052468,5522,26/04/2023,4,Wednesday,0,0
ORD052473,5522,07/06/2023,6,Wednesday,0,0
ORD052473,5522,07/06/2023,6,Wednesday,0,0
ORD052473,5522,07/06/2023,6,Wednesday,0,0
ORD052479,5525,22/07/2023,7,Saturday,0,0
ORD052482,5532,22/07/2023,7,Saturday,0,0
ORD052105,4597,23/06/2023,6,Friday,0,0
ORD052105,4597,23/06/2023,6,Friday,0,0
ORD052108,4597,17/07/2023,7,Monday,0,0
ORD052099,4597,26/04/2023,4,Wednesday,0,0
ORD052105,4597,23/06/2023,6,Friday,0,0
ORD052111,4604,22/05/2023,5,Monday,0,0
ORD052112,4604,06/07/2023,7,Thursday,0,0
ORD052112,4604,06/07/2023,7,Thursday,0,0
ORD052113,4631,01/06/2023,6,Thursday,0,0
ORD052116,4642,05/08/2023,8,Saturday,0,0
ORD052116,4642,05/08/2023,8,Saturday,0,0
ORD052115,4642,16/06/2023,6,Friday,0,0
ORD052115,4642,16/06/2023,6,Friday,0,0
ORD052115,4642,16/06/2023,6,Friday,0,0
ORD052116,4642,05/08/2023,8,Saturday,0,0
ORD052115,4642,16/06/2023,6,Friday,0,0
ORD052115,4642,16/06/2023,6,Friday,0,0
ORD052116,4642,05/08/2023,8,Saturday,0,0
ORD052121,4652,26/07/2023,7,Wednesday,0,0
ORD052119,4652,20/04/2023,4,Thursday,0,0
ORD052118,4652,16/04/2023,4,Sunday,0,0
ORD052118,4652,16/04/2023,4,Sunday,0,0
ORD052122,4666,13/05/2023,5,Saturday,0,0
ORD052124,4669,19/06/2023,6,Monday,0,0
ORD052481,5532,14/07/2023,7,Friday,0,0
ORD052488,5538,27/05/2023,5,Saturday,0,0
ORD052488,5538,27/05/2023,5,Saturday,0,0
ORD052486,5538,18/05/2023,5,Thursday,0,0
ORD052493,5538,09/07/2023,7,Sunday,0,0
ORD052485,5538,12/05/2023,5,Friday,0,0
ORD052488,5538,27/05/2023,5,Saturday,0,0
ORD052487,5538,20/05/2023,5,Saturday,0,0
ORD052490,5538,14/06/2023,6,Wednesday,0,0
ORD052491,5538,17/06/2023,6,Saturday,0,0
ORD052490,5538,14/06/2023,6,Wednesday,0,0
ORD052488,5538,27/05/2023,5,Saturday,0,0
ORD052488,5538,27/05/2023,5,Saturday,0,0
ORD052484,5538,21/04/2023,4,Friday,0,0
ORD052500,5547,06/06/2023,6,Tuesday,0,0
ORD052503,5594,21/05/2023,5,Sunday,0,0
ORD052510,5606,15/07/2023,7,Saturday,0,0
ORD052510,5606,15/07/2023,7,Saturday,0,0
ORD052512,5628,26/04/2023,4,Wednesday,0,0
ORD052514,5628,08/08/2023,8,Tuesday,0,0
ORD052514,5628,08/08/2023,8,Tuesday,0,0
ORD052512,5628,26/04/2023,4,Wednesday,0,0
ORD052515,5635,16/05/2023,5,Tuesday,0,0
ORD052521,5647,21/06/2023,6,Wednesday,0,0
ORD052525,5657,27/06/2023,6,Tuesday,0,0
ORD051547,3921,20/05/2023,5,Saturday,0,0
ORD051547,3921,20/05/2023,5,Saturday,0,0
ORD051547,3921,20/05/2023,5,Saturday,0,0
ORD051547,3921,20/05/2023,5,Saturday,0,0
ORD051547,3921,20/05/2023,5,Saturday,0,0
ORD051547,3921,20/05/2023,5,Saturday,0,0
ORD051551,3921,15/07/2023,7,Saturday,0,0
ORD051552,3921,11/08/2023,8,Friday,0,0
ORD051547,3921,20/05/2023,5,Saturday,0,0
ORD051772,3947,25/05/2023,5,Thursday,0,0
ORD051832,3953,05/06/2023,6,Monday,0,0
ORD052019,4034,09/05/2023,5,Tuesday,0,0
ORD052019,4034,09/05/2023,5,Tuesday,0,0
ORD052021,4038,17/04/2023,4,Monday,0,0
ORD052022,4050,21/04/2023,4,Friday,0,0
ORD052023,4062,15/06/2023,6,Thursday,0,0
ORD052032,4087,02/06/2023,6,Friday,0,0
ORD052028,4087,08/05/2023,5,Monday,0,0
ORD052028,4087,08/05/2023,5,Monday,0,0
ORD052525,5657,27/06/2023,6,Tuesday,0,0
ORD052529,5658,13/05/2023,5,Saturday,0,0
ORD052531,5658,10/06/2023,6,Saturday,0,0
ORD052530,5658,01/06/2023,6,Thursday,0,0
ORD052537,5680,03/06/2023,6,Saturday,0,0
ORD052545,5812,18/07/2023,7,Tuesday,0,0
ORD052549,5834,27/06/2023,6,Tuesday,0,0
ORD052549,5834,27/06/2023,6,Tuesday,0,0
ORD052110,4597,07/08/2023,8,Monday,0,0
ORD052098,4597,20/04/2023,4,Thursday,0,0
ORD052107,4597,10/07/2023,7,Monday,0,0
ORD052102,4597,28/05/2023,5,Sunday,0,0
ORD052098,4597,20/04/2023,4,Thursday,0,0
ORD052104,4597,15/06/2023,6,Thursday,0,0
ORD052112,4604,06/07/2023,7,Thursday,0,0
ORD052111,4604,22/05/2023,5,Monday,0,0
ORD052111,4604,22/05/2023,5,Monday,0,0
ORD052113,4631,01/06/2023,6,Thursday,0,0
ORD052116,4642,05/08/2023,8,Saturday,0,0
ORD052115,4642,16/06/2023,6,Friday,0,0
ORD052115,4642,16/06/2023,6,Friday,0,0
ORD052115,4642,16/06/2023,6,Friday,0,0
ORD052116,4642,05/08/2023,8,Saturday,0,0
ORD052116,4642,05/08/2023,8,Saturday,0,0
ORD052115,4642,16/06/2023,6,Friday,0,0
ORD052116,4642,05/08/2023,8,Saturday,0,0
ORD052116,4642,05/08/2023,8,Saturday,0,0
ORD052116,4642,05/08/2023,8,Saturday,0,0
ORD052116,4642,05/08/2023,8,Saturday,0,0
ORD052116,4642,05/08/2023,8,Saturday,0,0
ORD052116,4642,05/08/2023,8,Saturday,0,0
ORD052100,4597,29/04/2023,4,Saturday,0,0
ORD052106,4597,04/07/2023,7,Tuesday,0,0
ORD052104,4597,15/06/2023,6,Thursday,0,0
ORD052097,4597,16/04/2023,4,Sunday,0,0
ORD052103,4597,07/06/2023,6,Wednesday,0,0
ORD052108,4597,17/07/2023,7,Monday,0,0
ORD052110,4597,07/08/2023,8,Monday,0,0
ORD052107,4597,10/07/2023,7,Monday,0,0
ORD052102,4597,28/05/2023,5,Sunday,0,0
ORD052099,4597,26/04/2023,4,Wednesday,0,0
ORD052101,4597,09/05/2023,5,Tuesday,0,0
ORD052101,4597,09/05/2023,5,Tuesday,0,0
ORD052099,4597,26/04/2023,4,Wednesday,0,0
ORD052111,4604,22/05/2023,5,Monday,0,0
ORD052111,4604,22/05/2023,5,Monday,0,0
ORD052113,4631,01/06/2023,6,Thursday,0,0
ORD052116,4642,05/08/2023,8,Saturday,0,0
ORD052116,4642,05/08/2023,8,Saturday,0,0
ORD052116,4642,05/08/2023,8,Saturday,0,0
ORD052549,5834,27/06/2023,6,Tuesday,0,0
ORD052551,5838,09/06/2023,6,Friday,0,0
ORD052550,5838,05/06/2023,6,Monday,0,0
ORD052554,5845,25/04/2023,4,Tuesday,0,0
ORD052558,5858,23/06/2023,6,Friday,0,0
ORD052558,5858,23/06/2023,6,Friday,0,0
ORD052558,5858,23/06/2023,6,Friday,0,0
ORD052558,5858,23/06/2023,6,Friday,0,0
ORD052559,5860,10/06/2023,6,Saturday,0,0
ORD052559,5860,10/06/2023,6,Saturday,0,0
ORD052559,5860,10/06/2023,6,Saturday,0,0
ORD052566,5896,26/06/2023,6,Monday,0,0
ORD052566,5896,26/06/2023,6,Monday,0,0
ORD052566,5896,26/06/2023,6,Monday,0,0
ORD052566,5896,26/06/2023,6,Monday,0,0
ORD052567,5915,16/07/2023,7,Sunday,0,0
ORD052567,5915,16/07/2023,7,Sunday,0,0
ORD052567,5915,16/07/2023,7,Sunday,0,0
ORD052567,5915,16/07/2023,7,Sunday,0,0
ORD052567,5915,16/07/2023,7,Sunday,0,0
ORD052567,5915,16/07/2023,7,Sunday,0,0
ORD052569,5932,08/06/2023,6,Thursday,0,0
ORD052571,5933,14/05/2023,5,Sunday,0,0
ORD052130,4710,28/05/2023,5,Sunday,0,0
ORD052139,4741,10/08/2023,8,Thursday,0,0
ORD052137,4741,09/07/2023,7,Sunday,0,0
ORD052139,4741,10/08/2023,8,Thursday,0,0
ORD052139,4741,10/08/2023,8,Thursday,0,0
ORD052137,4741,09/07/2023,7,Sunday,0,0
ORD052138,4741,24/07/2023,7,Monday,0,0
ORD052135,4741,30/05/2023,5,Tuesday,0,0
ORD052139,4741,10/08/2023,8,Thursday,0,0
ORD052133,4741,08/05/2023,5,Monday,0,0
ORD052139,4741,10/08/2023,8,Thursday,0,0
ORD052134,4741,18/05/2023,5,Thursday,0,0
ORD052141,4749,19/04/2023,4,Wednesday,0,0
ORD052141,4749,19/04/2023,4,Wednesday,0,0
ORD052147,4766,18/07/2023,7,Tuesday,0,0
ORD052147,4766,18/07/2023,7,Tuesday,0,0
ORD052148,4766,19/07/2023,7,Wednesday,0,0
ORD052165,4801,30/07/2023,7,Sunday,0,0
ORD052161,4801,21/06/2023,6,Wednesday,0,0
ORD052160,4801,13/06/2023,6,Tuesday,0,0
ORD052032,4087,02/06/2023,6,Friday,0,0
ORD052028,4087,08/05/2023,5,Monday,0,0
ORD052035,4087,23/07/2023,7,Sunday,0,0
ORD052034,4087,16/07/2023,7,Sunday,0,0
ORD052036,4141,11/08/2023,8,Friday,0,0
ORD052036,4141,11/08/2023,8,Friday,0,0
ORD052036,4141,11/08/2023,8,Friday,0,0
ORD052036,4141,11/08/2023,8,Friday,0,0
ORD052036,4141,11/08/2023,8,Friday,0,0
ORD052036,4141,11/08/2023,8,Friday,0,0
ORD052037,4176,16/04/2023,4,Sunday,0,0
ORD052040,4176,18/05/2023,5,Thursday,0,0
ORD052039,4176,27/04/2023,4,Thursday,0,0
ORD052041,4176,19/06/2023,6,Monday,0,0
ORD052039,4176,27/04/2023,4,Thursday,0,0
ORD052043,4185,05/08/2023,8,Saturday,0,0
ORD052043,4185,05/08/2023,8,Saturday,0,0
ORD052042,4185,25/06/2023,6,Sunday,0,0
ORD052043,4185,05/08/2023,8,Saturday,0,0
ORD052046,4210,30/05/2023,5,Tuesday,0,0
ORD052046,4210,30/05/2023,5,Tuesday,0,0
ORD052046,4210,30/05/2023,5,Tuesday,0,0
ORD052046,4210,30/05/2023,5,Tuesday,0,0
ORD052114,4642,19/05/2023,5,Friday,0,0
ORD052115,4642,16/06/2023,6,Friday,0,0
ORD052116,4642,05/08/2023,8,Saturday,0,0
ORD052115,4642,16/06/2023,6,Friday,0,0
ORD052115,4642,16/06/2023,6,Friday,0,0
ORD052115,4642,16/06/2023,6,Friday,0,0
ORD052115,4642,16/06/2023,6,Friday,0,0
ORD052116,4642,05/08/2023,8,Saturday,0,0
ORD052116,4642,05/08/2023,8,Saturday,0,0
ORD052115,4642,16/06/2023,6,Friday,0,0
ORD052116,4642,05/08/2023,8,Saturday,0,0
ORD052118,4652,16/04/2023,4,Sunday,0,0
ORD052119,4652,20/04/2023,4,Thursday,0,0
ORD052120,4652,09/05/2023,5,Tuesday,0,0
ORD052123,4666,06/08/2023,8,Sunday,0,0
ORD052126,4679,08/08/2023,8,Tuesday,0,0
ORD052125,4679,28/07/2023,7,Friday,0,0
ORD052127,4708,02/05/2023,5,Tuesday,0,0
ORD052128,4708,06/07/2023,7,Thursday,0,0
ORD052132,4726,30/05/2023,5,Tuesday,0,0
ORD052137,4741,09/07/2023,7,Sunday,0,0
ORD052139,4741,10/08/2023,8,Thursday,0,0
ORD052137,4741,09/07/2023,7,Sunday,0,0
ORD052137,4741,09/07/2023,7,Sunday,0,0
ORD052137,4741,09/07/2023,7,Sunday,0,0
ORD052062,4402,03/05/2023,5,Wednesday,0,0
ORD052064,4402,24/07/2023,7,Monday,0,0
ORD052063,4402,15/05/2023,5,Monday,0,0
ORD052067,4418,19/05/2023,5,Friday,0,0
ORD052067,4418,19/05/2023,5,Friday,0,0
ORD052076,4448,13/08/2023,8,Sunday,0,0
ORD052073,4448,19/05/2023,5,Friday,0,0
ORD052079,4467,08/05/2023,5,Monday,0,0
ORD052085,4467,08/08/2023,8,Tuesday,0,0
ORD052084,4467,26/07/2023,7,Wednesday,0,0
ORD052081,4467,17/06/2023,6,Saturday,0,0
ORD052077,4467,26/04/2023,4,Wednesday,0,0
ORD052083,4467,11/07/2023,7,Tuesday,0,0
ORD052088,4487,03/07/2023,7,Monday,0,0
ORD052090,4511,20/04/2023,4,Thursday,0,0
ORD052091,4551,12/06/2023,6,Monday,0,0
ORD052091,4551,12/06/2023,6,Monday,0,0
ORD052091,4551,12/06/2023,6,Monday,0,0
ORD052091,4551,12/06/2023,6,Monday,0,0
ORD052092,4557,12/05/2023,5,Friday,0,0
ORD052092,4557,12/05/2023,5,Friday,0,0
ORD052105,4597,23/06/2023,6,Friday,0,0
ORD052097,4597,16/04/2023,4,Sunday,0,0
ORD052102,4597,28/05/2023,5,Sunday,0,0
ORD052573,5933,13/07/2023,7,Thursday,0,0
ORD052572,5933,19/06/2023,6,Monday,0,0
ORD052570,5933,08/05/2023,5,Monday,0,0
ORD052571,5933,14/05/2023,5,Sunday,0,0
ORD052573,5933,13/07/2023,7,Thursday,0,0
ORD052571,5933,14/05/2023,5,Sunday,0,0
ORD052574,5934,07/05/2023,5,Sunday,0,0
ORD052576,5934,28/05/2023,5,Sunday,0,0
ORD052576,5934,28/05/2023,5,Sunday,0,0
ORD052577,5934,23/06/2023,6,Friday,0,0
ORD052581,5962,26/06/2023,6,Monday,0,0
ORD052582,5974,10/08/2023,8,Thursday,0,0
ORD052582,5974,10/08/2023,8,Thursday,0,0
ORD052591,6026,18/04/2023,4,Tuesday,0,0
ORD052599,6026,13/07/2023,7,Thursday,0,0
ORD052593,6026,25/04/2023,4,Tuesday,0,0
ORD052593,6026,25/04/2023,4,Tuesday,0,0
ORD052597,6026,06/07/2023,7,Thursday,0,0
ORD052592,6026,21/04/2023,4,Friday,0,0
ORD052591,6026,18/04/2023,4,Tuesday,0,0
ORD052601,6030,12/05/2023,5,Friday,0,0
ORD052607,6037,17/05/2023,5,Wednesday,0,0
ORD052609,6037,18/06/2023,6,Sunday,0,0
ORD052609,6037,18/06/2023,6,Sunday,0,0
ORD052611,6037,25/06/2023,6,Sunday,0,0
ORD052611,6037,25/06/2023,6,Sunday,0,0
ORD052613,6037,17/07/2023,7,Monday,0,0
ORD052610,6037,24/06/2023,6,Saturday,0,0
ORD052607,6037,17/05/2023,5,Wednesday,0,0
ORD052617,6046,03/07/2023,7,Monday,0,0
ORD052615,6046,31/05/2023,5,Wednesday,0,0
ORD052617,6046,03/07/2023,7,Monday,0,0
ORD052617,6046,03/07/2023,7,Monday,0,0
ORD052617,6046,03/07/2023,7,Monday,0,0
ORD052618,6099,29/04/2023,4,Saturday,0,0
ORD052622,6182,06/07/2023,7,Thursday,0,0
ORD052624,6194,17/05/2023,5,Wednesday,0,0
ORD052627,6194,26/06/2023,6,Monday,0,0
ORD052625,6194,26/05/2023,5,Friday,0,0
ORD052628,6194,15/07/2023,7,Saturday,0,0
ORD052625,6194,26/05/2023,5,Friday,0,0
ORD052629,6194,28/07/2023,7,Friday,0,0
ORD052624,6194,17/05/2023,5,Wednesday,0,0
ORD052629,6194,28/07/2023,7,Friday,0,0
ORD052629,6194,28/07/2023,7,Friday,0,0
ORD052630,6200,04/05/2023,5,Thursday,0,0
ORD052635,6202,15/07/2023,7,Saturday,0,0
ORD052115,4642,16/06/2023,6,Friday,0,0
ORD052115,4642,16/06/2023,6,Friday,0,0
ORD052116,4642,05/08/2023,8,Saturday,0,0
ORD052115,4642,16/06/2023,6,Friday,0,0
ORD052115,4642,16/06/2023,6,Friday,0,0
ORD052116,4642,05/08/2023,8,Saturday,0,0
ORD052119,4652,20/04/2023,4,Thursday,0,0
ORD052118,4652,16/04/2023,4,Sunday,0,0
ORD052119,4652,20/04/2023,4,Thursday,0,0
ORD052119,4652,20/04/2023,4,Thursday,0,0
ORD052121,4652,26/07/2023,7,Wednesday,0,0
ORD052123,4666,06/08/2023,8,Sunday,0,0
ORD052124,4669,19/06/2023,6,Monday,0,0
ORD052126,4679,08/08/2023,8,Tuesday,0,0
ORD052125,4679,28/07/2023,7,Friday,0,0
ORD052125,4679,28/07/2023,7,Friday,0,0
ORD052126,4679,08/08/2023,8,Tuesday,0,0
ORD052125,4679,28/07/2023,7,Friday,0,0
ORD052125,4679,28/07/2023,7,Friday,0,0
ORD052127,4708,02/05/2023,5,Tuesday,0,0
ORD052127,4708,02/05/2023,5,Tuesday,0,0
ORD052127,4708,02/05/2023,5,Tuesday,0,0
ORD052128,4708,06/07/2023,7,Thursday,0,0
ORD052128,4708,06/07/2023,7,Thursday,0,0
ORD052130,4710,28/05/2023,5,Sunday,0,0
ORD052635,6202,15/07/2023,7,Saturday,0,0
ORD052635,6202,15/07/2023,7,Saturday,0,0
ORD052631,6202,29/04/2023,4,Saturday,0,0
ORD052631,6202,29/04/2023,4,Saturday,0,0
ORD052636,6202,05/08/2023,8,Saturday,0,0
ORD052636,6202,05/08/2023,8,Saturday,0,0
ORD052636,6202,05/08/2023,8,Saturday,0,0
ORD052635,6202,15/07/2023,7,Saturday,0,0
ORD052638,6222,16/05/2023,5,Tuesday,0,0
ORD052642,6222,25/07/2023,7,Tuesday,0,0
ORD052642,6222,25/07/2023,7,Tuesday,0,0
ORD052639,6222,07/06/2023,6,Wednesday,0,0
ORD052637,6222,03/05/2023,5,Wednesday,0,0
ORD052642,6222,25/07/2023,7,Tuesday,0,0
ORD052640,6222,12/06/2023,6,Monday,0,0
ORD052641,6222,03/07/2023,7,Monday,0,0
ORD052638,6222,16/05/2023,5,Tuesday,0,0
ORD052641,6222,03/07/2023,7,Monday,0,0
ORD052642,6222,25/07/2023,7,Tuesday,0,0
ORD052644,6237,14/07/2023,7,Friday,0,0
ORD052644,6237,14/07/2023,7,Friday,0,0
ORD052644,6237,14/07/2023,7,Friday,0,0
ORD052646,6243,18/05/2023,5,Thursday,0,0
ORD052648,6243,01/06/2023,6,Thursday,0,0
ORD052645,6243,09/05/2023,5,Tuesday,0,0
ORD052649,6243,24/06/2023,6,Saturday,0,0
ORD052650,6247,01/05/2023,5,Monday,0,0
ORD052650,6247,01/05/2023,5,Monday,0,0
ORD052134,4741,18/05/2023,5,Thursday,0,0
ORD052139,4741,10/08/2023,8,Thursday,0,0
ORD052136,4741,07/06/2023,6,Wednesday,0,0
ORD052136,4741,07/06/2023,6,Wednesday,0,0
ORD052136,4741,07/06/2023,6,Wednesday,0,0
ORD052137,4741,09/07/2023,7,Sunday,0,0
ORD052139,4741,10/08/2023,8,Thursday,0,0
ORD052149,4766,22/07/2023,7,Saturday,0,0
ORD052150,4766,26/07/2023,7,Wednesday,0,0
ORD052143,4766,02/06/2023,6,Friday,0,0
ORD052143,4766,02/06/2023,6,Friday,0,0
ORD052149,4766,22/07/2023,7,Saturday,0,0
ORD052147,4766,18/07/2023,7,Tuesday,0,0
ORD052152,4783,27/04/2023,4,Thursday,0,0
ORD052157,4801,01/06/2023,6,Thursday,0,0
ORD052159,4801,09/06/2023,6,Friday,0,0
ORD052157,4801,01/06/2023,6,Thursday,0,0
ORD052155,4801,26/05/2023,5,Friday,0,0
ORD052164,4801,20/07/2023,7,Thursday,0,0
ORD052157,4801,01/06/2023,6,Thursday,0,0
ORD052154,4801,21/05/2023,5,Sunday,0,0
ORD052163,4801,16/07/2023,7,Sunday,0,0
ORD052657,6283,26/06/2023,6,Monday,0,0
ORD052656,6283,05/06/2023,6,Monday,0,0
ORD052659,6305,30/07/2023,7,Sunday,0,0
ORD052660,6308,12/07/2023,7,Wednesday,0,0
ORD052665,6313,05/08/2023,8,Saturday,0,0
ORD052662,6313,03/06/2023,6,Saturday,0,0
ORD052665,6313,05/08/2023,8,Saturday,0,0
ORD052671,6341,11/05/2023,5,Thursday,0,0
ORD052674,6356,20/05/2023,5,Saturday,0,0
ORD052672,6356,18/04/2023,4,Tuesday,0,0
ORD052676,6356,28/07/2023,7,Friday,0,0
ORD052672,6356,18/04/2023,4,Tuesday,0,0
ORD052676,6356,28/07/2023,7,Friday,0,0
ORD052680,6363,13/08/2023,8,Sunday,0,0
ORD052685,6392,13/05/2023,5,Saturday,0,0
ORD052688,6404,18/07/2023,7,Tuesday,0,0
ORD052688,6404,18/07/2023,7,Tuesday,0,0
ORD052686,6404,28/05/2023,5,Sunday,0,0
ORD052046,4210,30/05/2023,5,Tuesday,0,0
ORD052051,4242,26/06/2023,6,Monday,0,0
ORD052051,4242,26/06/2023,6,Monday,0,0
ORD052051,4242,26/06/2023,6,Monday,0,0
ORD052054,4242,09/08/2023,8,Wednesday,0,0
ORD052053,4242,27/07/2023,7,Thursday,0,0
ORD052052,4242,26/07/2023,7,Wednesday,0,0
ORD052052,4242,26/07/2023,7,Wednesday,0,0
ORD052056,4300,29/04/2023,4,Saturday,0,0
ORD052057,4344,30/04/2023,4,Sunday,0,0
ORD052057,4344,30/04/2023,4,Sunday,0,0
ORD052058,4344,16/06/2023,6,Friday,0,0
ORD052058,4344,16/06/2023,6,Friday,0,0
ORD052062,4402,03/05/2023,5,Wednesday,0,0
ORD052064,4402,24/07/2023,7,Monday,0,0
ORD052064,4402,24/07/2023,7,Monday,0,0
ORD052062,4402,03/05/2023,5,Wednesday,0,0
ORD052066,4410,09/06/2023,6,Friday,0,0
ORD052073,4448,19/05/2023,5,Friday,0,0
ORD052070,4448,27/04/2023,4,Thursday,0,0
ORD052080,4467,06/06/2023,6,Tuesday,0,0
ORD052079,4467,08/05/2023,5,Monday,0,0
ORD052080,4467,06/06/2023,6,Tuesday,0,0
ORD051767,3947,06/05/2023,5,Saturday,0,0
ORD052020,4034,13/07/2023,7,Thursday,0,0
ORD052023,4062,15/06/2023,6,Thursday,0,0
ORD052027,4075,26/04/2023,4,Wednesday,0,0
ORD052033,4087,06/07/2023,7,Thursday,0,0
ORD052029,4087,12/05/2023,5,Friday,0,0
ORD052029,4087,12/05/2023,5,Friday,0,0
ORD052033,4087,06/07/2023,7,Thursday,0,0
ORD052033,4087,06/07/2023,7,Thursday,0,0
ORD052033,4087,06/07/2023,7,Thursday,0,0
ORD052036,4141,11/08/2023,8,Friday,0,0
ORD052036,4141,11/08/2023,8,Friday,0,0
ORD052036,4141,11/08/2023,8,Friday,0,0
ORD052037,4176,16/04/2023,4,Sunday,0,0
ORD052037,4176,16/04/2023,4,Sunday,0,0
ORD052039,4176,27/04/2023,4,Thursday,0,0
ORD052042,4185,25/06/2023,6,Sunday,0,0
ORD052044,4200,15/06/2023,6,Thursday,0,0
ORD052046,4210,30/05/2023,5,Tuesday,0,0
ORD052046,4210,30/05/2023,5,Tuesday,0,0
ORD052051,4242,26/06/2023,6,Monday,0,0
ORD052051,4242,26/06/2023,6,Monday,0,0
ORD052159,4801,09/06/2023,6,Friday,0,0
ORD052159,4801,09/06/2023,6,Friday,0,0
ORD052153,4801,12/05/2023,5,Friday,0,0
ORD052155,4801,26/05/2023,5,Friday,0,0
ORD052160,4801,13/06/2023,6,Tuesday,0,0
ORD052154,4801,21/05/2023,5,Sunday,0,0
ORD052153,4801,12/05/2023,5,Friday,0,0
ORD052161,4801,21/06/2023,6,Wednesday,0,0
ORD052168,4822,19/06/2023,6,Monday,0,0
ORD052168,4822,19/06/2023,6,Monday,0,0
ORD052168,4822,19/06/2023,6,Monday,0,0
ORD052168,4822,19/06/2023,6,Monday,0,0
ORD052168,4822,19/06/2023,6,Monday,0,0
ORD052168,4822,19/06/2023,6,Monday,0,0
ORD052167,4822,21/05/2023,5,Sunday,0,0
ORD052168,4822,19/06/2023,6,Monday,0,0
ORD052168,4822,19/06/2023,6,Monday,0,0
ORD052172,4834,14/06/2023,6,Wednesday,0,0
ORD052171,4834,10/05/2023,5,Wednesday,0,0
ORD052170,4834,15/04/2023,4,Saturday,0,0
ORD052172,4834,14/06/2023,6,Wednesday,0,0
ORD052173,4834,19/07/2023,7,Wednesday,0,0
ORD052172,4834,14/06/2023,6,Wednesday,0,0
ORD052689,6446,19/06/2023,6,Monday,0,0
ORD052692,6463,17/06/2023,6,Saturday,0,0
ORD052694,6480,13/08/2023,8,Sunday,0,0
ORD052694,6480,13/08/2023,8,Sunday,0,0
ORD052694,6480,13/08/2023,8,Sunday,0,0
ORD052694,6480,13/08/2023,8,Sunday,0,0
ORD052697,6505,11/05/2023,5,Thursday,0,0
ORD052697,6505,11/05/2023,5,Thursday,0,0
ORD052701,6530,03/05/2023,5,Wednesday,0,0
ORD052701,6530,03/05/2023,5,Wednesday,0,0
ORD052700,6530,29/04/2023,4,Saturday,0,0
ORD052701,6530,03/05/2023,5,Wednesday,0,0
ORD052702,6530,07/05/2023,5,Sunday,0,0
ORD052706,6546,11/05/2023,5,Thursday,0,0
ORD052709,6546,22/07/2023,7,Saturday,0,0
ORD052716,6561,16/05/2023,5,Tuesday,0,0
ORD052717,6561,19/05/2023,5,Friday,0,0
ORD052717,6561,19/05/2023,5,Friday,0,0
ORD052718,6561,26/05/2023,5,Friday,0,0
ORD052716,6561,16/05/2023,5,Tuesday,0,0
ORD052719,6561,30/05/2023,5,Tuesday,0,0
ORD052713,6561,05/05/2023,5,Friday,0,0
ORD052727,6561,10/08/2023,8,Thursday,0,0
ORD052174,4834,26/07/2023,7,Wednesday,0,0
ORD052177,4845,10/07/2023,7,Monday,0,0
ORD052177,4845,10/07/2023,7,Monday,0,0
ORD052175,4845,12/06/2023,6,Monday,0,0
ORD052182,4852,27/06/2023,6,Tuesday,0,0
ORD052181,4852,06/05/2023,5,Saturday,0,0
ORD052178,4852,18/04/2023,4,Tuesday,0,0
ORD052178,4852,18/04/2023,4,Tuesday,0,0
ORD052178,4852,18/04/2023,4,Tuesday,0,0
ORD052182,4852,27/06/2023,6,Tuesday,0,0
ORD052180,4852,05/05/2023,5,Friday,0,0
ORD052181,4852,06/05/2023,5,Saturday,0,0
ORD052182,4852,27/06/2023,6,Tuesday,0,0
ORD052180,4852,05/05/2023,5,Friday,0,0
ORD052184,4855,27/07/2023,7,Thursday,0,0
ORD052185,4859,15/04/2023,4,Saturday,0,0
ORD052186,4859,13/05/2023,5,Saturday,0,0
ORD052185,4859,15/04/2023,4,Saturday,0,0
ORD052187,4859,19/05/2023,5,Friday,0,0
ORD052185,4859,15/04/2023,4,Saturday,0,0
ORD052186,4859,13/05/2023,5,Saturday,0,0
ORD052186,4859,13/05/2023,5,Saturday,0,0
ORD052185,4859,15/04/2023,4,Saturday,0,0
ORD052185,4859,15/04/2023,4,Saturday,0,0
ORD052194,4867,30/07/2023,7,Sunday,0,0
ORD052190,4867,14/05/2023,5,Sunday,0,0
ORD052191,4867,30/05/2023,5,Tuesday,0,0
ORD052191,4867,30/05/2023,5,Tuesday,0,0
ORD052194,4867,30/07/2023,7,Sunday,0,0
ORD052194,4867,30/07/2023,7,Sunday,0,0
ORD052195,4877,10/05/2023,5,Wednesday,0,0
ORD052195,4877,10/05/2023,5,Wednesday,0,0
ORD052195,4877,10/05/2023,5,Wednesday,0,0
ORD052216,4898,07/08/2023,8,Monday,0,0
ORD052211,4898,03/07/2023,7,Monday,0,0
ORD052216,4898,07/08/2023,8,Monday,0,0
ORD052211,4898,03/07/2023,7,Monday,0,0
ORD052205,4898,25/05/2023,5,Thursday,0,0
ORD052212,4898,06/07/2023,7,Thursday,0,0
ORD052211,4898,03/07/2023,7,Monday,0,0
ORD052216,4898,07/08/2023,8,Monday,0,0
ORD052104,4597,15/06/2023,6,Thursday,0,0
ORD052101,4597,09/05/2023,5,Tuesday,0,0
ORD052108,4597,17/07/2023,7,Monday,0,0
ORD052104,4597,15/06/2023,6,Thursday,0,0
ORD052110,4597,07/08/2023,8,Monday,0,0
ORD052110,4597,07/08/2023,8,Monday,0,0
ORD052110,4597,07/08/2023,8,Monday,0,0
ORD052101,4597,09/05/2023,5,Tuesday,0,0
ORD052098,4597,20/04/2023,4,Thursday,0,0
ORD052110,4597,07/08/2023,8,Monday,0,0
ORD052098,4597,20/04/2023,4,Thursday,0,0
ORD052108,4597,17/07/2023,7,Monday,0,0
ORD052111,4604,22/05/2023,5,Monday,0,0
ORD052112,4604,06/07/2023,7,Thursday,0,0
ORD052111,4604,22/05/2023,5,Monday,0,0
ORD052116,4642,05/08/2023,8,Saturday,0,0
ORD052116,4642,05/08/2023,8,Saturday,0,0
ORD052116,4642,05/08/2023,8,Saturday,0,0
ORD052116,4642,05/08/2023,8,Saturday,0,0
ORD052116,4642,05/08/2023,8,Saturday,0,0
ORD052204,4898,16/05/2023,5,Tuesday,0,0
ORD052215,4898,19/07/2023,7,Wednesday,0,0
ORD052216,4898,07/08/2023,8,Monday,0,0
ORD052216,4898,07/08/2023,8,Monday,0,0
ORD052214,4898,17/07/2023,7,Monday,0,0
ORD052200,4898,21/04/2023,4,Friday,0,0
ORD052200,4898,21/04/2023,4,Friday,0,0
ORD052200,4898,21/04/2023,4,Friday,0,0
ORD052199,4898,15/04/2023,4,Saturday,0,0
ORD052200,4898,21/04/2023,4,Friday,0,0
ORD052208,4898,17/06/2023,6,Saturday,0,0
ORD052205,4898,25/05/2023,5,Thursday,0,0
ORD052200,4898,21/04/2023,4,Friday,0,0
ORD052210,4898,27/06/2023,6,Tuesday,0,0
ORD052209,4898,25/06/2023,6,Sunday,0,0
ORD052202,4898,05/05/2023,5,Friday,0,0
ORD052202,4898,05/05/2023,5,Friday,0,0
ORD052202,4898,05/05/2023,5,Friday,0,0
ORD052210,4898,27/06/2023,6,Tuesday,0,0
ORD052200,4898,21/04/2023,4,Friday,0,0
ORD052202,4898,05/05/2023,5,Friday,0,0
ORD052202,4898,05/05/2023,5,Friday,0,0
ORD052165,4801,30/07/2023,7,Sunday,0,0
ORD052163,4801,16/07/2023,7,Sunday,0,0
ORD052161,4801,21/06/2023,6,Wednesday,0,0
ORD052164,4801,20/07/2023,7,Thursday,0,0
ORD052154,4801,21/05/2023,5,Sunday,0,0
ORD052163,4801,16/07/2023,7,Sunday,0,0
ORD052160,4801,13/06/2023,6,Tuesday,0,0
ORD052154,4801,21/05/2023,5,Sunday,0,0
ORD052163,4801,16/07/2023,7,Sunday,0,0
ORD052165,4801,30/07/2023,7,Sunday,0,0
ORD052161,4801,21/06/2023,6,Wednesday,0,0
ORD052153,4801,12/05/2023,5,Friday,0,0
ORD052161,4801,21/06/2023,6,Wednesday,0,0
ORD052168,4822,19/06/2023,6,Monday,0,0
ORD052168,4822,19/06/2023,6,Monday,0,0
ORD052168,4822,19/06/2023,6,Monday,0,0
ORD052168,4822,19/06/2023,6,Monday,0,0
ORD052173,4834,19/07/2023,7,Wednesday,0,0
ORD052170,4834,15/04/2023,4,Saturday,0,0
ORD052171,4834,10/05/2023,5,Wednesday,0,0
ORD052173,4834,19/07/2023,7,Wednesday,0,0
ORD052175,4845,12/06/2023,6,Monday,0,0
ORD052176,4845,27/06/2023,6,Tuesday,0,0
ORD052177,4845,10/07/2023,7,Monday,0,0
ORD052175,4845,12/06/2023,6,Monday,0,0
ORD052182,4852,27/06/2023,6,Tuesday,0,0
ORD052182,4852,27/06/2023,6,Tuesday,0,0
ORD052178,4852,18/04/2023,4,Tuesday,0,0
ORD052182,4852,27/06/2023,6,Tuesday,0,0
ORD052182,4852,27/06/2023,6,Tuesday,0,0
ORD052182,4852,27/06/2023,6,Tuesday,0,0
ORD052180,4852,05/05/2023,5,Friday,0,0
ORD052179,4852,28/04/2023,4,Friday,0,0
ORD052185,4859,15/04/2023,4,Saturday,0,0
ORD052186,4859,13/05/2023,5,Saturday,0,0
ORD052187,4859,19/05/2023,5,Friday,0,0
ORD052186,4859,13/05/2023,5,Saturday,0,0
ORD052186,4859,13/05/2023,5,Saturday,0,0
ORD052191,4867,30/05/2023,5,Tuesday,0,0
ORD052191,4867,30/05/2023,5,Tuesday,0,0
ORD052191,4867,30/05/2023,5,Tuesday,0,0
ORD052191,4867,30/05/2023,5,Tuesday,0,0
ORD052050,4242,10/06/2023,6,Saturday,0,0
ORD052051,4242,26/06/2023,6,Monday,0,0
ORD052053,4242,27/07/2023,7,Thursday,0,0
ORD052054,4242,09/08/2023,8,Wednesday,0,0
ORD052051,4242,26/06/2023,6,Monday,0,0
ORD052054,4242,09/08/2023,8,Wednesday,0,0
ORD052056,4300,29/04/2023,4,Saturday,0,0
ORD052056,4300,29/04/2023,4,Saturday,0,0
ORD052058,4344,16/06/2023,6,Friday,0,0
ORD052058,4344,16/06/2023,6,Friday,0,0
ORD052060,4350,08/08/2023,8,Tuesday,0,0
ORD052059,4350,12/05/2023,5,Friday,0,0
ORD052062,4402,03/05/2023,5,Wednesday,0,0
ORD052062,4402,03/05/2023,5,Wednesday,0,0
ORD052063,4402,15/05/2023,5,Monday,0,0
ORD052067,4418,19/05/2023,5,Friday,0,0
ORD052067,4418,19/05/2023,5,Friday,0,0
ORD052067,4418,19/05/2023,5,Friday,0,0
ORD052069,4448,20/04/2023,4,Thursday,0,0
ORD052076,4448,13/08/2023,8,Sunday,0,0
ORD052083,4467,11/07/2023,7,Tuesday,0,0
ORD052080,4467,06/06/2023,6,Tuesday,0,0
ORD052080,4467,06/06/2023,6,Tuesday,0,0
ORD052083,4467,11/07/2023,7,Tuesday,0,0
ORD052084,4467,26/07/2023,7,Wednesday,0,0
ORD052194,4867,30/07/2023,7,Sunday,0,0
ORD052191,4867,30/05/2023,5,Tuesday,0,0
ORD052191,4867,30/05/2023,5,Tuesday,0,0
ORD052192,4867,31/05/2023,5,Wednesday,0,0
ORD052193,4867,26/07/2023,7,Wednesday,0,0
ORD052194,4867,30/07/2023,7,Sunday,0,0
ORD052195,4877,10/05/2023,5,Wednesday,0,0
ORD052197,4877,09/06/2023,6,Friday,0,0
ORD052216,4898,07/08/2023,8,Monday,0,0
ORD052200,4898,21/04/2023,4,Friday,0,0
ORD052211,4898,03/07/2023,7,Monday,0,0
ORD052202,4898,05/05/2023,5,Friday,0,0
ORD052210,4898,27/06/2023,6,Tuesday,0,0
ORD052216,4898,07/08/2023,8,Monday,0,0
ORD052205,4898,25/05/2023,5,Thursday,0,0
ORD052214,4898,17/07/2023,7,Monday,0,0
ORD052216,4898,07/08/2023,8,Monday,0,0
ORD052200,4898,21/04/2023,4,Friday,0,0
ORD052211,4898,03/07/2023,7,Monday,0,0
ORD052200,4898,21/04/2023,4,Friday,0,0
ORD052211,4898,03/07/2023,7,Monday,0,0
ORD052211,4898,03/07/2023,7,Monday,0,0
ORD052200,4898,21/04/2023,4,Friday,0,0
ORD052200,4898,21/04/2023,4,Friday,0,0
ORD052200,4898,21/04/2023,4,Friday,0,0
ORD052205,4898,25/05/2023,5,Thursday,0,0
ORD052216,4898,07/08/2023,8,Monday,0,0
ORD052200,4898,21/04/2023,4,Friday,0,0
ORD052198,4898,13/04/2023,4,Thursday,0,0
ORD052214,4898,17/07/2023,7,Monday,0,0
ORD052205,4898,25/05/2023,5,Thursday,0,0
ORD052211,4898,03/07/2023,7,Monday,0,0
ORD052216,4898,07/08/2023,8,Monday,0,0
ORD052216,4898,07/08/2023,8,Monday,0,0
ORD052219,4911,19/05/2023,5,Friday,0,0
ORD052217,4911,14/04/2023,4,Friday,0,0
ORD052218,4911,08/05/2023,5,Monday,0,0
ORD052229,4940,08/08/2023,8,Tuesday,0,0
ORD052228,4940,25/07/2023,7,Tuesday,0,0
ORD052227,4940,21/07/2023,7,Friday,0,0
ORD052224,4940,24/06/2023,6,Saturday,0,0
ORD052227,4940,21/07/2023,7,Friday,0,0
ORD052227,4940,21/07/2023,7,Friday,0,0
ORD052228,4940,25/07/2023,7,Tuesday,0,0
ORD052225,4940,08/07/2023,7,Saturday,0,0
ORD052228,4940,25/07/2023,7,Tuesday,0,0
ORD052225,4940,08/07/2023,7,Saturday,0,0
ORD052229,4940,08/08/2023,8,Tuesday,0,0
ORD052239,4950,02/08/2023,8,Wednesday,0,0
ORD052116,4642,05/08/2023,8,Saturday,0,0
ORD052115,4642,16/06/2023,6,Friday,0,0
ORD052115,4642,16/06/2023,6,Friday,0,0
ORD052116,4642,05/08/2023,8,Saturday,0,0
ORD052116,4642,05/08/2023,8,Saturday,0,0
ORD052116,4642,05/08/2023,8,Saturday,0,0
ORD052116,4642,05/08/2023,8,Saturday,0,0
ORD052115,4642,16/06/2023,6,Friday,0,0
ORD052115,4642,16/06/2023,6,Friday,0,0
ORD052119,4652,20/04/2023,4,Thursday,0,0
ORD052119,4652,20/04/2023,4,Thursday,0,0
ORD052118,4652,16/04/2023,4,Sunday,0,0
ORD052119,4652,20/04/2023,4,Thursday,0,0
ORD052118,4652,16/04/2023,4,Sunday,0,0
ORD052118,4652,16/04/2023,4,Sunday,0,0
ORD052118,4652,16/04/2023,4,Sunday,0,0
ORD052123,4666,06/08/2023,8,Sunday,0,0
ORD052124,4669,19/06/2023,6,Monday,0,0
ORD052124,4669,19/06/2023,6,Monday,0,0
ORD052125,4679,28/07/2023,7,Friday,0,0
ORD052127,4708,02/05/2023,5,Tuesday,0,0
ORD052128,4708,06/07/2023,7,Thursday,0,0
ORD052127,4708,02/05/2023,5,Tuesday,0,0
ORD052083,4467,11/07/2023,7,Tuesday,0,0
ORD052081,4467,17/06/2023,6,Saturday,0,0
ORD052085,4467,08/08/2023,8,Tuesday,0,0
ORD052080,4467,06/06/2023,6,Tuesday,0,0
ORD052079,4467,08/05/2023,5,Monday,0,0
ORD052079,4467,08/05/2023,5,Monday,0,0
ORD052090,4511,20/04/2023,4,Thursday,0,0
ORD052091,4551,12/06/2023,6,Monday,0,0
ORD052091,4551,12/06/2023,6,Monday,0,0
ORD052091,4551,12/06/2023,6,Monday,0,0
ORD052093,4586,19/04/2023,4,Wednesday,0,0
ORD052099,4597,26/04/2023,4,Wednesday,0,0
ORD052101,4597,09/05/2023,5,Tuesday,0,0
ORD052106,4597,04/07/2023,7,Tuesday,0,0
ORD052097,4597,16/04/2023,4,Sunday,0,0
ORD052101,4597,09/05/2023,5,Tuesday,0,0
ORD052101,4597,09/05/2023,5,Tuesday,0,0
ORD052211,4898,03/07/2023,7,Monday,0,0
ORD052202,4898,05/05/2023,5,Friday,0,0
ORD052212,4898,06/07/2023,7,Thursday,0,0
ORD052202,4898,05/05/2023,5,Friday,0,0
ORD052202,4898,05/05/2023,5,Friday,0,0
ORD052202,4898,05/05/2023,5,Friday,0,0
ORD052219,4911,19/05/2023,5,Friday,0,0
ORD052219,4911,19/05/2023,5,Friday,0,0
ORD052220,4936,21/05/2023,5,Sunday,0,0
ORD052223,4940,24/05/2023,5,Wednesday,0,0
ORD052228,4940,25/07/2023,7,Tuesday,0,0
ORD052225,4940,08/07/2023,7,Saturday,0,0
ORD052228,4940,25/07/2023,7,Tuesday,0,0
ORD052223,4940,24/05/2023,5,Wednesday,0,0
ORD052227,4940,21/07/2023,7,Friday,0,0
ORD052228,4940,25/07/2023,7,Tuesday,0,0
ORD052225,4940,08/07/2023,7,Saturday,0,0
ORD052230,4941,21/05/2023,5,Sunday,0,0
ORD052231,4945,13/06/2023,6,Tuesday,0,0
ORD052237,4950,14/07/2023,7,Friday,0,0
ORD052233,4950,02/06/2023,6,Friday,0,0
ORD052235,4950,09/06/2023,6,Friday,0,0
ORD052236,4950,13/06/2023,6,Tuesday,0,0
ORD052240,4950,13/08/2023,8,Sunday,0,0
ORD052722,6561,07/07/2023,7,Friday,0,0
ORD052716,6561,16/05/2023,5,Tuesday,0,0
ORD052724,6561,14/07/2023,7,Friday,0,0
ORD052736,6638,07/05/2023,5,Sunday,0,0
ORD052736,6638,07/05/2023,5,Sunday,0,0
ORD052736,6638,07/05/2023,5,Sunday,0,0
ORD052736,6638,07/05/2023,5,Sunday,0,0
ORD052736,6638,07/05/2023,5,Sunday,0,0
ORD052737,6654,09/05/2023,5,Tuesday,0,0
ORD052737,6654,09/05/2023,5,Tuesday,0,0
ORD052740,6714,05/07/2023,7,Wednesday,0,0
ORD052741,6716,21/04/2023,4,Friday,0,0
ORD052741,6716,21/04/2023,4,Friday,0,0
ORD052741,6716,21/04/2023,4,Friday,0,0
ORD052757,6727,22/07/2023,7,Saturday,0,0
ORD052757,6727,22/07/2023,7,Saturday,0,0
ORD052756,6727,16/07/2023,7,Sunday,0,0
ORD052751,6727,16/05/2023,5,Tuesday,0,0
ORD052761,6727,09/08/2023,8,Wednesday,0,0
ORD052757,6727,22/07/2023,7,Saturday,0,0
ORD052761,6727,09/08/2023,8,Wednesday,0,0
ORD052753,6727,28/05/2023,5,Sunday,0,0
ORD052749,6727,10/05/2023,5,Wednesday,0,0
ORD052757,6727,22/07/2023,7,Saturday,0,0
ORD052757,6727,22/07/2023,7,Saturday,0,0
ORD052765,6757,02/05/2023,5,Tuesday,0,0
ORD052773,6821,05/07/2023,7,Wednesday,0,0
ORD052772,6821,17/06/2023,6,Saturday,0,0
ORD052783,6839,16/06/2023,6,Friday,0,0
ORD052785,6842,15/04/2023,4,Saturday,0,0
ORD052788,6842,08/05/2023,5,Monday,0,0
ORD052790,6842,22/06/2023,6,Thursday,0,0
ORD052792,6842,28/07/2023,7,Friday,0,0
ORD052788,6842,08/05/2023,5,Monday,0,0
ORD052790,6842,22/06/2023,6,Thursday,0,0
ORD052799,6863,06/08/2023,8,Sunday,0,0
ORD052799,6863,06/08/2023,8,Sunday,0,0
ORD052798,6863,11/06/2023,6,Sunday,0,0
ORD052797,6863,06/06/2023,6,Tuesday,0,0
ORD052128,4708,06/07/2023,7,Thursday,0,0
ORD052139,4741,10/08/2023,8,Thursday,0,0
ORD052137,4741,09/07/2023,7,Sunday,0,0
ORD052133,4741,08/05/2023,5,Monday,0,0
ORD052136,4741,07/06/2023,6,Wednesday,0,0
ORD052136,4741,07/06/2023,6,Wednesday,0,0
ORD052139,4741,10/08/2023,8,Thursday,0,0
ORD052133,4741,08/05/2023,5,Monday,0,0
ORD052133,4741,08/05/2023,5,Monday,0,0
ORD052133,4741,08/05/2023,5,Monday,0,0
ORD052133,4741,08/05/2023,5,Monday,0,0
ORD052133,4741,08/05/2023,5,Monday,0,0
ORD052137,4741,09/07/2023,7,Sunday,0,0
ORD052136,4741,07/06/2023,6,Wednesday,0,0
ORD052139,4741,10/08/2023,8,Thursday,0,0
ORD052139,4741,10/08/2023,8,Thursday,0,0
ORD052134,4741,18/05/2023,5,Thursday,0,0
ORD052135,4741,30/05/2023,5,Tuesday,0,0
ORD052139,4741,10/08/2023,8,Thursday,0,0
ORD052141,4749,19/04/2023,4,Wednesday,0,0
ORD052141,4749,19/04/2023,4,Wednesday,0,0
ORD052147,4766,18/07/2023,7,Tuesday,0,0
ORD052145,4766,24/06/2023,6,Saturday,0,0
ORD052144,4766,07/06/2023,6,Wednesday,0,0
ORD052237,4950,14/07/2023,7,Friday,0,0
ORD052232,4950,28/04/2023,4,Friday,0,0
ORD052240,4950,13/08/2023,8,Sunday,0,0
ORD052239,4950,02/08/2023,8,Wednesday,0,0
ORD052239,4950,02/08/2023,8,Wednesday,0,0
ORD052234,4950,06/06/2023,6,Tuesday,0,0
ORD052239,4950,02/08/2023,8,Wednesday,0,0
ORD052237,4950,14/07/2023,7,Friday,0,0
ORD052237,4950,14/07/2023,7,Friday,0,0
ORD052240,4950,13/08/2023,8,Sunday,0,0
ORD052246,4959,05/05/2023,5,Friday,0,0
ORD052257,4959,16/07/2023,7,Sunday,0,0
ORD052247,4959,10/05/2023,5,Wednesday,0,0
ORD052242,4959,14/04/2023,4,Friday,0,0
ORD052243,4959,18/04/2023,4,Tuesday,0,0
ORD052246,4959,05/05/2023,5,Friday,0,0
ORD052249,4959,22/05/2023,5,Monday,0,0
ORD052242,4959,14/04/2023,4,Friday,0,0
ORD052244,4959,27/04/2023,4,Thursday,0,0
ORD052252,4959,04/06/2023,6,Sunday,0,0
ORD052252,4959,04/06/2023,6,Sunday,0,0
ORD052262,4960,21/05/2023,5,Sunday,0,0
ORD052262,4960,21/05/2023,5,Sunday,0,0
ORD052265,4968,12/05/2023,5,Friday,0,0
ORD052265,4968,12/05/2023,5,Friday,0,0
ORD052266,4968,23/06/2023,6,Friday,0,0
ORD052266,4968,23/06/2023,6,Friday,0,0
ORD052270,5008,01/08/2023,8,Tuesday,0,0
ORD052270,5008,01/08/2023,8,Tuesday,0,0
ORD052103,4597,07/06/2023,6,Wednesday,0,0
ORD052100,4597,29/04/2023,4,Saturday,0,0
ORD052102,4597,28/05/2023,5,Sunday,0,0
ORD052107,4597,10/07/2023,7,Monday,0,0
ORD052097,4597,16/04/2023,4,Sunday,0,0
ORD052097,4597,16/04/2023,4,Sunday,0,0
ORD052105,4597,23/06/2023,6,Friday,0,0
ORD052097,4597,16/04/2023,4,Sunday,0,0
ORD052099,4597,26/04/2023,4,Wednesday,0,0
ORD052106,4597,04/07/2023,7,Tuesday,0,0
ORD052111,4604,22/05/2023,5,Monday,0,0
ORD052112,4604,06/07/2023,7,Thursday,0,0
ORD052111,4604,22/05/2023,5,Monday,0,0
ORD052112,4604,06/07/2023,7,Thursday,0,0
ORD052116,4642,05/08/2023,8,Saturday,0,0
ORD052116,4642,05/08/2023,8,Saturday,0,0
ORD052116,4642,05/08/2023,8,Saturday,0,0
ORD052078,4467,01/05/2023,5,Monday,0,0
ORD052080,4467,06/06/2023,6,Tuesday,0,0
ORD052081,4467,17/06/2023,6,Saturday,0,0
ORD052088,4487,03/07/2023,7,Monday,0,0
ORD052090,4511,20/04/2023,4,Thursday,0,0
ORD052091,4551,12/06/2023,6,Monday,0,0
ORD052091,4551,12/06/2023,6,Monday,0,0
ORD052092,4557,12/05/2023,5,Friday,0,0
ORD052108,4597,17/07/2023,7,Monday,0,0
ORD052097,4597,16/04/2023,4,Sunday,0,0
ORD052107,4597,10/07/2023,7,Monday,0,0
ORD052104,4597,15/06/2023,6,Thursday,0,0
ORD052100,4597,29/04/2023,4,Saturday,0,0
ORD052108,4597,17/07/2023,7,Monday,0,0
ORD052099,4597,26/04/2023,4,Wednesday,0,0
ORD052103,4597,07/06/2023,6,Wednesday,0,0
ORD052104,4597,15/06/2023,6,Thursday,0,0
ORD052101,4597,09/05/2023,5,Tuesday,0,0
ORD052102,4597,28/05/2023,5,Sunday,0,0
ORD052108,4597,17/07/2023,7,Monday,0,0
ORD052240,4950,13/08/2023,8,Sunday,0,0
ORD052232,4950,28/04/2023,4,Friday,0,0
ORD052238,4950,23/07/2023,7,Sunday,0,0
ORD052240,4950,13/08/2023,8,Sunday,0,0
ORD052253,4959,12/06/2023,6,Monday,0,0
ORD052247,4959,10/05/2023,5,Wednesday,0,0
ORD052244,4959,27/04/2023,4,Thursday,0,0
ORD052257,4959,16/07/2023,7,Sunday,0,0
ORD052251,4959,03/06/2023,6,Saturday,0,0
ORD052256,4959,08/07/2023,7,Saturday,0,0
ORD052252,4959,04/06/2023,6,Sunday,0,0
ORD052266,4968,23/06/2023,6,Friday,0,0
ORD052265,4968,12/05/2023,5,Friday,0,0
ORD052266,4968,23/06/2023,6,Friday,0,0
ORD052266,4968,23/06/2023,6,Friday,0,0
ORD052265,4968,12/05/2023,5,Friday,0,0
ORD052267,4968,22/07/2023,7,Saturday,0,0
ORD052268,5007,01/05/2023,5,Monday,0,0
ORD052269,5008,18/04/2023,4,Tuesday,0,0
ORD052269,5008,18/04/2023,4,Tuesday,0,0
ORD052269,5008,18/04/2023,4,Tuesday,0,0
ORD052274,5056,22/06/2023,6,Thursday,0,0
ORD052277,5056,04/08/2023,8,Friday,0,0
ORD052277,5056,04/08/2023,8,Friday,0,0
ORD052271,5056,05/06/2023,6,Monday,0,0
ORD052797,6863,06/06/2023,6,Tuesday,0,0
ORD052799,6863,06/08/2023,8,Sunday,0,0
ORD052797,6863,06/06/2023,6,Tuesday,0,0
ORD052799,6863,06/08/2023,8,Sunday,0,0
ORD052797,6863,06/06/2023,6,Tuesday,0,0
ORD052797,6863,06/06/2023,6,Tuesday,0,0
ORD052800,6864,29/04/2023,4,Saturday,0,0
ORD052805,6868,28/07/2023,7,Friday,0,0
ORD052807,6869,20/05/2023,5,Saturday,0,0
ORD052809,6869,12/07/2023,7,Wednesday,0,0
ORD052808,6869,11/06/2023,6,Sunday,0,0
ORD052812,6881,12/05/2023,5,Friday,0,0
ORD052812,6881,12/05/2023,5,Friday,0,0
ORD052814,6904,20/05/2023,5,Saturday,0,0
ORD052814,6904,20/05/2023,5,Saturday,0,0
ORD052815,6904,12/07/2023,7,Wednesday,0,0
ORD052817,6913,25/04/2023,4,Tuesday,0,0
ORD052817,6913,25/04/2023,4,Tuesday,0,0
ORD052817,6913,25/04/2023,4,Tuesday,0,0
ORD052823,6960,04/08/2023,8,Friday,0,0
ORD052832,7061,02/08/2023,8,Wednesday,0,0
ORD052832,7061,02/08/2023,8,Wednesday,0,0
ORD052832,7061,02/08/2023,8,Wednesday,0,0
ORD052836,7130,01/06/2023,6,Thursday,0,0
ORD052838,7138,17/06/2023,6,Saturday,0,0
ORD052838,7138,17/06/2023,6,Saturday,0,0
ORD052839,7150,28/05/2023,5,Sunday,0,0
ORD052839,7150,28/05/2023,5,Sunday,0,0
ORD052841,7176,25/07/2023,7,Tuesday,0,0
ORD052844,7186,21/04/2023,4,Friday,0,0
ORD052848,7186,28/06/2023,6,Wednesday,0,0
ORD052843,7186,20/04/2023,4,Thursday,0,0
ORD052846,7186,02/06/2023,6,Friday,0,0
ORD052115,4642,16/06/2023,6,Friday,0,0
ORD052115,4642,16/06/2023,6,Friday,0,0
ORD052115,4642,16/06/2023,6,Friday,0,0
ORD052115,4642,16/06/2023,6,Friday,0,0
ORD052114,4642,19/05/2023,5,Friday,0,0
ORD052116,4642,05/08/2023,8,Saturday,0,0
ORD052115,4642,16/06/2023,6,Friday,0,0
ORD052116,4642,05/08/2023,8,Saturday,0,0
ORD052114,4642,19/05/2023,5,Friday,0,0
ORD052122,4666,13/05/2023,5,Saturday,0,0
ORD052123,4666,06/08/2023,8,Sunday,0,0
ORD052123,4666,06/08/2023,8,Sunday,0,0
ORD052126,4679,08/08/2023,8,Tuesday,0,0
ORD052125,4679,28/07/2023,7,Friday,0,0
ORD052126,4679,08/08/2023,8,Tuesday,0,0
ORD052125,4679,28/07/2023,7,Friday,0,0
ORD052128,4708,06/07/2023,7,Thursday,0,0
ORD052128,4708,06/07/2023,7,Thursday,0,0
ORD052128,4708,06/07/2023,7,Thursday,0,0
ORD052128,4708,06/07/2023,7,Thursday,0,0
ORD052138,4741,24/07/2023,7,Monday,0,0
ORD052139,4741,10/08/2023,8,Thursday,0,0
ORD052139,4741,10/08/2023,8,Thursday,0,0
ORD052139,4741,10/08/2023,8,Thursday,0,0
ORD052130,4710,28/05/2023,5,Sunday,0,0
ORD052132,4726,30/05/2023,5,Tuesday,0,0
ORD052132,4726,30/05/2023,5,Tuesday,0,0
ORD052139,4741,10/08/2023,8,Thursday,0,0
ORD052139,4741,10/08/2023,8,Thursday,0,0
ORD052135,4741,30/05/2023,5,Tuesday,0,0
ORD052136,4741,07/06/2023,6,Wednesday,0,0
ORD052134,4741,18/05/2023,5,Thursday,0,0
ORD052137,4741,09/07/2023,7,Sunday,0,0
ORD052133,4741,08/05/2023,5,Monday,0,0
ORD052135,4741,30/05/2023,5,Tuesday,0,0
ORD052134,4741,18/05/2023,5,Thursday,0,0
ORD052136,4741,07/06/2023,6,Wednesday,0,0
ORD052137,4741,09/07/2023,7,Sunday,0,0
ORD052137,4741,09/07/2023,7,Sunday,0,0
ORD052137,4741,09/07/2023,7,Sunday,0,0
ORD052134,4741,18/05/2023,5,Thursday,0,0
ORD052134,4741,18/05/2023,5,Thursday,0,0
ORD052136,4741,07/06/2023,6,Wednesday,0,0
ORD052141,4749,19/04/2023,4,Wednesday,0,0
ORD052151,4766,09/08/2023,8,Wednesday,0,0
ORD052142,4766,01/06/2023,6,Thursday,0,0
ORD052147,4766,18/07/2023,7,Tuesday,0,0
ORD052150,4766,26/07/2023,7,Wednesday,0,0
ORD052276,5056,01/08/2023,8,Tuesday,0,0
ORD052281,5068,01/08/2023,8,Tuesday,0,0
ORD052282,5069,11/06/2023,6,Sunday,0,0
ORD052282,5069,11/06/2023,6,Sunday,0,0
ORD052282,5069,11/06/2023,6,Sunday,0,0
ORD052285,5084,12/05/2023,5,Friday,0,0
ORD052289,5148,13/08/2023,8,Sunday,0,0
ORD052289,5148,13/08/2023,8,Sunday,0,0
ORD052294,5203,06/07/2023,7,Thursday,0,0
ORD052294,5203,06/07/2023,7,Thursday,0,0
ORD052314,5211,02/08/2023,8,Wednesday,0,0
ORD052296,5211,21/04/2023,4,Friday,0,0
ORD052303,5211,24/05/2023,5,Wednesday,0,0
ORD052308,5211,24/06/2023,6,Saturday,0,0
ORD052317,5211,13/08/2023,8,Sunday,0,0
ORD052314,5211,02/08/2023,8,Wednesday,0,0
ORD052309,5211,04/07/2023,7,Tuesday,0,0
ORD052299,5211,03/05/2023,5,Wednesday,0,0
ORD052299,5211,03/05/2023,5,Wednesday,0,0
ORD052309,5211,04/07/2023,7,Tuesday,0,0
ORD052296,5211,21/04/2023,4,Friday,0,0
ORD052302,5211,17/05/2023,5,Wednesday,0,0
ORD052318,5217,14/07/2023,7,Friday,0,0
ORD052318,5217,14/07/2023,7,Friday,0,0
ORD052320,5217,11/08/2023,8,Friday,0,0
ORD052111,4604,22/05/2023,5,Monday,0,0
ORD052112,4604,06/07/2023,7,Thursday,0,0
ORD052111,4604,22/05/2023,5,Monday,0,0
ORD052111,4604,22/05/2023,5,Monday,0,0
ORD052112,4604,06/07/2023,7,Thursday,0,0
ORD052116,4642,05/08/2023,8,Saturday,0,0
ORD052116,4642,05/08/2023,8,Saturday,0,0
ORD052115,4642,16/06/2023,6,Friday,0,0
ORD052116,4642,05/08/2023,8,Saturday,0,0
ORD052116,4642,05/08/2023,8,Saturday,0,0
ORD052116,4642,05/08/2023,8,Saturday,0,0
ORD052116,4642,05/08/2023,8,Saturday,0,0
ORD052115,4642,16/06/2023,6,Friday,0,0
ORD052116,4642,05/08/2023,8,Saturday,0,0
ORD052119,4652,20/04/2023,4,Thursday,0,0
ORD052119,4652,20/04/2023,4,Thursday,0,0
ORD052121,4652,26/07/2023,7,Wednesday,0,0
ORD052118,4652,16/04/2023,4,Sunday,0,0
ORD052119,4652,20/04/2023,4,Thursday,0,0
ORD052123,4666,06/08/2023,8,Sunday,0,0
ORD052123,4666,06/08/2023,8,Sunday,0,0
ORD052320,5217,11/08/2023,8,Friday,0,0
ORD052320,5217,11/08/2023,8,Friday,0,0
ORD052320,5217,11/08/2023,8,Friday,0,0
ORD052320,5217,11/08/2023,8,Friday,0,0
ORD052319,5217,21/07/2023,7,Friday,0,0
ORD052319,5217,21/07/2023,7,Friday,0,0
ORD052325,5228,15/05/2023,5,Monday,0,0
ORD052325,5228,15/05/2023,5,Monday,0,0
ORD052332,5228,29/07/2023,7,Saturday,0,0
ORD052323,5228,04/05/2023,5,Thursday,0,0
ORD052330,5228,04/07/2023,7,Tuesday,0,0
ORD052324,5228,10/05/2023,5,Wednesday,0,0
ORD052325,5228,15/05/2023,5,Monday,0,0
ORD052338,5230,03/07/2023,7,Monday,0,0
ORD052338,5230,03/07/2023,7,Monday,0,0
ORD052339,5230,19/07/2023,7,Wednesday,0,0
ORD052338,5230,03/07/2023,7,Monday,0,0
ORD052340,5230,21/07/2023,7,Friday,0,0
ORD052333,5230,14/04/2023,4,Friday,0,0
ORD052338,5230,03/07/2023,7,Monday,0,0
ORD052333,5230,14/04/2023,4,Friday,0,0
ORD052338,5230,03/07/2023,7,Monday,0,0
ORD052340,5230,21/07/2023,7,Friday,0,0
ORD052343,5233,14/06/2023,6,Wednesday,0,0
ORD052342,5233,11/06/2023,6,Sunday,0,0
ORD052344,5233,18/06/2023,6,Sunday,0,0
ORD052345,5233,24/06/2023,6,Saturday,0,0
ORD052342,5233,11/06/2023,6,Sunday,0,0
ORD052342,5233,11/06/2023,6,Sunday,0,0
ORD052349,5239,30/05/2023,5,Tuesday,0,0
ORD052352,5239,19/06/2023,6,Monday,0,0
ORD052349,5239,30/05/2023,5,Tuesday,0,0
ORD052351,5239,05/06/2023,6,Monday,0,0
ORD052354,5240,31/05/2023,5,Wednesday,0,0
ORD052354,5240,31/05/2023,5,Wednesday,0,0
ORD052355,5244,19/04/2023,4,Wednesday,0,0
ORD052355,5244,19/04/2023,4,Wednesday,0,0
ORD052355,5244,19/04/2023,4,Wednesday,0,0
ORD052355,5244,19/04/2023,4,Wednesday,0,0
ORD052355,5244,19/04/2023,4,Wednesday,0,0
ORD052355,5244,19/04/2023,4,Wednesday,0,0
ORD052356,5244,21/04/2023,4,Friday,0,0
ORD052358,5249,06/07/2023,7,Thursday,0,0
ORD052165,4801,30/07/2023,7,Sunday,0,0
ORD052156,4801,30/05/2023,5,Tuesday,0,0
ORD052165,4801,30/07/2023,7,Sunday,0,0
ORD052163,4801,16/07/2023,7,Sunday,0,0
ORD052164,4801,20/07/2023,7,Thursday,0,0
ORD052161,4801,21/06/2023,6,Wednesday,0,0
ORD052163,4801,16/07/2023,7,Sunday,0,0
ORD052157,4801,01/06/2023,6,Thursday,0,0
ORD052164,4801,20/07/2023,7,Thursday,0,0
ORD052168,4822,19/06/2023,6,Monday,0,0
ORD052168,4822,19/06/2023,6,Monday,0,0
ORD052168,4822,19/06/2023,6,Monday,0,0
ORD052168,4822,19/06/2023,6,Monday,0,0
ORD052174,4834,26/07/2023,7,Wednesday,0,0
ORD052174,4834,26/07/2023,7,Wednesday,0,0
ORD052174,4834,26/07/2023,7,Wednesday,0,0
ORD052175,4845,12/06/2023,6,Monday,0,0
ORD052177,4845,10/07/2023,7,Monday,0,0
ORD052177,4845,10/07/2023,7,Monday,0,0
ORD052176,4845,27/06/2023,6,Tuesday,0,0
ORD052133,4741,08/05/2023,5,Monday,0,0
ORD052133,4741,08/05/2023,5,Monday,0,0
ORD052139,4741,10/08/2023,8,Thursday,0,0
ORD052133,4741,08/05/2023,5,Monday,0,0
ORD052139,4741,10/08/2023,8,Thursday,0,0
ORD052133,4741,08/05/2023,5,Monday,0,0
ORD052135,4741,30/05/2023,5,Tuesday,0,0
ORD052139,4741,10/08/2023,8,Thursday,0,0
ORD052133,4741,08/05/2023,5,Monday,0,0
ORD052134,4741,18/05/2023,5,Thursday,0,0
ORD052139,4741,10/08/2023,8,Thursday,0,0
ORD052141,4749,19/04/2023,4,Wednesday,0,0
ORD052148,4766,19/07/2023,7,Wednesday,0,0
ORD052143,4766,02/06/2023,6,Friday,0,0
ORD052148,4766,19/07/2023,7,Wednesday,0,0
ORD052150,4766,26/07/2023,7,Wednesday,0,0
ORD052150,4766,26/07/2023,7,Wednesday,0,0
ORD052151,4766,09/08/2023,8,Wednesday,0,0
ORD052147,4766,18/07/2023,7,Tuesday,0,0
ORD052152,4783,27/04/2023,4,Thursday,0,0
ORD052161,4801,21/06/2023,6,Wednesday,0,0
ORD052156,4801,30/05/2023,5,Tuesday,0,0
ORD052154,4801,21/05/2023,5,Sunday,0,0
ORD052154,4801,21/05/2023,5,Sunday,0,0
ORD052277,5056,04/08/2023,8,Friday,0,0
ORD052276,5056,01/08/2023,8,Tuesday,0,0
ORD052277,5056,04/08/2023,8,Friday,0,0
ORD052273,5056,11/06/2023,6,Sunday,0,0
ORD052276,5056,01/08/2023,8,Tuesday,0,0
ORD052275,5056,09/07/2023,7,Sunday,0,0
ORD052275,5056,09/07/2023,7,Sunday,0,0
ORD052280,5060,19/06/2023,6,Monday,0,0
ORD052283,5074,12/05/2023,5,Friday,0,0
ORD052283,5074,12/05/2023,5,Friday,0,0
ORD052285,5084,12/05/2023,5,Friday,0,0
ORD052285,5084,12/05/2023,5,Friday,0,0
ORD052285,5084,12/05/2023,5,Friday,0,0
ORD052289,5148,13/08/2023,8,Sunday,0,0
ORD052289,5148,13/08/2023,8,Sunday,0,0
ORD052289,5148,13/08/2023,8,Sunday,0,0
ORD052292,5191,10/07/2023,7,Monday,0,0
ORD052292,5191,10/07/2023,7,Monday,0,0
ORD052292,5191,10/07/2023,7,Monday,0,0
ORD052292,5191,10/07/2023,7,Monday,0,0
ORD052295,5203,07/08/2023,8,Monday,0,0
ORD052309,5211,04/07/2023,7,Tuesday,0,0
ORD052314,5211,02/08/2023,8,Wednesday,0,0
ORD052298,5211,29/04/2023,4,Saturday,0,0
ORD052309,5211,04/07/2023,7,Tuesday,0,0
ORD052309,5211,04/07/2023,7,Tuesday,0,0
ORD052304,5211,04/06/2023,6,Sunday,0,0
ORD052320,5217,11/08/2023,8,Friday,0,0
ORD052318,5217,14/07/2023,7,Friday,0,0
ORD052318,5217,14/07/2023,7,Friday,0,0
ORD052320,5217,11/08/2023,8,Friday,0,0
ORD052320,5217,11/08/2023,8,Friday,0,0
ORD052319,5217,21/07/2023,7,Friday,0,0
ORD052318,5217,14/07/2023,7,Friday,0,0
ORD052330,5228,04/07/2023,7,Tuesday,0,0
ORD052325,5228,15/05/2023,5,Monday,0,0
ORD052331,5228,28/07/2023,7,Friday,0,0
ORD052325,5228,15/05/2023,5,Monday,0,0
ORD052332,5228,29/07/2023,7,Saturday,0,0
ORD052330,5228,04/07/2023,7,Tuesday,0,0
ORD052326,5228,07/06/2023,6,Wednesday,0,0
ORD052331,5228,28/07/2023,7,Friday,0,0
ORD052330,5228,04/07/2023,7,Tuesday,0,0
ORD052161,4801,21/06/2023,6,Wednesday,0,0
ORD052154,4801,21/05/2023,5,Sunday,0,0
ORD052153,4801,12/05/2023,5,Friday,0,0
ORD052154,4801,21/05/2023,5,Sunday,0,0
ORD052158,4801,06/06/2023,6,Tuesday,0,0
ORD052163,4801,16/07/2023,7,Sunday,0,0
ORD052160,4801,13/06/2023,6,Tuesday,0,0
ORD052160,4801,13/06/2023,6,Tuesday,0,0
ORD052155,4801,26/05/2023,5,Friday,0,0
ORD052162,4801,09/07/2023,7,Sunday,0,0
ORD052164,4801,20/07/2023,7,Thursday,0,0
ORD052157,4801,01/06/2023,6,Thursday,0,0
ORD052154,4801,21/05/2023,5,Sunday,0,0
ORD052161,4801,21/06/2023,6,Wednesday,0,0
ORD052168,4822,19/06/2023,6,Monday,0,0
ORD052167,4822,21/05/2023,5,Sunday,0,0
ORD052168,4822,19/06/2023,6,Monday,0,0
ORD052168,4822,19/06/2023,6,Monday,0,0
ORD052168,4822,19/06/2023,6,Monday,0,0
ORD052168,4822,19/06/2023,6,Monday,0,0
ORD052172,4834,14/06/2023,6,Wednesday,0,0
ORD052171,4834,10/05/2023,5,Wednesday,0,0
ORD052173,4834,19/07/2023,7,Wednesday,0,0
ORD052122,4666,13/05/2023,5,Saturday,0,0
ORD052123,4666,06/08/2023,8,Sunday,0,0
ORD052125,4679,28/07/2023,7,Friday,0,0
ORD052125,4679,28/07/2023,7,Friday,0,0
ORD052128,4708,06/07/2023,7,Thursday,0,0
ORD052127,4708,02/05/2023,5,Tuesday,0,0
ORD052128,4708,06/07/2023,7,Thursday,0,0
ORD052128,4708,06/07/2023,7,Thursday,0,0
ORD052132,4726,30/05/2023,5,Tuesday,0,0
ORD052137,4741,09/07/2023,7,Sunday,0,0
ORD052138,4741,24/07/2023,7,Monday,0,0
ORD052134,4741,18/05/2023,5,Thursday,0,0
ORD052139,4741,10/08/2023,8,Thursday,0,0
ORD052134,4741,18/05/2023,5,Thursday,0,0
ORD052137,4741,09/07/2023,7,Sunday,0,0
ORD052139,4741,10/08/2023,8,Thursday,0,0
ORD052135,4741,30/05/2023,5,Tuesday,0,0
ORD052137,4741,09/07/2023,7,Sunday,0,0
ORD052137,4741,09/07/2023,7,Sunday,0,0
ORD052137,4741,09/07/2023,7,Sunday,0,0
ORD052137,4741,09/07/2023,7,Sunday,0,0
ORD052137,4741,09/07/2023,7,Sunday,0,0
ORD052139,4741,10/08/2023,8,Thursday,0,0
ORD052137,4741,09/07/2023,7,Sunday,0,0
ORD052139,4741,10/08/2023,8,Thursday,0,0
ORD052176,4845,27/06/2023,6,Tuesday,0,0
ORD052182,4852,27/06/2023,6,Tuesday,0,0
ORD052179,4852,28/04/2023,4,Friday,0,0
ORD052182,4852,27/06/2023,6,Tuesday,0,0
ORD052182,4852,27/06/2023,6,Tuesday,0,0
ORD052181,4852,06/05/2023,5,Saturday,0,0
ORD052181,4852,06/05/2023,5,Saturday,0,0
ORD052182,4852,27/06/2023,6,Tuesday,0,0
ORD052179,4852,28/04/2023,4,Friday,0,0
ORD052179,4852,28/04/2023,4,Friday,0,0
ORD052184,4855,27/07/2023,7,Thursday,0,0
ORD052184,4855,27/07/2023,7,Thursday,0,0
ORD052187,4859,19/05/2023,5,Friday,0,0
ORD052191,4867,30/05/2023,5,Tuesday,0,0
ORD052194,4867,30/07/2023,7,Sunday,0,0
ORD052192,4867,31/05/2023,5,Wednesday,0,0
ORD052191,4867,30/05/2023,5,Tuesday,0,0
ORD052196,4877,31/05/2023,5,Wednesday,0,0
ORD052197,4877,09/06/2023,6,Friday,0,0
ORD052211,4898,03/07/2023,7,Monday,0,0
ORD052367,5272,02/08/2023,8,Wednesday,0,0
ORD052363,5272,09/05/2023,5,Tuesday,0,0
ORD052364,5272,10/06/2023,6,Saturday,0,0
ORD052363,5272,09/05/2023,5,Tuesday,0,0
ORD052366,5272,14/07/2023,7,Friday,0,0
ORD052369,5272,08/08/2023,8,Tuesday,0,0
ORD052369,5272,08/08/2023,8,Tuesday,0,0
ORD052362,5272,08/05/2023,5,Monday,0,0
ORD052363,5272,09/05/2023,5,Tuesday,0,0
ORD052367,5272,02/08/2023,8,Wednesday,0,0
ORD052370,5277,02/05/2023,5,Tuesday,0,0
ORD052371,5286,02/05/2023,5,Tuesday,0,0
ORD052374,5296,30/04/2023,4,Sunday,0,0
ORD052374,5296,30/04/2023,4,Sunday,0,0
ORD052375,5296,16/05/2023,5,Tuesday,0,0
ORD052375,5296,16/05/2023,5,Tuesday,0,0
ORD052374,5296,30/04/2023,4,Sunday,0,0
ORD052157,4801,01/06/2023,6,Thursday,0,0
ORD052154,4801,21/05/2023,5,Sunday,0,0
ORD052161,4801,21/06/2023,6,Wednesday,0,0
ORD052153,4801,12/05/2023,5,Friday,0,0
ORD052165,4801,30/07/2023,7,Sunday,0,0
ORD052161,4801,21/06/2023,6,Wednesday,0,0
ORD052157,4801,01/06/2023,6,Thursday,0,0
ORD052160,4801,13/06/2023,6,Tuesday,0,0
ORD052158,4801,06/06/2023,6,Tuesday,0,0
ORD052165,4801,30/07/2023,7,Sunday,0,0
ORD052167,4822,21/05/2023,5,Sunday,0,0
ORD052169,4823,30/11/2023,11,Thursday,0,0
ORD052174,4834,26/07/2023,7,Wednesday,0,0
ORD052174,4834,26/07/2023,7,Wednesday,0,0
ORD052174,4834,26/07/2023,7,Wednesday,0,0
ORD052182,4852,27/06/2023,6,Tuesday,0,0
ORD052326,5228,07/06/2023,6,Wednesday,0,0
ORD052328,5228,26/06/2023,6,Monday,0,0
ORD052336,5230,25/05/2023,5,Thursday,0,0
ORD052340,5230,21/07/2023,7,Friday,0,0
ORD052339,5230,19/07/2023,7,Wednesday,0,0
ORD052335,5230,21/05/2023,5,Sunday,0,0
ORD052335,5230,21/05/2023,5,Sunday,0,0
ORD052333,5230,14/04/2023,4,Friday,0,0
ORD052345,5233,24/06/2023,6,Saturday,0,0
ORD052342,5233,11/06/2023,6,Sunday,0,0
ORD052347,5238,12/05/2023,5,Friday,0,0
ORD052350,5239,31/05/2023,5,Wednesday,0,0
ORD052349,5239,30/05/2023,5,Tuesday,0,0
ORD052351,5239,05/06/2023,6,Monday,0,0
ORD052353,5239,09/07/2023,7,Sunday,0,0
